xy_e_freq_m_4.69,xy_e_freq_e_1.41,xy_e_freq_m_1.25,t_freq_e_2.34,z_freq_e_2.97,z_freq_e_4.22,t_freq_m_0.78,t_freq_e_1.72,xy_e_freq_m_3.59,t_freq_e_0.78,t_freq_e_3.75,z_freq_m_0.47,z_freq_e_3.75,xy_e_freq_e_0.47,z_freq_m_4.53,t_freq_e_4.06,z_freq_m_1.09,xy_e_freq_e_2.34,xy_e_stddev,xy_e_freq_e_3.13,z_freq_m_4.69,xy_e_freq_e_1.56,mcr_t,xy_e_freq_m_0.63,mcr_z,t_freq_m_1.25,z_freq_m_0.31,t_freq_m_4.22,xy_e_freq_e_0.31,xy_e_freq_m_1.41,xy_e_freq_m_1.09,t_freq_m_3.91,t_freq_e_3.59,xy_e_freq_m_3.44,xy_e_freq_m_0.47,t_freq_m_1.56,t_freq_m_4.38,z_e_mean,z_freq_e_3.59,xy_e_freq_m_4.38,xy_e_freq_e_0.63,t_freq_e_2.50,xy_e_freq_m_4.53,t_freq_e_2.66,z_freq_e_2.81,xy_e_freq_e_1.72,t_freq_m_0.63,t_freq_e_3.44,corr_z_e_xy_e,z_freq_e_4.38,xy_e_freq_m_3.28,t_freq_e_0.63,xy_e_freq_e_2.19,z_dwt_avg_-5,z_dwt_avg_-6,z_dwt_avg_-7,z_dwt_avg_-8,t_freq_e_1.88,t_freq_m_1.41,z_dwt_avg_-9,z_freq_m_0.16,z_freq_e_3.44,z_freq_m_4.84,z_freq_e_0.94,z_dwt_avg_-0,z_dwt_avg_-1,z_dwt_avg_-2,z_peak_d_mean,xy_e_freq_e_4.84,z_dwt_avg_-3,z_dwt_avg_-4,z_dwt_norm_-8,z_freq_e_4.69,z_dwt_norm_-7,z_dwt_norm_-6,z_dwt_norm_-5,xy_e_freq_m_0.31,z_dwt_norm_-9,xy_e_freq_e_4.06,z_dwt_norm_-0,xy_e_freq_e_4.69,z_dwt_norm_-4,xy_e_freq_e_1.88,t_freq_m_3.75,z_dwt_norm_-3,xy_e_freq_e_3.44,z_dwt_norm_-2,z_dwt_norm_-1,t_freq_m_1.72,xy_e_freq_e_0.00,t_freq_m_4.53,z_freq_m_0.00,z_freq_m_3.28,xy_e_freq_e_3.59,t_freq_e_2.03,z_freq_m_2.97,z_freq_e_4.53,xy_e_freq_e_4.53,xy_e_freq_e_2.81,z_freq_m_4.22,t_freq_m_2.97,z_freq_e_0.78,t_freq_e_1.25,xy_e_freq_m_0.16,t_freq_m_4.69,xy_e_freq_m_3.13,z_freq_m_3.13,t_freq_e_2.19,t_freq_m_0.94,t_freq_m_3.59,xy_e_freq_m_4.84,z_freq_e_3.91,xy_e_freq_e_3.28,z_freq_m_2.81,xy_e_freq_e_4.22,z_freq_m_4.38,xy_e_freq_e_2.66,z_freq_e_4.84,t_freq_p1,z_freq_e_0.63,xy_e_freq_m_2.03,t_freq_p3,t_freq_p2,angle_mean,t_freq_e_3.91,t_freq_e_0.94,t_freq_m_2.81,t_freq_e_1.56,xy_e_freq_m_0.00,xy_e_freq_e_4.38,t_freq_m_3.44,xy_e_freq_e_2.50,t_freq_p4,t_freq_m_4.84,t_freq_e_1.41,t_freq_m_1.88,xy_e_freq_e_0.16,z_stddev,z_freq_m_1.88,z_dwt_ar_-7,z_dwt_ar_-6,z_dwt_ar_-9,t_freq_m_2.66,z_dwt_ar_-8,z_dwt_ar_-3,z_dwt_ar_-2,z_freq_e_0.16,z_dwt_ar_-5,z_dwt_ar_-4,z_dwt_ar_-0,z_freq_m_2.50,z_dwt_ar_-1,t_freq_m_0.00,z_freq_e_1.09,z_e_stddev,xy_e_freq_e_3.75,z_freq_e_2.19,z_freq_m_3.75,t_freq_m_2.50,z_peak_stddev,xy_e_freq_p3,z_freq_e_1.25,xy_e_freq_p4,z_peak_mean,z_freq_m_2.66,xy_e_freq_p1,xy_e_freq_p2,t_freq_e_4.84,zcr_z,t_freq_e_0.00,t_freq_m_3.28,xy_e_freq_m_1.56,xy_e_freq_m_2.50,z_freq_m_3.44,xy_e_freq_m_2.19,z_freq_e_1.56,z_freq_m_2.34,z_freq_e_0.31,z_freq_m_4.06,t_freq_e_4.53,xy_e_freq_m_1.88,t_freq_m_3.13,xy_e_freq_e_3.91,z_freq_e_1.41,z_freq_e_0.47,t_freq_e_4.69,t_freq_m_2.34,t_freq_e_1.09,z_freq_p4,z_freq_p3,z_freq_p2,z_freq_p1,z_freq_e_2.03,corr_z_xy_e,z_freq_m_0.94,z_freq_m_1.72,xy_e_freq_m_1.72,xy_e_freq_m_2.34,z_freq_m_3.59,t_freq_e_2.81,t_freq_e_4.38,xy_e_freq_m_0.78,z_freq_m_2.19,z_freq_e_1.72,xy_e_freq_e_2.97,z_freq_m_1.41,t_freq_e_0.31,z_mean,t_freq_e_3.28,xy_e_freq_e_1.09,xy_e_freq_e_2.03,t_freq_m_0.47,z_freq_e_2.50,xy_e_freq_m_2.81,xy_e_freq_m_4.22,z_freq_e_3.28,xy_e_freq_m_3.91,xy_e_freq_e_0.78,z_freq_m_0.78,z_freq_m_1.56,z_freq_e_2.66,xy_e_freq_m_2.97,t_freq_e_0.47,t_freq_m_2.19,xy_e_freq_m_0.94,t_mean,t_freq_m_0.31,z_freq_e_3.13,t_freq_m_2.03,t_stddev,xy_e_mean,z_peak_d_stddev,z_kurt,z_freq_m_1.25,t_freq_m_1.09,z_freq_e_4.06,xy_e_freq_m_2.66,z_freq_e_2.34,z_freq_m_0.63,xy_e_freq_e_1.25,t_freq_e_0.16,t_freq_m_0.16,t_freq_e_4.22,z_freq_e_1.88,z_freq_m_3.91,xy_e_freq_e_0.94,xy_e_freq_m_4.06,z_freq_m_2.03,z_freq_e_0.00,angle_stddev,xy_e_freq_m_3.75,t_freq_m_4.06,t_freq_e_3.13,t_freq_e_2.97,label
0.0,0.0,2.2771859936751785E-4,0.0,0.0,2.601279738314174E-6,0.0,1.678685040159842E-4,8.027110619575189E-5,0.0,0.0,0.03429211314061458,0.0,0.013213260948172517,0.0,2.0023784983337327E-4,0.012601380251933457,0.0,8.537064946648816E-4,0.0,0.0,0.0,4,0.0,8,0.010242086076730572,0.07032034578020659,0.0029755630719394857,0.0399865561943169,0.0,4.7017791252018713E-4,0.0,5.072924569757956E-4,1.2383924300940675E-4,1.8961228569475255E-4,0.0,0.0029755630719394857,0.017136608025386676,3.1870341896571665E-4,2.35150813124791E-4,0.0,0.001432743869727281,0.0,9.334110952620448E-4,0.0012693857430666423,0.02292980193555081,0.0,6.710975329664567E-4,0.08232367969578233,1.454646641917282E-6,3.0664074371685536E-4,0.0,0.0,-0.013972567000083298,-1.63506190910244E-4,-7.020652734475067E-5,-2.5518435842756995E-5,5.018532257479448E-4,0.0,0.0,0.16321964380461862,6.297752378063543E-5,1.582621670401003E-4,0.0013999389803243882,-0.028276981216063368,-1.6340001880346797,0.408602552067293,1.389236352,0.0077132559646223755,0.05936451236603383,-0.019721345122219562,6.572567479460112E-4,0.0,0.002554605707557695,0.007673326583300969,0.020905181583703008,3.7951827896877876E-4,0.0,0.023327853793522944,1.8085213862690204E-4,0.0,0.0866657336498645,0.027230013981510537,0.0,0.17375738550732683,0.00464947387864005,0.10371019559960279,0.6038954624820713,0.0025254309060790212,0.5666917701033625,0.0,0.16321964380461862,0.0024312895895503383,0.002446622180834413,0.0016627971583699547,0.0,0.0,0.0,0.010652687933494482,3.3766963488737154E-4,0.0,0.0,0.0017569019679813077,3.7951827896877876E-4,0.0,0.0,0.0,0.0,0.020677319887717545,0.005654796766755659,1.2657806291425244E-4,0.0,0.027091211563090876,0.00723653435907855,0.024030888767741714,2.4565095716207213E-4,0.00428035196033621,6.414613800793437E-7,0.5813953488372093,0.0,2.6103465403415257E-4,2.3255813953488373,1.550387596899225,0.004614267521952991,0.0,0.006867586560204216,0.0037842489019669226,0.0,0.0015020565058803507,0.017822645632704408,0.005654796766755659,0.0038932648594885468,0.0,0.0022359178885717444,0.0,0.00547581862142094,0.0434843789165195,0.13114922244017843,0.004775971826883536,0.999342743252054,0.9967881375444962,0.0,0.007187144596926469,1.0,0.8815438957276278,0.7077865102203009,0.4712121527153557,0.9891148109611954,0.9682096293774923,1.8085213862690204E-4,0.010317463606054305,0.6040763146206982,0.21869037129906654,0.00274728336844988,0.020174400841847358,0.0,0.0,0.0,0.007187144596926469,0.15941993027896625,3.294573643410853,0.002808152196920737,5.232558139534884,0.07804558987333399,0.00723653435907855,1.1627906976744187,1.937984496124031,1.0626783640899068E-4,8,0.7090606172864196,0.004630315258241589,0.0,9.945768464263521E-5,0.001960448038171613,0.0,0.0,0.0,0.08675750994117781,0.0010028488317187715,0.0,2.4691488207353784E-4,0.0,0.0,0.0,0.030529375223360786,0.0,0.0,0.001091452171532332,0.0,0.0,0.0,0.7751937984496124,0.0013558130182271119,-0.05767529606538874,0.008275359072276812,0.004775971826883536,2.212647222059665E-4,0.0,0.004185630714707825,3.947918505138819E-4,1.6775805977748434E-4,0.0,0.0,3.747003079970695E-4,0.0,0.0,0.11991818639968203,-0.001776683672779927,5.220232102254158E-4,0.05490904074730891,0.031981427111585636,0.0484723925611315,0.0018308436709617779,1.776216362575954E-4,2.35150813124791E-4,9.382633809806835E-5,0.0,0.0,0.0,0.0,0.0010240080258991343,0.0,0.03473994757219986,0.0,4.7017791252018713E-4,0.10934518564953338,0.07827204616467286,0.0,0.009356582630479239,0.0771644057332799,7.510282529401755E-4,0.20019018876111586,-0.6179739197670653,0.012601380251933457,0.00760689456164343,1.6704723381974226E-5,1.0702553757491264E-4,0.0,0.0,0.012992913997079646,0.11911093275418577,0.07827204616467286,1.8623263797052132E-4,5.650235803358195E-4,0.0,0.0606725795301168,2.2903671768299786E-4,0.00870729273403952,0.3976289038359364,0.0043463309953673465,0.0,0.0031374982619213447,0.0,0.0,LiftAD
0.0,0.0,0.0,0.0,0.0,0.0,0.0,0.002542663654397338,0.0,0.0,0.0,0.0,0.0,0.0,0.0,0.0,0.0,0.0,8.161794159075754E-4,0.0,0.0,0.0,4,0.0,3,0.0,0.0,0.0,0.0,0.0,0.0,0.0,0.0,4.201836877713065E-4,0.0,0.0,0.0,0.05911229181640986,0.0,0.0,0.0,0.0,0.0,0.0,0.0,0.03435224807851149,0.0,2.480071768067618E-4,0.04043443073793493,0.0,0.0,0.0,0.0,-0.007154381803846033,-0.0024179506225721174,-8.487657474556961E-4,0.0,0.0,0.0,0.0,0.0,0.002368006535975971,0.0,0.0,-0.3240894903903966,-2.7631668210014038,-0.12920786608592522,0.522857728,0.0,0.060276656851000004,-2.6048822140498085E-4,0.0,0.0,9.256828088308154E-4,0.0035963291671625487,0.014048646904320908,0.0,0.0,0.0,0.010456789218814773,0.0,0.0428209949116777,0.0,0.0,0.14359904328618894,0.052414878568746166,0.024431622447602018,0.7601208912554023,0.021386906270817324,0.9132328733527424,0.0,0.3103318620983886,0.0,0.0,0.0,0.0,0.0,0.0,0.0,0.0,0.0,0.0,0.0,0.0,0.0,0.0,0.0,0.0,0.0,0.0,0.0,0.0,0.0,0.0,0.0,0.0,0.0,0.0,0.8620689655172413,0.0,0.0,4.022988505747127,2.2988505747126435,0.003182360087728564,0.0,0.0,0.0,0.0,0.001809253243153279,0.0,0.005901915765175672,0.0,0.0,0.0,0.0,0.0,0.0,0.24380595648579453,0.0,1.0,0.9990743171911692,0.0,0.0,0.0,0.9386083462080081,0.7950093029218191,0.0,0.9954779880240067,0.9814293411196858,0.010456789218814773,0.0,0.770577680474217,0.4160284044248336,0.0,0.05856706204227826,0.0,0.0,0.0,0.0,0.11438464596780841,5.172413793103448,0.0,0.0,0.3528484004276725,0.0,2.2988505747126435,3.735632183908046,0.0,3,0.9972093291687959,0.0,0.0,0.0,0.01409503791516478,0.0,0.0,0.0,0.0,0.0,0.0,0.0,0.0,0.0,0.0,0.0,0.0,0.0,0.0,0.0,3.735632183908046,2.0114942528735633,0.8620689655172413,0.0,-0.2785822839596253,0.0,0.023555991388976273,2.949889336978234E-4,0.0,0.0,0.0,0.0,0.0,0.0,0.005947640724805683,0.0,0.0,0.0,-0.0035446185124794497,0.0,0.0,0.0,0.0,0.0,0.0,0.0,0.0,0.0,0.0,0.0,0.0,0.0,0.0,0.0,0.0,0.0,0.2080142022124167,0.0,0.0,0.0,0.12978371871155464,9.046266215766395E-4,0.0,-1.0468754798130293,0.0,0.0,0.0,0.0,0.0,0.0,0.0,0.0,0.0,0.0,0.0,0.0,0.0,0.0,0.0,0.9916843527392183,0.002710648166981984,0.0,0.0,0.0,0.0,LiftAD
0.0,0.12322553864826058,0.0,0.0,0.0,0.0,0.0,0.0,4.5578167859416024E-4,0.0,0.0,0.17246812838567305,0.0,0.007178323738331062,0.0,0.0,0.0,0.0,0.0026623096239370273,0.07482380403885226,0.0,0.0,4,0.0,3,0.0,0.0,0.0,0.0,0.0013197221427582691,0.0,0.0,7.552150104949033E-5,0.0,4.241718686965112E-4,0.0,0.004571044504284645,0.051739084062212795,1.4365273992756242E-4,0.0013288734189503219,0.0,0.0,0.0,0.0013431641778439208,0.0,0.0,0.0,0.0,0.12266442593727532,3.396481974264712E-5,0.0,0.0,0.01762632714493733,-0.01072512118131912,-0.003771937149646438,-0.0013323187664848312,0.0,0.0,0.02168943242755485,0.0,0.0,0.0,0.001048501441342114,0.011186010107207524,-0.5258994695915947,-2.2977932140431863,-0.10278705497241691,0.520233154,0.013260490281770248,-0.083510570310012,-0.044902788246448014,0.0,0.0,6.698140090641948E-4,0.0026505877098438467,0.01042775582453605,0.0,0.0,0.0,0.027736785882334507,0.0,0.040341658758075875,0.0,0.0,0.13638658625515973,0.0,0.2522787781257624,0.5295080334352236,0.0,0.5763209604632805,0.0,0.2656916483851171,0.0,0.009798440050929667,0.0,0.0,0.0,0.0,0.0,0.0,0.0,0.0,0.0,0.0,0.0,0.0011172601651754641,0.00983166148473285,0.002924856112120588,0.02334309531680287,0.0027018452010194945,5.813960954591976E-4,0.0,0.0,0.0,0.0,0.0014446467309377662,0.046166820921768596,1.940336791222608E-5,0.7317073170731707,0.0,0.0,0.0,2.926829268292683,0.0017779379848712662,0.0,0.0039004763665690233,0.0,0.0,0.003849236581800188,0.07068818822165006,0.0,0.0,0.0,0.0032437259268646573,0.0052409406448112004,0.0,0.0,0.22800667035306932,0.0,1.0000000000000004,0.9993301859909361,0.0,0.015246343619883806,0.0,0.9459101836984803,0.8095235974433206,0.0,0.9966795982810923,0.9862518424565563,0.027736785882334507,0.0,0.5572448193175581,0.37903614629629834,0.0,0.0579318303815547,0.0,0.0028175161362830768,0.0,0.0,0.0935147073584619,4.634146341463414,0.0,0.0,0.3606472407274676,0.0025440707374037447,1.4634146341463414,3.1707317073170733,9.136339010126797E-5,3,0.894354929065839,0.0,0.0,0.0,0.0,6.273132957005424E-4,0.0,0.0,0.0,0.0,0.0,0.0,0.0020198482121132,0.0,0.005258488418803135,0.29504678212730684,0.0,0.0,0.0,0.0,3.1707317073170733,1.951219512195122,0.975609756097561,0.0,-0.20290438289733712,0.028112559789856564,0.0,0.0,0.0,0.0034999184846933266,0.0,2.21985141672306E-4,0.0,0.01595107586063571,0.0,0.0,0.02148820762138503,0.0,-0.0023743761727693926,0.0,0.0,0.0,0.09173462749389932,0.0,0.0,0.0,0.0,0.0,0.0,0.0,0.0,8.099420513421321E-5,0.0,0.0918213953361718,0.01723191894787133,0.0011877809459388193,0.18951807314814903,0.0,0.0010212146588606747,0.0,0.13354248556871848,0.0019246182909000943,0.0,-0.7702844096899493,0.0,0.0,0.0,0.0010624423379053992,0.0,0.0,0.0,0.0,0.0,0.0,0.0,0.0,0.06091110649021985,0.0,0.0,0.6843919734188222,0.0013585512401214617,0.0,0.0,2.5368263821106774E-5,0.0,LiftAD
0.0,0.0,9.108391156874687E-4,0.0,3.468092629197666E-4,5.857059724391329E-6,0.0,0.004059056575556724,0.0,0.0,7.899335015208974E-4,0.17276861689782672,0.0014068718055257948,0.017127469840904005,0.0,0.0,0.0,0.0,0.002263409994224062,0.0,0.0,0.0,4,0.0,4,0.020515622295465902,0.0,0.009158274205088378,0.0,0.0,0.0,0.0,0.0,0.0,4.94937557776782E-4,0.0,0.0,0.05197687078548019,0.0,0.0,0.0,0.0013591231194506914,0.0,0.0,0.0,0.02834484891796434,0.0,0.0,-0.0017474693099242692,0.0,0.0,0.0,0.0,-0.010566224642054813,-0.0036949875413167885,-0.0013045516126126513,0.0,0.0,0.0,0.0,0.0,0.0,0.0,0.0,-0.4873594596505997,-1.845392416635257,-0.045673112603123234,0.520019531,0.0,-0.18509780292295622,-0.0054283191907088454,0.0,0.0,8.937349056429004E-4,0.00349614820153685,0.01279768220573321,0.0,0.0,0.0,0.02497565418135226,0.0,0.05070419212160091,0.0,0.011198384340244014,0.09344094944781824,0.0,0.4555988831252419,0.35809275581107386,0.027251144400970675,0.7941513149887386,0.0,0.2635926990922959,0.0,0.0,0.0,0.005041765687890339,0.0,0.0,0.0,6.370504636089681E-4,0.010070696102093877,0.0,0.003847689453077608,0.0,0.0,0.0,0.0,0.0,0.0,0.0,0.0,0.0,0.0,0.0,0.018658842397785414,0.0,0.0,0.0,0.75,0.0,0.0,0.0,1.75,0.002493475708228472,0.0,0.0,0.0,0.0,0.00451696554874874,0.0,0.0,0.024391733248080576,0.0,0.0,0.0,0.0,0.0,0.22851943943165165,0.0,1.0000000000000002,0.9991062650943572,0.0,0.0,0.0,0.9321082425654862,0.838667293117668,0.0,0.9956101168928203,0.982812434687087,0.02497565418135226,0.007703620191135436,0.38306840999242614,0.38919219179358694,0.0,0.05710394885235385,0.018723296007439365,0.0,0.01111595898419389,0.01203133471265141,0.09316512639604667,5.25,0.012284318788549612,0.0,0.35595223749176086,0.0,1.5,3.0,0.0,4,0.9010680669290487,0.0,0.0,6.136697742057346E-4,0.0,0.0,0.0,0.0,0.0,0.0,0.0,0.0,0.0,0.0,0.0,0.3009608464618352,0.0,0.0,0.0,0.0,3.75,2.0,1.0,0.0,-0.26641493874903005,0.0,0.020046960114624937,8.573239679453182E-4,0.0,0.0,0.0,0.0,0.0,0.0,0.003930798459335154,0.06454498590897649,0.0,0.0,0.004103932055318485,0.0,0.0,0.0,0.09221808741196443,0.0011324158039642256,0.0,5.973296981678494E-4,0.0,0.0,0.0,0.0,0.0,0.0,0.001215280958538084,0.0878134795698515,0.0,0.0,0.19459609589679336,0.0,0.0,0.0,0.1282574085024306,0.0022584827743743698,0.0,-0.7661218132941343,0.025592372007128297,0.0,0.0,0.0,0.0,0.0,0.034057508690111274,0.0,0.0,4.666781117182623E-4,0.0,0.0,0.0,0.0,0.0,0.679932082358146,0.0025030270088112756,5.475009389286484E-4,0.0,0.0,5.959727397753956E-4,LiftAD
5.745485367674001E-4,0.0,0.0,0.0,0.0012005405802778231,4.334207047724032E-5,0.0,0.0017740968510410553,0.0,0.0,0.0,0.1272974551102378,0.0,0.04936063898253421,0.0,0.0,0.0,0.0,0.004274987870991867,0.0,9.875607438001154E-4,0.0,4,0.0,4,0.0,0.0,0.004347752713097894,0.0,0.0,0.0,0.0,0.0,8.314788140460387E-4,0.0015790753548190024,0.0,0.0,0.03590510744123358,0.0,0.0,0.0,0.0,0.0,0.0,0.0,0.03336037944908796,0.0,0.001092184666691666,0.07091928040445368,0.0,0.0,0.0,0.0734469385941745,-0.010803844987296612,-0.003867960700325319,-0.00137062409943811,0.0,0.0,0.0,0.0,0.0,0.0023982344533631694,0.0,0.009474113761504373,-0.9782157961842096,-0.5570948739906555,-0.31159878753708453,0.0,0.0,-0.11059955330906633,-0.036535472472811255,0.0,2.425028352997131E-5,6.239045643156634E-4,0.002451257343882256,0.008857942200028647,0.0,0.0,0.0,0.18284780863853944,0.005528996198231201,0.04339244538924456,0.0,0.0,0.08744820590616575,0.013640385080354284,0.6150751522386684,0.05930328371915522,0.012000494224511027,0.7092183797230283,0.0,0.2296167301541081,0.0,0.0,0.0,0.008746144405685177,0.0,0.0,0.0,0.0013504931431688439,0.012096919301672395,0.0,0.0,0.0,0.0025805810739247203,0.0,0.0,0.0010170596461622626,0.019644102171461307,0.0,0.0,0.0,0.0,0.0,0.03293546612194742,0.0,0.0,0.0,0.746268656716418,0.0,0.0,3.2338308457711444,1.9900497512437811,0.0012677500594268673,0.0,0.00347062854394382,0.0,0.0,0.006004875951055636,0.0,0.009997495982042677,0.0,0.0,0.0,0.0,0.0,0.0,0.18932132166166762,0.0,1.0000000000000002,0.9993760954356844,0.0,0.0,0.0,0.944674450502529,0.8572262445963632,0.0,0.9969248380918022,0.9880668958917735,0.18284780863853944,0.0,0.24215109235769466,0.3416617396889753,0.0,0.035682764003616384,0.0,0.006262635898820651,0.0,0.0,0.0,3.9800995024875623,0.0,0.0,0.0,0.0,1.243781094527363,2.736318407960199,0.0,6,0.9217872581237844,0.0,0.0,0.0,0.012166204024981551,0.0017559907518463784,0.0,0.0,0.0,0.0,0.0,0.0,0.0,0.0,0.0,0.22831269969365553,7.986596039893996E-5,0.0,0.0,0.0,0.0,3.482587064676617,1.7412935323383085,0.0,-0.03376129605384387,0.018615391050824603,0.019085372699710883,0.0012105017652773165,0.0,0.0,0.0,0.0,0.0,0.01707122083128793,0.006630613847062576,0.03720450324679116,0.0,0.0,-0.01551985224320362,0.0,0.0,0.0,0.07910012769764213,0.0,0.0,0.0010655414448072558,0.0,0.0,0.0,0.0,0.0,0.0,0.001458434544827321,0.06937114498932642,0.011186943374830373,0.0015199169460196886,0.1708308698444875,0.0,0.0,0.0,0.098858389232082,0.0030024379755278167,0.0,-1.0831757254392003,0.0,0.0,0.0,0.0,0.0,0.0,0.0,0.0,0.0,1.5148198007917816E-4,0.0,0.0,0.045304312603851184,0.0,0.0,0.7456535694113087,0.0010591932748552912,0.0,0.0,0.0,0.0012562792385722103,LiftAD
0.0,0.0,2.1477421714566317E-4,0.0,0.0,0.0,0.0,0.0011422373353854316,0.0,0.0,0.0012279785141053811,0.1582962016846797,0.002029519475077909,0.05687948501079784,2.5997270627912316E-4,0.0,0.0,0.0,0.0015024525854655884,0.0,0.0,0.0,4,0.0,4,0.01679937800317488,0.0,0.0,0.0,0.0,0.0,0.0,0.0,0.0,6.26125061382993E-4,0.0,0.0,0.04994219280626878,0.0,0.0,0.0,0.0012212016072428399,4.6749846535974667E-4,0.0,0.0,0.03308205898217938,0.0,0.0,0.10891131467787438,0.0,7.796426455604687E-5,0.0,0.0,-0.006445952253933596,-0.0022659035041253436,-8.008782945258461E-4,0.0,0.0,0.0,0.0,0.0,0.0,0.0,0.0,-0.38255816418996447,-2.639981096330782,-0.07969104571333013,0.522571264,0.0,0.024629788349675774,-0.021496542392663,0.0,0.0,7.962113830319847E-4,0.003098140547543748,0.011379300628289506,0.0,0.0,0.0,0.015353232961833139,0.0,0.033889114193793805,0.0,0.013010463530865574,0.15158541766722206,0.0,0.0527485149305968,0.731150067687689,0.013875505400402232,0.8126853161640689,0.004829534918329897,0.26829289125539885,0.011458755111309804,0.0,0.0,0.0,1.0621800303488219E-6,0.025997606512587923,0.0,0.0,0.0,0.0,0.0029520163767686653,0.0,0.0,0.0,0.0,0.0,0.0,0.0,0.0,0.0,9.271678344310324E-4,0.0,0.0,0.0,0.0,0.0,0.7575757575757576,0.0,0.0,0.0,2.272727272727273,4.914241445695162E-4,0.0,0.0,0.0,0.0,0.0026801866117186273,0.0,0.0,0.027259504013740814,0.0,0.0,0.0,0.0,0.0,0.22403635452757514,0.0,0.9999999999999998,0.9992037886169679,0.0,0.0,0.0,0.9508372332473409,0.7992518155801189,0.0,0.9961056480694241,0.9847263474411346,0.015353232961833139,0.0016608516435974293,0.7465033006495221,0.3707500952450332,0.0,0.05457313417671947,0.03573190156605379,0.0,0.013720872181769478,0.013848512188616213,0.2273865663372162,0.0,0.0056938393879445055,0.0,0.2591395868871188,0.0,2.272727272727273,4.797979797979798,0.0,4,0.8915770971258195,0.008336529649996307,0.0,4.6200767792859516E-4,0.0,0.0,0.0,0.0,0.0,0.0,2.09619334476316E-4,0.0,0.0,0.0,0.0,0.2581921127955665,0.0,0.0,0.0,0.0,3.787878787878788,2.0202020202020203,1.0101010101010102,0.0,0.44847377601661054,0.0,0.01984348068004863,5.738286007738835E-4,0.0,0.0,0.0,0.0,0.0,0.0,0.004345937508703327,0.0,0.0,0.0,-0.0018441965897061255,5.558957322012566E-4,0.0,0.0,0.09502849440539424,4.671393369160898E-5,0.0,0.0,0.0013333137740376558,0.0,0.0,0.0,0.0,0.0,0.0,0.10111395397400083,0.0,0.0,0.18537504762251641,0.0,0.0,0.0,0.13040037546568212,0.0013400933058593132,0.0,-0.8262710747815594,0.01697884638815231,0.0,0.0,0.0,0.0,0.0,0.007436959916140395,0.0,0.0,0.0,0.0,0.0,0.0,0.0,0.0,0.7283575009449482,3.540416282314138E-4,4.522250574625411E-4,0.0,0.0,0.0,LiftAD
0.0,0.0,5.192560722030848E-4,0.0,5.986128494741472E-4,2.3136993182749032E-5,0.0,0.0031391904019988227,0.0,0.0,7.455434647719215E-4,0.16373325264542649,9.910542432473141E-4,0.10027779129226207,0.0,0.0,0.0,0.0,0.0015418971802997766,0.0,0.0,0.0,6,0.0,4,0.020079206343296647,0.0,0.004514170749236894,0.0,0.0,0.0,0.0,0.0,0.0,8.681023174837057E-4,0.0,0.0,0.051380238659975895,0.0,0.0,0.0,0.0018616836363928959,0.0,0.0,0.0,0.031241926757392572,0.0,0.0,-0.010747504915651724,0.0,0.0,0.0,0.0,-0.007288753730058082,-0.0026313521481887243,-9.327669764659687E-4,0.0,0.0,0.0,0.0,0.0,0.0,0.0,0.0,-0.4437346487961793,-2.533340515730651,-0.07183375670962194,0.52374272,0.0,0.04144103101457902,-0.02355543176700032,0.0,0.0,7.486228389159389E-4,0.0029433407604583443,0.010753098916260893,0.0,0.0,0.0,0.020250870010530716,0.0,0.02706718689043131,0.0,0.008200921629944475,0.17259530809761311,0.0,0.10558047032110125,0.6600611021646885,0.022167009328242747,0.7153604765994656,0.0,0.26929693067899474,0.0,0.0,0.0,0.007137575970473942,0.0,0.0,0.0,0.0011852932537760557,0.010304409296607637,0.0,0.003672743268562479,0.0,0.0,0.0,0.0,0.0,0.0,0.0,0.0,0.0,0.0,0.0,0.02100035420624014,0.0,0.0,0.0,0.7537688442211056,0.0,0.0,0.0,1.7587939698492463,0.001463824490263814,0.0,0.0,0.0,0.0,0.0028422280893509646,0.0,0.0,0.01638808912332862,0.0,0.0,0.0,0.0,0.0,0.22723718339533983,0.0,1.0000000000000002,0.9992513771610843,0.0,0.0,0.0,0.9584877505939335,0.7858924424963205,0.0,0.9963080364006258,0.9855549374843648,0.020250870010530716,0.005839252162476182,0.6803119721752192,0.37755379672062855,0.0,0.057052929292325937,0.030825592129491073,0.0,0.00884187982782751,0.01771568768453747,0.1159644138586077,4.522613065326633,0.008161295836874445,0.0,0.35090565426767883,0.0,0.7537688442211056,3.2663316582914574,0.0,4,0.8921422009073638,0.0,0.0,4.071457211001765E-4,0.0,0.0,0.0,0.0,0.0,0.0,0.0,0.0,0.0,0.0,0.0,0.26987707357384955,0.0,0.0,0.0,0.0,0.0,2.0100502512562812,1.0050251256281406,0.0,0.060319810103840694,0.0,0.021037063861440546,4.3339453025889596E-4,0.0,0.0,0.0,0.0,0.0,0.0,0.004798498096814775,0.04917489318488387,0.0,0.0,-0.0017269150474383292,0.0,0.0,0.0,0.09783376633230415,6.673228734134199E-4,0.0,4.6421293979247933E-4,0.0,0.0,0.0,0.0,0.0,0.0,7.009993599477396E-4,0.09743948621182084,0.0,0.0,0.18877689836031422,0.0,0.0,0.0,0.13134430108549341,0.0014211140446754819,0.0,-0.7860942537939719,0.02333387349509084,0.0,0.0,0.0,0.0,0.0,0.03573087670693603,0.0,0.0,1.2697639571136135E-4,0.0,0.0,0.0,0.0,0.0,0.7148830055331437,9.027646858374808E-4,5.390594993349475E-4,0.0,0.0,8.721757133777034E-4,LiftAD
0.00419811837979692,0.0,0.0,0.0,1.002105341515357E-4,0.0,0.0,0.005586168009088982,0.0,0.0,0.0,0.05355676150709597,0.0,0.20629243575469497,0.0,0.0,0.0,0.0,0.015948261640998714,0.0,1.909118067567996E-4,0.0,7,0.0,4,0.0,0.0,0.0,0.0,0.0,0.0,0.007970086881048687,0.0,0.0024343765858883338,0.0065057336352278014,0.0,0.0,0.021517984480530723,0.0,0.0,0.0,0.0,0.0,0.0,0.0,0.08596477900589009,0.0,4.3233196340457887E-4,-0.11970791363284419,0.0,0.0,0.0,0.0642079362041362,0.001414372278154621,4.2874644682293437E-4,1.466272535522616E-4,0.0,0.0,0.0,0.0,0.0,3.3608515190212E-4,0.0,0.005392890945909875,-1.1590052923111958,0.1877138432178539,0.12803520967280255,1.087707392,0.0,-0.020036751793820515,-0.0022342898537332217,0.0,1.063738569909429E-6,5.908614558746483E-4,0.0022965641276928035,0.009112631624092303,0.0,0.0,0.0,0.5663977581146629,0.09066105673321595,0.024339939895642877,0.0,0.0,0.07599785354562197,0.026115110957291562,0.30640697500015895,0.014857416236253647,0.0201530336014639,0.33326617269356595,0.0,0.19795472837896805,0.0,0.0,0.0,0.0016694847095914905,0.0,0.0,0.0,0.0,0.00297834497819084,0.0,0.0,0.0,0.011197179949618517,0.0,0.0,0.0027688833611919537,0.026163071188953932,0.0,0.0,6.969513023443736E-4,0.0,0.0,0.0,0.0,0.0,0.0,0.9900990099009901,0.0,0.0,0.0,1.9801980198019802,4.522453879572044E-4,0.0014018668667277708,0.010362178795968652,0.0,0.0,0.00863707215025532,0.0,0.005496147033441762,0.0,0.0,0.0,0.0,0.0,0.0,0.14666062334587213,0.0,1.0,0.9994091385441253,0.0,0.0,0.0,0.9636600028966974,0.8876621493510755,0.0,0.9971125744164325,0.9879999427923402,0.5663977581146629,0.0,0.5812551743509166,0.2749101756244999,0.0,0.0216267043196834,0.0,0.002780428159055977,0.0,0.0,0.15154260289518584,4.9504950495049505,0.0,6.930693069306931,0.1525435280759341,0.0,0.7425742574257426,1.9801980198019802,0.0,4,0.8587455377064512,0.0,0.0,0.0,0.0030644177770107117,0.00366352696810006,0.0,0.0,0.0,0.0,0.0,0.0,0.0,0.048036578097028285,0.0,0.06810837087368746,0.0025439765939777046,0.0,0.0,0.0,0.0,0.0,0.7425742574257426,0.0,0.16039494179625768,0.010802849924492042,0.012380200497907126,0.004011127233468965,0.0,0.0,0.0,0.0,0.0,0.008546760918639481,0.003681434336175228,0.023123726738888278,0.0,0.0,-0.010729767648802336,0.0,0.0,0.0,0.10021834900168389,0.0,0.0,0.0,0.0,0.003134157575420489,0.0,0.0,0.0,0.0,0.002113312985170518,0.11805206218665217,0.012676108689818546,0.005011462353905835,0.13745508781224994,0.0,0.0,0.0,0.08352939473718869,0.00431853607512766,0.0,-0.9839922292910952,0.0,0.0,0.0,0.0,0.0,0.0,0.0,0.0,0.0,0.0,0.0,0.0054390732637989376,0.1223322038152887,0.0,0.0,0.9189025649582037,8.476557711274093E-4,0.0,0.0,0.0,1.0699451653679623E-4,LiftAD
5.044529869696224E-4,0.0,0.0,0.0,0.0,2.4440362814363832E-5,0.0,3.9178708868861867E-4,0.0,0.0,3.902212079147456E-4,0.0,2.579076355337065E-4,0.0,0.0,0.0,0.01294864981850315,0.0,0.0024627192002862237,0.017619853040143543,5.611865381811864E-4,0.03405431132220083,8,7.440873922272206E-4,5,0.0,0.0,0.005554727711640854,0.0,0.0,0.0010788245547518568,0.0,0.0,0.0,0.0,0.011586613736277476,0.0,0.01985152430837491,0.0,0.0,0.050607162658411635,0.0,0.0,0.0018495845861805473,0.0,0.03515529580348429,0.025518629825564864,0.0,0.02228900212426271,0.0,5.366795494287376E-4,0.013184616793212603,0.01793218160524401,-0.0027314567535294894,-9.50347101968446E-4,-3.354819289021753E-4,0.0,0.0,0.0,0.0,0.18624428491840653,0.0,0.0,0.0,-1.1225383090588243,-0.22429646534497205,0.13010679977583625,1.067504896,0.0,-0.034169626974017445,0.023165846690289642,0.0,7.0110047811810945E-6,0.0015412483982219529,0.005860798520788805,0.02340186973764564,0.0,0.0,0.0,0.5545243390983612,0.0241893327624069,0.051329747085736434,0.0,0.004530020321771814,0.08091550457641358,0.0,0.2602872310906554,0.022139261492176904,0.004313874249105873,0.5074305862838127,0.0,0.18624428491840653,0.00686860817762389,0.0,0.0,0.0,0.0,0.0,0.0,0.0011269684421418681,0.0,0.0,0.0,0.001430244360440449,0.004666524268286964,5.098500483509264E-4,0.011558705605663433,0.0034098086980840644,0.0,0.0,0.0,0.0,0.027769071315829955,0.0,0.008285690082970847,0.0,0.003823738501093177,0.0,0.672645739910314,0.03864309285448546,0.0,2.4663677130044843,1.5695067264573992,0.010449352300364794,0.0,0.0,0.0,0.0019646360937059753,0.0028226970875442877,0.0,0.0,0.0,0.0,0.0,0.0,0.0,0.15953915523791443,0.14118060591420947,0.0,1.0,0.998458751601778,0.0,0.00932734369913916,0.0,0.9178663362576072,0.8369508316811936,0.47991899524775117,0.9925979530809892,0.9691960833433435,0.5545243390983612,0.0,0.5766636005905382,0.24823572007420516,0.003732221035376287,0.021775417696812037,0.014262434231552115,0.002990441250759668,0.003907754963648441,0.0,0.163191123060567,5.381165919282512,0.0,6.95067264573991,0.13725100947836,0.014114275810576287,1.345291479820628,3.587443946188341,0.0,5,0.8418988864106185,0.006251995144964344,5.812304580588014E-4,0.0,0.0,4.7137171210272124E-4,4.0084861470642414E-4,0.0,0.0,0.0,0.0,0.0,0.006251995144964344,0.0,0.0,0.0,5.869205102024568E-4,0.0,0.00670259746624138,0.0,0.0,2.690582959641256,0.672645739910314,0.0,-0.11159462751569395,0.0,0.0028903704735786513,5.965709038772708E-4,0.0,0.0,0.0,0.0,0.0,0.012348749870071465,2.1458183402156273E-4,0.0,0.0,0.0,-0.002990288322609514,8.262030888957425E-4,0.0993311871549358,0.0,0.0,0.0,0.0,3.169146749411551E-4,0.0010187252853848495,0.0,0.0,0.0,0.004713862830371051,0.0041787638196012266,0.0,0.0,0.013480397767246582,0.0,0.1241178600371025,0.0,0.002179692415574539,0.0,0.07670733596730056,0.0014113485437721443,0.0,-0.796925377313126,0.0,0.022153969937278386,0.0,2.7324593743146235E-4,0.0,0.049298395702598315,0.0,0.12720463032691465,0.09526132872455849,6.238655134078217E-4,0.0,0.0,0.0,0.0,0.0,0.46643327863920964,0.017585236636563955,3.9674904701352784E-4,0.0,9.662422159331924E-4,0.0,LiftAD
0.0,0.017611359363255266,0.0,1.0879582157985164E-4,1.403593374020171E-4,2.1207185228431347E-5,0.022700987219765,5.235717207393431E-4,3.027607971059247E-4,0.012222320038541998,2.0671706607560016E-4,0.0,1.734671819995811E-4,0.0,6.977924799643642E-4,0.0,0.0,0.0028622660056923863,0.0014375177568330755,0.015600209892664536,0.0,0.006308339571027391,4,0.0,3,0.0,0.061362463909670754,0.0035676751082301594,0.13873494615646645,3.2388430703803885E-4,0.0,0.0,2.5412024093686826E-4,0.0,0.0,0.004857507179117079,0.0035109296270145482,0.018063282841734214,2.979122348023322E-4,4.071779629252851E-4,0.0,0.0,4.071779629252851E-4,0.0,2.124474663662624E-4,0.005591769192726986,0.0,0.0,-0.22291851458754736,1.593306081872265E-5,0.0,0.0,0.0025918163760608164,6.883254251728145E-4,1.9176223741189982E-4,6.388174281055941E-5,0.0,0.0,0.004334595790997071,0.0,0.1716999964082847,0.0,0.0,0.003081614353155993,-1.1782071657185584,-0.08400738682144937,0.167194250237292,1.329315072,0.0,0.03159435443538265,-0.004536516693632333,0.0,0.0,5.045877344751714E-4,0.00196790560814956,0.006844939937407454,7.495758000848621E-4,0.0,0.0,0.5818780542333722,0.0,0.022526946073771655,0.0,0.0034318747890291455,0.06279781117708678,0.0,0.32052158195884256,0.002958173276894577,0.004857507179117079,0.38156341384217585,0.002989308727582424,0.1716999964082847,0.0,0.022046400037532467,0.0,0.0027487698414471705,1.2762262884325596E-5,0.035703790739876444,0.005491683860123083,9.237358596057156E-4,0.00411992025168792,0.015563639954548146,0.0,8.185861971361138E-4,0.0,2.642346788747395E-4,0.0038494793093143474,2.1271506884548526E-4,0.022700987219765,0.003897613106302058,0.0,0.0,0.0,0.003544492477820122,0.034441685589028284,7.873344176868005E-4,0.0,0.0,0.6048387096774194,0.0,0.0,0.0,0.0,3.893138291932736E-4,0.0,0.008433962249669084,0.00411992025168792,5.416435897819872E-4,0.0015390501497158375,0.039929171928863395,0.0,0.0,0.0,0.0,4.7489611975904333E-4,0.0,0.15469013432064743,0.134651766948864,0.0,0.9999999999999998,0.9994954122655247,0.0,0.0,0.0,0.9681556206461962,0.9053578094691094,0.4785956550333335,0.9975275066573752,0.9906825667199678,0.5818780542333722,0.0,0.5848362275102669,0.22786180458362387,0.0,0.02170514108129727,0.03136333655859627,1.7301223843023522E-4,0.0031259729750708763,0.0,0.17799815551161136,4.032258064516129,0.0,5.846774193548387,0.1542227811924078,0.0,0.6048387096774194,1.4112903225806452,0.0,3,0.7401645431240764,0.0,1.8802992793301633E-4,0.0,0.0,1.2296851959442244E-4,7.198744293124269E-4,0.0025938239097662514,0.07380758394023614,0.0,1.825714400826551E-4,0.0,0.00468101447823201,0.0,0.001737163878218141,0.0,0.0,0.002581650832539888,0.0,0.0,0.0,0.0,0.6048387096774194,0.0,0.12915553598799104,0.014260269224385688,0.004007874741253223,1.7218742813966735E-4,1.2296851959442244E-4,0.003305016766700758,2.8027154383619175E-4,2.952623451464696E-4,4.785390435941639E-4,0.0025938239097662514,3.2633321688537386E-4,0.01178726008985716,0.009312912174966876,0.126515640204134,-0.002300818722307654,0.0,0.0,0.0,0.0,0.0,1.9862969623774866E-4,3.9012913804820055E-4,0.0,0.0,0.0569400595534031,0.03271749787629684,0.00582614024012502,0.0,2.3328009577246403E-4,0.0,0.0029416377882164942,4.785390435941639E-4,0.11393090229181187,0.08010073392718361,3.2208777272662795E-4,0.0,0.07665671519193482,7.695250748579189E-4,0.0,-0.5696084800919246,0.0,0.0,0.0,0.0,1.0252215041339617E-4,0.0,0.0,0.108262516433232,0.08010073392718361,3.4792454313474974E-4,0.0,0.0,0.03674235692200247,0.0,0.0,0.4246964243032387,3.1548008297315003E-4,4.0726389764077876E-4,0.0,5.205509840440486E-4,4.519774663844493E-4,LiftAD
0.0,0.0,0.0029334682213724775,0.0,0.002630965100885793,2.0984522719440704E-6,0.0,0.0022087513485250197,0.0,0.0,0.0020234879963438247,0.16571187356222808,0.003598418385803042,0.19581915918165155,0.0,0.0,0.0,0.0,0.01073263130991961,0.0,0.0,0.0,4,0.0,3,0.011267177568401185,0.0,0.0045758174337378645,0.0,0.0,0.0,0.0,0.0,0.0,0.005524580658889757,0.0,0.0,0.05361639687224115,0.0,0.0,0.0,8.046377751154723E-4,0.0,0.0,0.0,0.0582730390189082,0.0,0.0,-0.06231219585230076,0.0,0.0,0.0,0.0,-0.011631688834501008,-0.004278536651150499,-0.0015219470861898986,0.0,0.0,0.0,0.0,0.0,0.0,0.0,0.0,-0.6965018033516919,-1.7576418658029147,-0.07986442066990107,0.519561767,0.0,-0.18076670770283862,-0.08996476997490607,0.0,0.0,0.0012143070321715495,0.004637474572812111,0.013268405424260797,0.0,0.0,0.0,0.05053670407470698,0.0,0.053798327442936764,0.0,0.016925587244197602,0.07765930538487922,0.0,0.47705793922442097,0.3218275368438116,0.02082914679903407,0.6095458921419,0.0,0.27524989062190486,0.0,0.0,0.0,0.011841688409864706,0.0,0.0,0.0,3.965785636916951E-4,0.006347658276572631,0.0,0.0010233799039345317,0.0,0.0,0.0,0.0,0.0,0.0,0.0,0.0,0.0,0.0,0.0,0.015526158706506976,0.0,0.0,0.0,0.75,0.0,0.0,4.0,1.75,8.690364776591507E-4,0.0,0.0,0.0,0.0,0.010695463738552447,0.0,0.0,0.014568030240034927,0.0,0.0,0.0,0.0,0.0,0.23211628073115975,0.0,0.9999999999999998,0.9987856929678283,0.0,0.0,0.0,0.9270814855278188,0.8494221801429396,0.0,0.9941482183950162,0.9808798129707554,0.05053670407470698,0.005441274322612344,0.3723642409185186,0.40669129428620293,0.0,0.05930204168810959,0.02416581698302652,0.0,0.019250653443699917,0.00913285895101096,0.2169024914176797,5.5,0.007515841545933705,7.25,0.29269983548964407,0.0,1.75,3.75,0.0,3,0.9208044074836756,0.0,0.0,0.0016873039979362011,0.0,0.0,0.0,0.0,0.0,0.0,0.0,0.0,0.0,0.0,0.0,0.26502601623324173,0.0,0.0,0.0,0.0,3.5,2.0,1.0,0.0,0.29964588417156174,0.0,0.021510916174870533,0.0032048160381927143,0.0,0.0,0.0,0.0,0.0,0.0,0.004666513557895781,0.01883013197034598,0.0,0.0,-0.0027962350897008845,0.0,0.0,0.0,0.08891379980637362,3.7729005886471374E-4,0.0,0.001473519154666175,0.0,0.0,0.0,0.0,0.0,0.0,0.0017931172391721668,0.07267590132720823,0.0,0.0,0.20334564714310152,0.0,0.0,0.0,0.13305334453492812,0.005347731869276224,0.0,-0.8036067314486619,0.020382639771038685,0.0,0.0,0.0,0.0,0.0,0.06327177175762608,0.0,0.0,1.329689284281429E-4,0.0,0.0,0.0,0.0,0.0,0.7161828566651033,6.921588994406112E-4,0.0020525570981855933,0.0,0.0,3.264652367690685E-4,LiftAD
3.4362375966364133E-4,0.039995353430983274,7.185079407484435E-4,0.0,6.310318903599605E-4,0.0,0.0,0.0,3.5502250872730266E-4,0.0,1.1314921354912474E-4,0.09391168984150991,8.852256064846365E-5,0.06393683820874839,4.0528025163392084E-4,1.6587259202359043E-4,0.03011745216548536,0.0,0.0020737014814137785,0.008214469105301683,3.428350839322961E-4,0.0,6,0.0,7,0.020160250392855857,0.19049659822726464,0.0,0.05810022951578391,6.838031153458756E-4,7.185079407484435E-4,0.004040446602691074,1.766745806642803E-4,0.0,7.604459907951884E-4,0.0,0.0,0.036046848651545095,1.9062961518025585E-4,0.0,0.0,0.0,6.532737104563819E-4,4.5535190453501416E-4,2.5102139816846503E-4,0.0,0.0,0.0,-0.054696652128401135,0.0,0.0,0.0,0.01028910417165757,-0.01290939135991954,-2.798622297733663E-4,-1.0551976335972641E-4,-3.751941785703213E-5,0.0011336483362530702,0.008496132263730192,0.0,0.19049659822726464,0.0,2.985534159981424E-4,0.01011404803037778,-0.012666916466430866,-0.525441200184521,-1.198941375466334,2.416998656,0.021826043858512553,0.18400700502267722,-0.04509330270731249,9.549296270368014E-4,1.4572945932093412E-6,0.0037543181987360233,0.014165711928301152,0.030389745188117576,7.604459907951884E-4,0.0,0.022057401723271218,1.6925485932038102E-5,0.010774731277012603,0.15615755062563552,0.01601964299074174,0.002898735285984338,0.1961971805597591,0.0,0.5692398692828274,0.02912376910365427,0.0,0.4043378157792233,0.004579238743487498,0.15022820500948603,0.0,0.014508572580420877,7.167845133028843E-4,0.008220959241070488,1.986974510282807E-6,0.029796983059696764,0.0034949510263089993,0.0,0.013873592173419262,0.0,0.0033751619327284086,0.0011378075742438608,0.003734077767571115,2.932712029274041E-4,0.008220959241070488,0.001897864453340838,0.03486942935325626,0.004172646322832304,4.85912888068587E-4,9.512054992645645E-6,0.0,0.004680519627797651,0.0,0.0,0.0010261621354773277,1.1252293921751913E-6,0.7604562737642585,0.0,4.3125714195444716E-4,0.0,0.0,5.416564614410202E-4,1.7437756360267923E-4,0.010186921181286585,0.013873592173419262,0.0,0.0022949741123302137,0.0,0.0,0.0,0.0,0.004475224277832423,6.447552028411449E-4,0.011603528432151417,0.10224226203456314,0.19022079577364112,0.012694799836612284,0.9990450703729633,0.9952907521742272,0.0,0.007705785597909283,1.0,0.7945777444321729,0.5983805638724138,0.4150222762603073,0.9811250402459261,0.9507352950578084,1.6925485932038102E-5,0.0,0.02914069458958631,0.3067110746222407,0.010762247353248072,0.04750808205026309,0.009107973092556192,2.3660627559215345E-4,0.00341679922571032,0.0,0.16719251677304448,2.091254752851711,0.006013990349216888,4.562737642585551,0.3050598634495313,0.00712396912764743,0.5703422053231939,1.3307984790874525,2.3955858823505256E-4,5,0.7552522783093893,0.0,0.0,0.0,0.0,3.7996961358252585E-4,0.0,0.0,0.3180730465797401,6.851538758832125E-4,2.107986431803669E-4,4.3125714195444716E-4,0.008478346876920277,0.0036344967946843414,0.004419774898079098,0.07083845029423144,1.6125162077019084E-4,0.0,0.00447885202936743,0.0,0.0,0.0,0.5703422053231939,0.001201917136809928,-0.17792513437432825,0.03011745216548536,0.0,0.0,0.0,0.003919198842031329,0.001776051595447406,0.0,0.0,0.0049254302533153485,0.0,0.006200417477316087,0.019827441898809257,0.04448300968203378,-6.921488827053611E-4,0.0,0.04774477141911382,0.020357637991381985,0.07140827990025235,0.0,2.3092071412711738E-4,0.0,0.0,1.95962103694851E-4,0.0,0.0,0.0,4.544070852294742E-4,2.3092071412711738E-4,0.06796497242316563,0.013914082201685125,6.951185181956211E-4,0.15335553731112034,0.06737012398895675,7.201945237987472E-4,0.008690676907618579,0.11716917231309565,0.0011474870561651066,0.0,-0.27611485287957827,0.0248840366123827,0.020160250392855857,5.081806407832234E-6,1.1515802047220432E-4,0.0,0.0,0.06062685666655337,0.10434823026400936,0.11414031737503705,0.0,0.001811564259632384,9.378385128602553E-4,0.04570728566069088,5.808307147428624E-4,0.012694799836612284,0.15915110812948338,3.8951664785605674E-4,3.307585194113961E-4,0.004040446602691074,5.970108743392068E-4,0.0014474244959343237,LiftAD
0.0,0.04437577802323965,0.0,3.1661178739603526E-4,0.0,1.0250287207709773E-4,0.0,0.0,0.0,0.0,0.0033787316273512238,0.052454925511742696,2.1595063963087866E-4,0.2633049860875934,0.0,0.0,0.0,0.0028965456556624713,0.01767979036503051,0.0,0.0,0.0,6,0.0,3,0.0,0.0,0.009624596515739131,0.0,0.004869677318360625,0.0,0.0,0.0,0.0,0.010650635151279838,0.0,0.0,0.022521250935699115,0.0,0.0,0.0,0.0,0.0,0.0,0.005955250062377822,0.0,0.0,0.0,-0.1676478718358095,0.0,0.003944858445901476,0.0,0.0,-0.007281317945374542,-0.002501746409975056,-8.803420233315275E-4,0.0,0.0015398146003329075,0.02121987019382407,0.0,0.0,0.0,0.0,0.007710048631136806,-1.1134778615588485,-0.6608747029670018,0.07081542226380741,1.217559814,0.0,-0.06479304141189235,0.032467400936077105,0.0,0.0,0.0015758652582538158,0.005973524570421965,0.016837048851895714,0.0,0.0,0.0,0.4858282275599172,0.0,0.04938194465938643,0.004112884959136936,0.016574030481089082,0.07665898499392014,0.0,0.19260192151320027,0.17114248259300435,0.0,0.41269626155366684,0.0,0.2022992284167723,0.01206343488476249,0.0,0.0,0.0,0.0,0.0,0.01564823233310832,0.0017203433817250273,0.0,0.0,0.0,0.0,0.0,0.0,0.0,0.0,0.029184868789549425,0.0,0.0,0.0,0.036347754761409744,0.015521693409584474,0.03360931106926145,0.0,0.0,0.0,0.7142857142857143,0.0,0.0,3.8095238095238093,1.6666666666666667,0.0014448981461663239,0.0,0.008652115218771631,0.005487358074805301,0.0,0.013298490472066129,0.0,0.0,0.0,0.0,0.0,0.006626794190154763,0.011617718700499997,0.0,0.15034810508748606,0.011045395324635223,1.0000000000000002,0.9984241347417463,0.0,0.0,0.0,0.9262316166600422,0.849572631666122,0.0,0.9924506101713243,0.9756135613194286,0.4858282275599172,0.0,0.6569707101529215,0.2989629746405808,0.0,0.022809327997795316,0.04654143835393491,0.0,0.0023267927312926183,0.0,0.17078253943299584,0.0,0.0,0.0,0.15804200241943228,0.0,0.7142857142857143,3.8095238095238093,0.0,3,0.8800017681879171,0.01574738357584985,0.0,0.0,0.0,0.0,0.0,0.00770295302981333,0.0,0.0,0.0,0.0016830471447357423,0.0,0.0,1.9191174211264758E-4,0.06279722075945021,0.0,0.005221894704621765,0.0,0.0,0.0,3.0952380952380953,0.7142857142857143,0.0,-0.1561169562660823,0.018188613394621755,0.0,0.0,0.0014229611259292908,0.0,4.410601819318019E-4,0.0,0.0,0.0,0.0,0.0,0.0024511278838879537,0.0,-0.004933453097012141,0.0035946524766348143,0.0,0.0,0.092478227636827,0.0,0.0026409706583952527,0.003809555201878942,0.005777915058870957,0.0,0.0,0.0,0.0,0.0,0.0,0.09415104245550797,0.0,0.008063820139111144,0.14948148732029048,0.0,0.0,0.0,0.08281570116865425,0.006649245236033067,0.0,-0.972495256848513,0.0,0.0,0.0,0.0,0.0023148522918268553,0.0,0.0,0.0,0.0,0.001297409274001665,0.005016370720113843,0.0,0.14046680720298652,0.0,0.0,0.9099179772224028,9.818662577543266E-4,0.004348347611591785,0.0,0.0,0.0,LiftAD
3.907845930195856E-4,0.021375336548742612,7.863888565589634E-4,0.0019577048615357206,0.001250734219075105,0.0,0.03635142233760808,0.0016788805232133828,3.1670075001575344E-4,0.010923336331064551,1.9243538011649E-5,0.10972985088404283,2.7782972268691975E-4,0.047040132958799684,3.7518890023752427E-4,1.4500030700461425E-4,0.0,0.0146905263852993,0.0017175299581708113,0.0,2.988778083704134E-4,0.014749528128957095,6,8.61721763506774E-4,7,0.01623299095799584,0.183556821758887,0.0,0.013902524363078494,5.586711086584675E-4,0.0,0.004210693925598961,1.1102702742989767E-4,5.43028927712742E-4,8.61721763506774E-4,0.01116548410285116,0.0,0.03567669565939548,2.3531197004498524E-4,0.0,0.058014930241335805,7.792084024264411E-4,3.907845930195856E-4,0.0021017435123286076,8.957125371575745E-4,0.00963668405877628,0.0751937702610347,0.0011809137937642427,-0.11098798202508472,0.0,0.0,0.046938599808906134,0.0,-0.025767103701210083,6.394060715997308E-5,1.0418241100714203E-5,2.972690946792421E-6,9.448717363479993E-4,0.01623299095799584,0.0,0.183556821758887,1.140926708976623E-4,2.4973254682790963E-4,0.0,-0.019966893052358436,-0.5723306639602822,-1.1805314449677273,2.37890625,0.005386163990491074,0.19294065376073477,-0.03327818586981018,0.0010147849158991837,1.0776356507577593E-6,0.003977039311884694,0.013448398989049603,0.04545822765244692,5.063440129247218E-4,0.0,0.00963394503287174,4.064253946616068E-5,0.011161173653523206,0.15201953456985537,0.0228064421209813,0.0012300719298850367,0.21598838803754114,0.018608873766202974,0.5346601035546124,0.03339288042924442,0.011172726407534703,0.5497476022142513,0.002263071671040541,0.1439559170548231,0.0,0.0052765363448046354,0.0,0.010193700432826936,1.634591550311025E-6,0.009040544801064298,0.023083538713189175,0.0,0.007431351266870802,0.014145376190628181,0.002692980455098538,3.6937571894524776E-4,0.002263071671040541,0.0,0.0,0.0,0.0,0.0038926840858478965,2.9035689768566926E-4,1.442242045863634E-4,0.0,0.010193700432826936,0.0,0.0,0.03993466866937237,7.72902776047546E-7,0.7272727272727273,0.012165861630767608,0.0,0.0,2.909090909090909,0.00119631437570909,1.29487015168791E-4,0.0,0.01731998111512772,8.658625276334234E-4,0.003396770967559448,0.0,0.012662630009963162,0.03298591114702772,0.0,0.0018293779401090178,0.0018001353567688397,0.011172726407534703,0.008254318009331066,0.18922599634888757,0.015388071468539105,0.9989852150841005,0.9950081757722159,0.0,0.01731998111512772,0.9999999999999998,0.7840820145608641,0.568093626523323,0.38657398885681177,0.9815597767831663,0.9361015491307194,4.064253946616068E-5,0.004308149786563477,0.03343352296871058,0.30724234315663623,0.0,0.048890574362994224,0.0052508847025054236,0.0,0.004432638986127097,0.010170558644074108,0.16384627040410205,2.909090909090909,0.006276132698608757,0.0,0.312614436036307,0.004708948988981624,0.7272727272727273,1.6363636363636365,2.97936637452036E-5,7,0.7310922047367244,0.0,5.586711086584675E-4,6.44669976779965E-4,0.0036963821703331567,0.0,0.002682541546713126,0.006967775515296841,0.3248923636598941,8.084263427106155E-4,5.069298507098251E-5,5.298897636352475E-4,0.0,0.01223568607109574,0.004325925654422459,0.09309401158504983,5.698228150763645E-5,0.013692829343754015,0.0,0.0,0.0,0.0,0.5454545454545454,0.0,-0.05711554073811953,0.0,0.015388071468539105,4.511502780988619E-4,5.337532305158381E-4,0.004411422258750643,0.0021551876644826883,0.0,6.996042306745651E-4,0.0,0.003000290892074146,0.005521266347850539,0.020417592311215964,0.029952912900436394,-6.506447570276776E-4,0.0,0.0,0.0,0.0751937702610347,2.2373569553249631E-4,6.576146096720153E-4,0.0,0.0,4.001044211788411E-4,0.025864169662928906,0.036639660799340605,0.013858733330062246,2.89376703260261E-4,2.4393220075144984E-4,0.05420819490323945,0.0,0.0,0.15362117157831814,0.049007733109390744,0.0,0.0,0.11758355650239537,0.0016983854837797246,0.0,-0.13584802944341767,0.021600625577016086,0.0,6.489020924831132E-6,6.576146096720153E-4,4.3678270121420745E-4,0.03261620319071409,0.03579861206751916,0.10967682557582151,0.11937127308816695,0.0,0.0017354161869062594,0.004432638986127097,0.0,4.001044211788411E-4,0.0,0.14723031652276627,0.0011363693686559462,3.1583955481981064E-4,0.004210693925598961,0.0,5.08210092268233E-4,LiftAD
0.0,0.021677401964134462,0.0,0.002196310423790303,0.0,4.420585231369516E-5,0.0,0.0,0.0,0.0,4.337395730070519E-4,0.053741667551679084,5.971695378041698E-4,0.051292266194240266,0.0,0.0,0.0,0.01802554933604402,7.33151069963304E-4,0.0,0.0,0.0,6,0.0,2,0.0,0.0,8.121240981059873E-4,0.0,2.5882142952221186E-4,0.0,0.0,0.0,0.0,3.8945244043126506E-4,0.0,0.0,0.022155265500561894,0.0,0.0,0.0,0.0,0.0,0.0,0.0045343202579459785,0.0,0.0,0.0,-0.20073148129422072,0.0,2.871859201825353E-4,0.0,0.0,-0.00798285876268994,-0.0028723747779932345,-0.001019742821292256,0.0,0.0014587343628095308,0.009888707425253468,0.0,0.0,0.0,0.0,0.004643679309574948,-0.978264748762522,-0.9453794903295227,-0.1322618805237174,1.4260406495,0.0,-0.061243300751264974,0.004087229621239152,0.0,0.0,0.001219783225078636,0.004669536649672447,0.011819765949546488,0.0,0.0,0.0,0.3451261316920879,0.0,0.066529393939528,0.042875621364975615,0.005647867027541019,0.09517336678195007,0.0,0.15314934445756356,0.3223126773045729,0.0,0.7432032245763606,0.0,0.2003742136177219,0.007043773445784412,0.0,0.0,0.0,0.0,0.0,0.025319093945798454,0.0011218523064322758,0.0,0.0,0.0,0.0,0.0,0.0,0.0,0.0,0.022946490001922837,0.0,0.0,0.0,0.029390743225077284,0.011585429303078189,0.023756908075729184,0.0,0.0,0.0,0.9523809523809523,0.0,0.0,3.3333333333333335,2.142857142857143,5.325371326062639E-4,0.0,0.008425065509328625,0.009107242780895735,0.0,0.0015500948052475775,0.0,0.0,0.0,0.0,0.0,0.0015378095592591464,0.010400962640965733,0.0,0.1491445891705413,0.008721545091925501,1.0000000000000002,0.9987802167749215,0.0,0.0,0.0,0.9157615202361745,0.8205881534542244,0.0,0.9941106801252491,0.9822909141757026,0.3451261316920879,0.0,0.6674388089966609,0.2606529447040766,0.0,0.02261754494291755,0.014671314032589955,0.0,0.004747572610436043,0.0,0.16746773877733334,3.5714285714285716,0.0,5.0,0.08130586006560142,0.0,0.7142857142857143,2.142857142857143,0.0,2,0.8536012894972826,0.007554827980290918,0.0,0.0,0.0,0.0,0.0,0.012796768987587002,0.0,0.0,0.0,3.7527006821711683E-4,0.0,0.0,0.0014408981121117246,0.07125641376011468,0.0,0.009868646799689691,0.0,0.0,0.0,0.0,0.7142857142857143,0.0,-0.17077248083592633,0.013499158200296835,0.0,0.0,1.961215719783256E-4,0.0,0.0013893897492420213,0.0,0.0,0.0,0.0,0.0,0.0073420703996971886,0.0,-0.004132958722527361,0.0011033449621425334,0.0,0.0,0.10083648717765738,0.0,2.6393967550877997E-4,2.7767922019935584E-4,0.0015010602965072094,0.0,0.0,0.0,0.0,0.0,0.0,0.12984185755926977,0.0,2.6799288066936354E-4,0.1303264723520382,0.0,0.0,0.0,0.07729016775384967,7.750474026237889E-4,0.18370361302719643,-0.95920184097589,0.0,0.0,0.0,0.0,0.006375874023491304,0.0,0.0,0.0,0.0,1.2458803868331548E-5,0.002609627415237857,0.0,0.02978787728505021,0.0,0.0,0.9069967514348984,3.521629134514866E-4,2.096049560776712E-4,0.0,0.0,0.0,LiftAD
0.0010883628900509414,0.0,0.0,9.380394299967828E-4,0.0023490201845293842,0.0,0.019992967841002754,6.586993025750883E-4,0.0,0.0051920120154004285,0.0035487867313155515,0.0,0.0018126434546979382,0.0,0.0013237344572517506,0.0,0.004755109518187541,0.011531635976191083,0.004083228535055247,0.019185637475041456,0.0011226705812694942,0.02002185674475445,8,0.0,8,0.0,0.09339495929408945,0.0,0.0341326727306414,0.0,0.001706018114360966,0.012949263055727255,0.0,0.0,0.0,0.01579177879082391,0.0030020923104820507,0.020780004285674294,0.0,6.396572295515947E-4,0.0,1.581676229684496E-5,4.6015982327589155E-4,0.0,0.0,0.01108786294339273,0.0,0.0,-0.2602710072011242,5.5314102536595316E-5,0.0011112052899812513,0.0,0.028685515116462734,-0.006583564692190538,-0.0023879472969919454,-8.473550822206138E-4,0.0,0.0,0.0,0.0,0.17668094142579185,0.0,0.0,0.008161594373070145,-1.0853573464696875,-0.38943576975211047,-0.2900791319998322,0.856506348,0.0,-0.0035333824884958565,-0.06679613897018345,0.0,2.7118502090707396E-5,9.102325229907831E-4,0.003497652866162226,0.01012860353765717,0.0011988800052575807,0.0,0.0,0.35883026603481677,0.017836737223885932,0.03426614132617361,0.0,0.012949263055727255,0.07556601321602639,0.0,0.47060393401528483,0.04619715648088829,0.006971097008312347,0.46468409526659815,0.002200075090179404,0.17668094142579185,0.01172080507933029,0.0,0.0,0.012460253905585073,3.647355478074931E-5,0.005002760188038217,0.0,0.0,0.011360846398084531,0.009032848627592873,0.0,0.002653596141549934,0.0053431222531794085,0.0011112052899812513,0.012460253905585073,9.573581066542348E-4,0.021867069167402508,0.0,0.0,7.438088256926081E-4,0.01843424236809416,0.0,0.0,0.0016782701971582489,0.0,0.0,0.5976095617529881,0.0,0.0,2.9880478087649402,1.593625498007968,0.0030771651967272046,0.002054814377937663,0.006065570739967486,0.0,0.0028944774803547004,0.005416128412692603,0.007524621860143259,0.0,0.0227941316768567,3.9840637450199203,0.0,0.0,0.0,0.1083132077472362,0.14443594310289495,0.0,1.0000000000000002,0.9990897674770094,0.0,0.0,0.0,0.9511973697470163,0.8756313565309899,0.4835288430344115,0.9955921146108471,0.98546351107319,0.35883026603481677,0.00737170646856411,0.40502742251570506,0.2728475389710561,3.9807819507929533E-4,0.020876562335631055,0.04129827170612609,2.2531839500411675E-4,0.00974253443911062,9.702649102050115E-4,0.04043934058149295,3.9840637450199203,0.0,4.9800796812749,0.2298695195877951,0.0,1.1952191235059761,2.7888446215139444,0.0,8,0.8554157403942836,0.00795082216717239,9.174301102433658E-4,0.0012689028456240865,0.0,0.0012316911169544626,0.0018048949548658466,0.0047646330752504,0.10586811360191263,0.0,5.622324630649287E-5,0.0,0.00795082216717239,0.0333769740746176,0.0,0.0,3.7179758053665086E-4,0.009126841038710391,0.005666239780177628,0.0,3.187250996015936,1.792828685258964,0.9960159362549801,0.0,0.04207387052942493,0.025524981139187913,0.011056917599271875,8.518547831089787E-4,8.535062826653905E-4,0.0,0.0,1.0268198832039963E-4,0.0013920956545640446,0.0038184794854823774,0.0015403045862040473,0.010320900772204978,0.0,0.058687224724014116,-0.0011735136374341343,0.0010057293315580836,0.05729592612271433,0.0,0.0,9.327500266166682E-4,0.0,0.0,0.0024110385034968418,0.0014139174250550636,0.02653688700196797,0.025524981139187913,0.011056917599271875,0.0,7.35414946769974E-4,0.0,0.009126841038710391,0.001706018114360966,0.13642376948552806,0.053600876923002534,0.0026275151751928615,0.0,0.06997235243884264,0.002708064206346301,0.0,-1.0036646311882484,0.0,0.021867069167402508,0.0,0.0,4.513701661230166E-4,0.0,0.0,0.053139499305225525,0.04896277009903572,0.0,0.0,0.0074030206242414924,0.06193606300503265,0.0,0.0,0.3779929517361022,0.0021120035141012324,0.0014139174250550636,0.0,0.0012479985652755347,0.0019812901378030994,LiftAD
