z_dwt_ar_-7,z_dwt_ar_-6,z_dwt_ar_-9,z_dwt_ar_-8,z_dwt_ar_-3,z_dwt_ar_-2,z_dwt_ar_-5,z_dwt_ar_-4,z_dwt_ar_-0,z_dwt_ar_-1,z_dwt_avg_-5,z_dwt_avg_-6,z_dwt_avg_-7,z_dwt_avg_-8,z_dwt_avg_-9,z_dwt_avg_-0,z_dwt_avg_-1,z_dwt_avg_-2,z_dwt_avg_-3,z_dwt_avg_-4,z_dwt_norm_-8,z_dwt_norm_-7,z_dwt_norm_-6,z_dwt_norm_-5,z_dwt_norm_-9,z_dwt_norm_-0,z_dwt_norm_-4,z_dwt_norm_-3,z_dwt_norm_-2,z_dwt_norm_-1,label
1.0000000000000002,0.9799721369314015,0.0,0.0,0.23483129067865172,0.05478060211960796,0.903418180236358,0.7079191710000478,0.015623251760824868,0.03429062425307031,-0.16300847371391133,-0.047258038146958295,-0.01598722364872023,0.0,0.0,6.038910229884847,6.601071773963389,-2.7843805426868258,3.4910649209985958,5.981770746386192,0.0,0.02002786306859866,0.07655395669504356,0.1954990092363102,0.0,0.015623251760824868,0.473087880321396,0.18005068855904377,0.02048997786653764,0.018667372492245447,Trapaf
0.9999999999999999,0.9806515788448013,0.0,0.0,0.23590534154463896,0.06824949113958849,0.9075393365520661,0.6556104590109797,6.552812069636855E-5,0.028572589374212774,-0.030321537048997815,-0.005258733153830034,-0.0014777776081815568,0.0,0.0,0.32790650277955535,6.839311704895748,-0.8671284892025155,0.9403278639814017,-2.210499872639013,0.0,0.01934842115519862,0.07311224229273522,0.2519288775410863,0.0,6.552812069636855E-5,0.4197051174663407,0.16765585040505046,0.039676901765375715,0.028507061253516406,Trapaf
0.9808289690981461,0.9076064135310242,0.0,1.0000000000000002,0.04336192024162292,0.02422048316946991,0.6769376528981015,0.21463533007347974,0.0066665979047413225,0.0072809341112506296,3.8480869294721014,0.15729939427278752,0.049727778001467805,0.017134700969680804,0.0,5.0958494415993565,1.5469187846289334,-5.508000636400068,1.5242655084408907,-0.7023482895450782,0.01917103090185409,0.0732225555671218,0.23066876063292277,0.4623023228246217,0.0,0.0066665979047413225,0.1712734098318568,0.019141437072153007,0.016939549058219282,6.143362065093073E-4,Trapaf
1.0,0.9836935159167411,0.0,0.0,0.28282890649497106,0.03904113359130049,0.9213463597531734,0.7386525748968927,0.01960599139615592,0.01975442174067591,-0.02976674705821966,-0.006420011802916577,-0.0019799177191518903,0.0,0.0,5.451486728169358,0.47433143034282654,2.6259170749200664,-0.7680638963634112,-1.6569234380476825,0.0,0.016306484083258816,0.062347156163567764,0.18269378485628054,0.0,0.01960599139615592,0.45582366840192173,0.24378777290367054,0.01928671185062458,1.4843034451998883E-4,Trapaf
0.9999999999999999,0.9832664082608084,0.0,0.0,0.2411984523964277,0.04093303585865148,0.9194527674642419,0.7005373893263734,0.006941510316498376,0.02846903237993525,-0.1839375201345297,-0.0687860810666612,-0.02445204202147971,0.0,0.0,3.766814100361538,-6.63352273961746,2.9293024573925432,-0.43477501437649924,-3.602651778939103,0.0,0.016733591739191513,0.06381364079656646,0.2189153781378684,0.0,0.006941510316498376,0.45933893692994576,0.20026541653777621,0.01246400347871623,0.021527522063436878,Trapaf
0.9999999999999999,0.9819134817338768,0.0,0.0,0.3025247815052588,0.01649299862794016,0.9135151272753311,0.6777003791297822,0.006097093934078009,0.006363968570593302,0.008566150682508905,-9.087409972815888E-4,-5.646903462044875E-4,0.0,0.0,-2.3867668955409886,0.4993467331858772,2.1313916453957873,-3.733255904164454,-0.4946862268410383,0.0,0.018086518266123047,0.06839835445854571,0.23581474814554887,0.0,0.006097093934078009,0.3751755976245235,0.2860317828773186,0.010129030057346857,2.668746365152934E-4,Trapaf
0.9999999999999999,0.9826033689615292,0.0,0.0,0.2561534277222052,0.06619165272363121,0.9165923985846393,0.7257147229298674,0.0031087528688830256,0.0031266665676468438,-0.17760193133478092,-0.05968674853260936,-0.020872658743159765,0.0,0.0,1.6950665741951518,0.12867266437046787,4.669444479229791,5.916910921762504,-1.7198718209516513,0.0,0.017396631038470705,0.06601097037688997,0.19087767565477184,0.0,0.0031087528688830256,0.46956129520766227,0.189961774998574,0.06306498615598438,1.7913698763818125E-5,Trapaf
0.9808289690981461,0.9076064135310242,0.0,1.0000000000000002,0.04336192024162292,0.02422048316946991,0.6769376528981015,0.21463533007347974,0.0066665979047413225,0.0072809341112506296,3.8480869294721014,0.15729939427278752,0.049727778001467805,0.017134700969680804,0.0,5.0958494415993565,1.5469187846289334,-5.508000636400068,1.5242655084408907,-0.7023482895450782,0.01917103090185409,0.0732225555671218,0.23066876063292277,0.4623023228246217,0.0,0.0066665979047413225,0.1712734098318568,0.019141437072153007,0.016939549058219282,6.143362065093073E-4,Trapaf
0.9999999999999998,0.9816420041514118,0.0,0.0,0.059246328826147845,0.019139542402443043,0.9116229995307438,0.7174608235352328,0.0024190025360775426,0.0032702603464628433,-0.04137957972444489,-0.011276894407017804,-0.003794055237966571,0.0,0.0,2.2562746528826407,-1.338456797063794,0.769348746668503,0.2205242280513673,4.063633651664233,0.0,0.018357995848587976,0.07001900462066817,0.19416217599551097,0.0,0.0024190025360775426,0.658214494709085,0.04010678642370479,0.0158692820559802,8.512578103853005E-4,Trapaf
1.0,0.9776902858216373,0.0,0.0,0.21670161641592908,0.04131743767659003,0.8932125487156699,0.6500958959562289,0.01273926094302039,0.028244537262882775,0.13912676937785423,0.036479391782440945,0.012146359226663104,0.0,0.0,3.5688131728759265,-3.9372360380879003,-2.0213245691854707,3.141572392719013,-1.0642424378698363,0.0,0.022309714178362666,0.0844777371059674,0.24311665275944105,0.0,0.01273926094302039,0.43339427954029974,0.17538417873933904,0.013072900413707263,0.015505276319862382,Trapaf
1.0000000000000002,0.9823991142933859,0.0,0.0,0.3227809829862458,0.07091507911204327,0.9149665406672435,0.6670909298389541,0.0076194601010323324,0.03672049778281667,-0.06641207681783134,-0.0190824480127859,-0.0064166136004668115,0.0,0.0,3.2175950323318916,6.288159089703852,-0.6273217272131459,0.16938410323397513,-1.0757324307298148,0.0,0.017600885706614222,0.06743257362614231,0.24787561082828935,0.0,0.0076194601010323324,0.34430994685270844,0.2518659038742025,0.03419458132922659,0.02910103768178434,Trapaf
0.9999999999999998,0.983898871857192,0.0,0.0,0.20167210912743078,0.030706301800637166,0.9221447093974364,0.7586928075636413,5.794079416490905E-6,0.027362620457029842,-0.23131921784309983,-0.08477152950152743,-0.030124435872299404,0.0,0.0,0.11709903569080149,-8.04625800068019,-0.14580447570549937,-1.2929436009934498,2.046900462848756,0.0,0.016101128142807845,0.06175416245975571,0.16345190183379507,0.0,5.794079416490905E-6,0.5570206984362106,0.17096580732679362,0.00334368134360732,0.027356826377613355,Trapaf
0.9819241210030483,0.9130798465860158,0.0,1.0,0.04296129913865177,0.01821329204587004,0.6697945841996972,0.24045866205863362,8.321496248629594E-4,0.004116046178012721,0.09497314074684571,0.06243780982339783,0.02401149622868399,0.008590348616801139,0.0,1.8917216833454626,3.757952314238694,5.478496503702949,-0.22788522124043697,-1.1416037249171707,0.018075878996951754,0.06884427441703239,0.24328526238631867,0.4293359221410636,0.0,8.321496248629594E-4,0.19749736291998182,0.024748007092781736,0.014097245867857319,0.0032838965531497614,Trapaf
0.9999999999999998,0.9830798683491,0.0,0.0,0.24867206151237647,0.024373537054586718,0.9182557515668994,0.6707338532147923,1.5451156530272049E-4,0.017155146022230214,-0.045876294874366674,-0.021147050385417906,-0.007779424565699052,0.0,0.0,0.5691854102141325,-5.970432984856616,1.0642077511918568,-0.35237196348240596,1.9945616425952402,0.0,0.016920131650899846,0.06482411678220058,0.24752189835210706,0.0,1.5451156530272049E-4,0.4220617917024159,0.22429852445778972,0.007218391032356505,0.017000634456927493,Trapaf
0.9802624914407964,0.9059453474759785,0.0,1.0000000000000002,0.06740596316490327,0.015442919048444295,0.5967012276537682,0.3260450759428156,1.450075715386559E-4,0.0018165413125089886,-0.944396226683956,0.08930049916084135,0.025838059041702142,0.0087694903258121,0.0,-0.568223746268102,-1.9292193673619336,3.88831921126348,0.14778582754824687,-0.012478021671445072,0.01973750855920382,0.07431714396481771,0.30924411982221034,0.27065615171095264,0.0,1.450075715386559E-4,0.2586391127779124,0.051963044116458974,0.013626377735935308,0.0016715337409703326,Trapaf
1.0,0.9811174984754192,0.0,0.0,0.18645381095469749,0.019629726511583172,0.9094975766762454,0.6764192447915067,1.2868287419039423E-5,0.004184852773527761,-0.4045635827920999,-0.12581681142468615,-0.04332605260985412,0.0,0.0,0.15643196144573257,-2.8166731699342415,-2.6772312605069315,2.2933298864294764,-1.3272318933120308,0.0,0.01888250152458079,0.0716199217991738,0.2330783318847387,0.0,1.2868287419039423E-5,0.4899654338368092,0.1668240844431143,0.01544487373805541,0.004171984486108722,Trapaf
0.8676724753453158,0.45523404890855623,1.0,0.9721408768042727,0.009387090126819283,0.00382744490724489,0.10520803796956428,0.018927893925006673,7.660033267806144E-4,0.0020502227659394594,1.700382821730729,2.3420026830231553,0.322781450324539,0.09510185888901848,0.032416633743562226,6.28401951609055,-8.136578466879632,-1.976004436801254,-0.7256838263206333,5.758538888407246,0.10446840145895699,0.41243842643675943,0.35002601093899194,0.08628014404455761,0.027859123195727243,7.660033267806144E-4,0.00954080379818739,0.005559645219574392,0.0017772221413054304,0.001284219439158845,Lopen
1.0,0.9787035886271007,0.0,0.0,0.3562219332697423,0.1830907156853127,0.899388311369362,0.7340347545065299,0.14760797874848602,0.180682067168381,-0.23634372659763037,-0.06449483198356615,-0.021469506036201833,0.0,0.0,-37.581910288239925,17.789669362922197,0.32785767267291455,19.097677600125117,-2.549275457233014,0.0,0.021296411372899265,0.07931527725773861,0.16535355686283223,0.0,0.14760797874848602,0.3778128212367876,0.17313121758442956,0.002408648516931697,0.033074088419894995,Lopen
0.9657422694586949,0.8382424129907908,0.0,1.0000000000000002,0.00717950438844101,0.00498694114768022,0.3206580069000748,0.024644166944975284,0.0018485306002285528,0.004609053661954264,-11.693478212308014,-0.2019618189023042,-0.06738746130189807,-0.0233814398521885,0.0,8.67744876652478,10.604114925806964,0.16180861078662456,2.4138399863803657,-7.175162869703677,0.0342577305413053,0.12749985646790396,0.517584406090716,0.29601383995509944,0.0,0.0018485306002285528,0.017464662556534276,0.002192563240760789,3.7788748572595645E-4,0.0027605230617257113,Lopen
0.9705655844254342,0.8606944575986386,0.0,1.0000000000000002,0.005241274319936364,0.0026998328079873013,0.5406377383122121,0.050634856029819375,1.2971324248828107E-5,0.0021805034399978917,-7.557365450212682,-0.588650630256695,-0.17279723695194554,-0.05873460552289311,0.0,-0.5960061850419285,-7.7044453568927045,2.6352721230620624,1.7913916662068685,5.631341103192548,0.029434415574566098,0.10987112682679556,0.3200567192864265,0.49000288228239264,0.0,1.2971324248828107E-5,0.045393581709883016,0.0025414415119490623,5.193293679894096E-4,0.0021675321157490638,Lopen
0.9791434107767327,0.9003649108575872,0.0,1.0000000000000002,0.11877846059296682,0.10441813146072415,0.6371203369421541,0.2653536840639579,0.0963163258291218,0.09670268912603042,-0.08052150332972396,0.22270630938347913,0.055575119385686725,0.018171313218436798,0.0,-40.12168222642177,2.5411313371035753,4.693928339110738,1.5969443082907158,-2.3852308457054696,0.020856589223267556,0.07877849991914547,0.2632445739154331,0.37176665287819616,0.0,0.0963163258291218,0.14657522347099108,0.01436032913224266,0.007715442334693731,3.8636329690862147E-4,Lopen
1.0,0.9697295408326813,0.0,0.0,0.055021868521437534,0.029238656284912096,0.8568583516339844,0.5002921182915289,0.023655493915608197,0.023733722880576538,-0.3056996209291309,-0.07600102285076302,-0.024835812034867802,0.0,0.0,-15.772954602349962,-0.9070491804759753,-4.652495948558041,5.956230581728934,-0.5516853729341289,0.0,0.03027045916731875,0.11287118919869701,0.35656623334245546,0.0,0.023655493915608197,0.4452702497700913,0.025783212236525438,0.005504933404335557,7.822896496834256E-5,Lopen
1.0,0.9729282263471174,0.0,0.0,0.27608196559354403,0.2382927413618742,0.8732640333863065,0.519907873200545,0.18512976613994128,0.20228145988789428,-1.0776130244012867,-0.33438683560691274,-0.11510152343781203,0.0,0.0,-54.92775698494119,-16.718882484023602,-0.2345995142458559,-1.0913722655175933,6.348274934011657,0.0,0.027071773652882578,0.09966419296081092,0.3533561601857616,0.0,0.18512976613994128,0.24382590760700093,0.037789224231669825,0.036011281473979896,0.017151693747952987,Lopen
0.9999999999999998,0.9735743512806426,0.0,0.0,0.17406308389166475,0.13177031566147945,0.8746134094430652,0.6299467245740441,0.1051491200800391,0.10541476526304652,-0.4521125364731691,-0.12082542993345742,-0.04022797310864979,0.0,0.0,-32.295928973092444,1.6232893243621032,0.41124712048882905,2.2914034704424937,-2.5660533960382295,0.0,0.02642564871935715,0.09896094183757739,0.24466668486902124,0.0,0.1051491200800391,0.4558836406823793,0.04229276823018529,0.026355550398432938,2.6564518300743E-4,Lopen
0.9765810306562177,0.8890090798966982,0.0,1.0000000000000002,0.1464230875094581,0.11442729510588238,0.6105414872941676,0.238214270093932,0.1040028419590407,0.1082867645510731,0.3575742389294977,0.07966481869485928,0.020360554658582927,0.006696479721854165,0.0,-38.18880631609789,7.750581503933558,5.345527825283862,5.429658606625409,-0.9876463859768658,0.023418969343782466,0.0875719507595195,0.27846759260253057,0.3723272172002356,0.0,0.1040028419590407,0.09179118258447393,0.031995792403575724,0.006140530554809279,0.004283922592032403,Lopen
0.9705863820851282,0.8618458216984671,0.0,0.9999999999999998,0.11975497746289919,0.10765446526873913,0.5235713621408334,0.18758993061548268,0.09532667709945021,0.09789582262334343,-5.579171956164949,0.22617129165580074,0.08021607398275633,0.02828020702511149,0.0,-45.08553317228464,-7.40157825077376,-6.197897048257239,-5.9070564666675125,-11.835454610451205,0.029413617914871674,0.10874056038666098,0.33827445955763374,0.33598143152535076,0.0,0.09532667709945021,0.0678349531525835,0.012100512194160059,0.009758642645395702,0.0025691455238932145,Lopen
0.8632043985749104,0.569403569328025,1.0000000000000002,0.9711400266321207,0.016189082854616718,0.008947746325121419,0.12228344224050754,0.021124366692422396,0.005844096148083577,0.006302344850066203,3.078120293754541,-3.1758726793770142,-0.058124680026499065,-0.016310836568869697,-0.005423280948071506,-18.45337495757233,-5.167348492183075,6.515363049852946,-1.072940470550023,-2.3384735912667454,0.10793562805721028,0.29380082924688533,0.4471201270875175,0.10115907554808515,0.02885997336787931,0.005844096148083577,0.004935283837805678,0.007241336529495298,0.0026454014750552173,4.5824870198262656E-4,Lopen
0.9714099801087747,0.8646261525232004,0.0,1.0,0.011593537532206561,0.007182892472793992,0.5256833040505705,0.07449961644240875,0.003430158546046042,0.003706207164227054,-17.095086722919948,-0.3785731914790994,-0.1106212842571735,-0.03764773057043087,0.0,-9.606278349465562,2.7251527994912204,-6.611237577563223,-2.461839754634404,10.939899369635306,0.028590019891225334,0.10678382758557428,0.3389428484726299,0.4511836876081618,0.0,0.003430158546046042,0.0629060789102022,0.004410645059412568,0.003476685308566939,2.7604861818101157E-4,Lopen
0.9686041870972346,0.8509731573452252,0.0,1.0000000000000002,0.01395918864744293,0.009514631053598894,0.5287590999095209,0.05019865376096814,8.252811073683347E-4,0.006189906954494128,-4.19533202279946,-0.14421859465588271,-0.03908139460693208,-0.013075275911975777,0.0,-4.941528755098499,-12.598826468428861,0.9678548898226285,-2.358012829513239,7.373354769374152,0.03139581290276551,0.11763102975200941,0.3222140574357042,0.47856044614855275,0.0,8.252811073683347E-4,0.036239465113525215,0.004444557593844037,0.0033247240991047646,0.005364625847125794,Lopen
0.9787502917575015,0.8992877438898312,0.0,1.0,0.09677698309109785,0.08933784414395919,0.6070759025197351,0.25378683576431726,0.07374126641314188,0.0752621727079552,0.9198886693479109,-0.05839268895289845,-0.021835011480014002,-0.007850178929303557,0.0,-32.13571147648587,-4.615129080561919,-9.567784060227172,-3.983185406802325,-6.399431401750415,0.02124970824249851,0.07946254786767024,0.2922118413700962,0.35328906675541777,0.0,0.07374126641314188,0.1570098526732194,0.007439138947138664,0.014075671436003979,0.001520906294813312,Lopen
0.8609902806008383,0.49756242838720455,1.0000000000000002,0.9707258798847903,0.007745733947179509,0.0022588105946426897,0.03046439841666085,0.010038680980960673,0.0012817110643724952,0.0014972228613137108,0.6001951062118717,0.6259372011293522,-0.15725349690333756,-0.04949520904378085,-0.01715899608125676,-9.695796235721529,3.9757945792944773,-5.020744420667876,-8.664435553289096,1.4429911230947492,0.10973559928395198,0.3634278522136337,0.4670980299705437,0.020425717435700177,0.029274120115209874,0.0012817110643724952,0.002292947033781165,0.005486923352536819,7.615877333289788E-4,2.1551179694121546E-4,Lopen
0.9701757699694293,0.8588675495075692,0.0,1.0000000000000002,0.0012413927051170676,2.8733299818207774E-4,0.5386418548137517,0.033809389857760726,2.312729000914594E-5,1.9553035631581994E-4,3.003632240447721,0.8086155632654515,0.25500367462018125,0.087951732405795,0.0,0.9183957465260408,2.507494466956778,0.1906787792149266,0.3726594856925529,6.3496117168885755,0.029824230030570862,0.11130822046186008,0.3202256946938174,0.504832464955991,0.0,2.312729000914594E-5,0.03256799715264366,9.540597069349898E-4,9.180264186625786E-5,1.72403066306674E-4,Lopen
1.0,0.9859516846916448,0.0,0.0,0.2766914916563498,0.03340111397762219,0.9324693966509325,0.783213395879486,0.009272929470234687,0.016052661206996797,-0.17210680306320225,-0.06442006246948896,-0.022871133963834257,0.0,0.0,3.1216250731790653,-2.669184025400174,-2.926071363142955,4.371330475828666,-1.8500365372560696,0.0,0.014048315308355137,0.05348228804071231,0.14925600077144652,0.0,0.009272929470234687,0.5065219042231361,0.24329037767872763,0.01734845277062539,0.00677973173676211,Trapop
0.9999999999999999,0.9855735931301934,0.0,0.0,0.28895528040825064,0.07448409933320936,0.930361862006835,0.7570395860044352,0.004646249310053216,0.007854731813924624,-0.15254494608245328,-0.05456850777130936,-0.01928818985949566,0.0,0.0,1.9071905845751511,-1.584866468219009,0.7369085144802554,1.3812654160350801,-0.9580058896333249,0.0,0.014426406869806528,0.05521173112335835,0.17332227600239988,0.0,0.004646249310053216,0.46808430559618464,0.2144711810750413,0.06662936751928474,0.003208482503871408,Trapop
0.9812754613137572,0.9103993535150798,0.0,1.0,0.07373430538728291,0.021520180990383046,0.716934493411874,0.29781619887487487,0.0033202645258691736,0.006983092326029436,0.14970424917563585,-0.08495606100503511,-0.03589869088590942,-0.012999648257076148,0.0,-3.554181708618158,-3.733030477620684,-4.532635779590206,1.7226070079633473,1.6927150633986758,0.01872453868624276,0.0708761077986773,0.1934648601032059,0.41911829453699917,0.0,0.0033202645258691736,0.22408189348759197,0.05221412439689986,0.014537088664353609,0.003662827800160262,Trapop
1.0,0.9857369197078867,0.0,0.0,0.3443054524228452,0.09690678044830357,0.9317759842070709,0.7768465738070115,0.022017540314355526,0.08561872555842948,0.16814435066448985,0.05205608419212368,0.017935689439299376,0.0,0.0,4.176352705117418,7.098153279522055,-2.1103375210917195,2.935505969788317,-0.6458100519143861,0.0,0.014263080292113347,0.053960935500815814,0.15492941040005945,0.0,0.022017540314355526,0.43254112138416617,0.24739867197454166,0.011288054889874083,0.06360118524407395,Trapop
1.0000000000000002,0.9857879821048747,0.0,0.0,0.3700355857679227,0.07316140026726986,0.9315929942175072,0.7517880275682913,5.261330238018405E-4,0.006613742159543204,-0.05072758708021369,-0.01893413128265136,-0.006740702831148431,0.0,0.0,0.743391312592195,-2.5286753825902766,2.802694147036018,1.6158088893585303,-0.2414752096076372,0.0,0.014212017895125446,0.05419498788736752,0.1798049666492158,0.0,5.261330238018405E-4,0.3817524418003686,0.29687418550065287,0.06654765810772667,0.006087609135741364,Trapop
1.0,0.9854924009690639,0.0,0.0,0.17526587821921447,0.1040261915849918,0.9299831140643856,0.7355675841791196,0.007409257809923705,0.010455702378101723,-0.027227468699490887,-0.008986036421787087,-0.003155762308099933,0.0,0.0,2.242856083203158,1.4381715526253025,5.632700986480132,-3.307488424337807,-0.015735765688726616,0.0,0.014507599030936114,0.055509286904678254,0.19441552988526595,0.0,0.007409257809923705,0.5603017059599051,0.07123968663422267,0.09357048920689008,0.003046444568178016,Trapop
1.0,0.9848121618959167,0.0,0.0,0.4996058881991345,0.1267943137699889,0.9263863790593915,0.6813801528019252,7.796428601484047E-4,0.020599965086190587,0.0375554852282564,0.007367760743338602,0.0021991038886288975,0.0,0.0,-0.7600773857477847,-3.832351308696621,1.9561507739766162,-1.3959337320572565,0.12411091765241872,0.0,0.015187838104083326,0.058425782836525254,0.2450062262574661,0.0,7.796428601484047E-4,0.18177426460279075,0.3728115744291456,0.10619434868379832,0.019820322226042183,Trapop
1.0,0.9856025830825287,0.0,0.0,0.17472321718817294,0.1034368852872008,0.9304973612000179,0.7374528982886447,0.007481335873946161,0.010520913508409134,-0.02436037591054277,-0.00824137210813955,-0.002908141948477141,0.0,0.0,2.251979143701791,1.435427981166322,5.608084433758464,-3.3044399296402744,-0.02279636034621582,0.0,0.014397416917471264,0.055105221882510755,0.19304446291137328,0.0,0.007481335873946161,0.5627296811004717,0.07128633190097215,0.09291597177879167,0.0030395776344629742,Trapop
0.9999999999999998,0.9848986897767427,0.0,0.0,0.36469269176570956,0.06623197436228644,0.9274553015597105,0.7249979194893686,0.003066809811107856,0.017233544794098103,0.42629812225769576,0.13827634167293473,0.04806850695453967,0.0,0.0,2.0451238943695884,4.395528352242985,-5.775288242529692,-0.689973500532993,0.5410697742445925,0.0,0.015101310223257256,0.05744338821703224,0.20245738207034183,0.0,0.003066809811107856,0.3603052277236591,0.2984607174034231,0.04899842956818833,0.014166734982990247,Trapop
1.0000000000000004,0.9868919586935486,0.0,0.0,0.44525695512933283,0.0419655005938791,0.9367327206746006,0.7640852985985513,0.011761393853149001,0.03129136767510294,-0.2727226233964275,-0.09040661688906845,-0.03147535781583077,0.0,0.0,3.7488695903370446,-4.830830137518919,-2.3241241924347724,8.26020839226002,-0.9208361297172151,0.0,0.013108041306451742,0.05015923801894805,0.1726474220760491,0.0,0.011761393853149001,0.31882834346921846,0.40329145453545373,0.010674132918776157,0.019529973821953938,Trapop
0.9827458394477047,0.917651122963862,0.0,0.9999999999999998,0.09050280141849125,0.002433192403903999,0.6753561320738404,0.3356686303903847,0.0013332482390659912,0.0017777379985403758,-0.26119276550952747,-0.05922195524419294,-0.021518638883316107,-0.007624887102076065,0.0,-1.876916480266607,-1.0837280596505057,-0.7751473936662936,5.169334752323827,-0.339167577360217,0.017254160552295162,0.06509471648384266,0.2422949908900217,0.33968750168345574,0.0,0.0013332482390659912,0.24516582897189343,0.08806960901458726,6.55454405363623E-4,4.4448975947438454E-4,Trapop
0.9832940956844155,0.9202800973699501,0.0,0.9999999999999999,0.02298622068120986,0.00881891722100337,0.7424182143477791,0.3397111436572524,0.001181905069094773,0.0067755613826298335,-0.39320099301212524,-0.0787162818618457,-0.02837417448847072,-0.010033994748755453,0.0,1.4891497391694082,-3.2396266396365125,1.3584073317107084,-0.22451759587820774,5.933738723283786,0.016705904315584393,0.06301399831446552,0.17786188302217099,0.40270707069052664,0.0,0.001181905069094773,0.3167249229760425,0.014167303460206492,0.0020433558383735366,0.0055936563135350606,Trapop
0.9846280312592001,0.9265479030951038,0.0,1.0,0.10015700677437663,0.02086979939288185,0.7282552396531699,0.4059539631080461,6.3568388053088E-5,0.00942353644420857,0.8970146540219328,-0.0025965604233755685,0.0016111802023195954,7.120407741249939E-4,0.0,0.32222368670772994,3.909975590494473,-0.5713693236603339,-2.0892864699376297,2.00110857094956,0.015371968740799921,0.05808012816409625,0.19829266344193403,0.3223012765451237,0.0,6.3568388053088E-5,0.3057969563336695,0.07928720738149478,0.011446262948673278,0.009359968056155483,Trapop
0.9824984535184594,0.9161802400957494,0.0,1.0,0.06063234259607073,0.007084173489965087,0.689833311822533,0.26474888455282264,0.0030622400182564063,0.0037705623104569174,1.0208197407109054,0.13477575863914992,0.04625521375414758,0.016198326991379748,0.0,2.6677968768301783,-1.2830648307520796,-0.12687540518013685,1.3486699958703272,0.3388203748322489,0.01750154648154062,0.06631821342270997,0.22634692827321626,0.4250844272697104,0.0,0.0030622400182564063,0.20411654195675194,0.05354816910610565,0.0033136111795081685,7.083222922005109E-4,Trapop
1.0,0.9891450460918669,0.0,0.0,0.510166626628518,0.09809679799758861,0.947587942224725,0.7731648998452602,0.02213086365607058,0.022554116203256182,-0.007740390899791533,0.0014951468862808431,7.987558932607032E-4,0.0,0.0,3.9420184594338643,0.5451540747396002,-4.882093118580597,1.8287275745297096,0.31945986349280137,0.0,0.010854953908133187,0.04155710386714187,0.17442304237946482,0.0,0.02213086365607058,0.2629982732167421,0.4120698286309294,0.07554268179433242,4.2325254718559994E-4,Trapop
0.9880315652794582,0.9420824704074592,0.0,1.0,0.12195577596553231,0.00916069761348746,0.7691708260458696,0.40980015939901965,0.003422815262678341,0.006936535904983636,0.3759632734497547,0.01834283806590667,0.007292729928657557,0.0026181834846590976,0.0,2.296136677996606,-2.3264280258295402,0.8562924415268705,1.0637463803274558,-1.4997882684292971,0.01196843472054173,0.045949094871999024,0.1729116443615896,0.35937066664684986,0.0,0.003422815262678341,0.28784438343348734,0.11279507835204484,0.002224161708503823,0.003513720642305296,Trapop
0.772651309125022,0.2616539792925936,0.9999999999999998,0.9504331367516836,0.019741611271133542,0.011343846727439377,0.05777291025190164,0.03528113002916712,0.004318773514911706,0.0065968485099582915,0.011433461430399958,0.015815026478760437,2.009512493912417E-4,4.28879854867911E-5,1.3831968113379824E-5,0.08578988206070923,0.06230743378846165,-0.008883144058431755,-0.039488594867477786,0.025438116785009374,0.1777818276266617,0.5109973298324284,0.20388106904069195,0.02249178022273452,0.04956686324831609,0.004318773514911706,0.015539518758033576,0.008397764543694166,0.004746998217481086,0.0022780749950465857,Tandenpoetsen
0.8155396513921871,0.44194671812831,1.0000000000000002,0.9601858620821923,0.020106824000055576,0.007437205203347722,0.0759484529098851,0.050053588946617385,0.0018938326729513843,0.005133566202477744,-0.002377715813114564,0.001700093674667798,-6.437903720225208E-4,-1.7346916894041706E-4,-5.8117031647388526E-5,0.02612672612326588,0.034171877091669176,-0.011546351934078746,-0.00902964589194443,0.008216465130818564,0.1446462106900051,0.3735929332638771,0.3659982652184249,0.025894863963267716,0.03981413791780797,0.0018938326729513843,0.029946764946561816,0.012669618796707853,0.0023036390008699787,0.0032397335295263592,Tandenpoetsen
0.8306646290758336,0.4049462200898795,1.0,0.9635001419156226,0.01987788080382063,0.016570373466229527,0.13106321251446454,0.03894657177549788,0.0036077809795094116,0.0044736795534787354,-0.008108792468253872,0.012158955466492302,3.0934968067558E-4,1.0672986366375969E-4,3.747407297230843E-5,0.057171936249728654,-0.028008917907617663,-0.04146682410059697,0.007710279598088017,-0.0025183046705751925,0.13283551283978892,0.4257184089859542,0.273883007575415,0.09211664073896665,0.036499858084377376,0.0036077809795094116,0.019068690971677252,0.0033075073375911056,0.01209669391275079,8.658985739693245E-4,Tandenpoetsen
0.7613699143860335,0.3018647275601564,1.0,0.9478575554510311,0.004262111609989189,0.0010976449655179877,0.03498757471043518,0.023953253517879212,2.191219645453848E-4,5.649512895932973E-4,0.010887360369545443,-0.00419761093281793,0.0021583945870716414,5.938792573369101E-4,1.9954618332886448E-4,0.032930143490106284,-0.041369624140465355,-0.017856097264187472,-0.014515652410831165,-0.019344743419843696,0.1864876410649976,0.45950518682587715,0.2668771528497212,0.01103432119255597,0.05214244454896885,2.191219645453848E-4,0.019691141907890026,0.0031644666444712016,5.326936759246906E-4,3.458293250479125E-4,Tandenpoetsen
0.795241532823722,0.36949689140589076,1.0,0.9552255703518753,0.07887501973372368,0.04561328861611282,0.18275474939741404,0.10559225615715923,0.015156620658911681,0.030195197789487666,0.0234416962264404,0.013396296267127877,0.0017229098133958018,5.343037868527045E-4,1.8427484397077402E-4,0.11160765536189853,0.11117219175181543,0.0714782089194096,0.03868950884760974,0.0270271878812256,0.15998403752815338,0.42574464141783125,0.18674214200847677,0.07716249324025481,0.04477442964812467,0.015156620658911681,0.02671723642343554,0.03326173111761087,0.015418090826625154,0.015038577130575985,Tandenpoetsen
0.12459629644361277,0.03581776196835854,0.6982991812197272,0.30716373675425646,0.0035981013844573377,0.0013168586651930755,0.010999350096786917,0.004748769093885207,1.9249696596256106E-4,0.0010518324984604404,-0.02689987527515971,0.03185201921121462,-0.004156417093133846,0.0045383134897496145,0.002043579681023532,-0.05624653065013424,-0.11884069427265143,-3.146209018215669E-4,-0.048603117900963416,-0.008717851682388512,0.18256744031064373,0.08877853447525422,0.02481841187157163,0.006250581002901709,0.39113544446547077,1.9249696596256106E-4,0.0011506677094278688,0.002281242719264262,2.65026166732635E-4,8.593355324978791E-4,Tandenpoetsen
0.8383552674139702,0.5628586871305826,1.0,0.9650860723519975,0.034068281025603074,0.008496860741307288,0.21410291862460554,0.09033524125247172,0.006079010214888125,0.0064383542750179705,-0.0025847143117558257,-5.810363392946621E-4,-2.493236471007921E-4,-6.86570982601957E-5,-2.293130830828028E-5,-0.022557372916526708,-0.005484377216248957,-0.0025837282725477673,0.0011523124046651468,-0.011540956858234275,0.12673080493802732,0.2754965802833876,0.348755768505977,0.12376767737213383,0.034913927648002566,0.006079010214888125,0.05626696022686865,0.025571420284295782,0.002058506466289317,3.5934406012984695E-4,Tandenpoetsen
0.8659326718698384,0.5684506290294193,1.0,0.9710964294354474,0.07234859030334997,0.03502032176294946,0.3395505396806033,0.23085116126809438,0.0020654572917745816,0.0034792668361090023,0.015414446882055009,-0.0010885925961611248,3.625097444869338E-4,9.786400301691629E-5,3.276879864881227E-5,0.019747897926583817,-0.01633835088031773,-0.04765687531383014,0.031171805718110467,0.01540582560544557,0.10516375756560897,0.297482042840419,0.2289000893488161,0.10869937841250889,0.028903570564552596,0.0020654572917745816,0.15850257096474438,0.03732826854040053,0.03154105492684046,0.0014138095443344207,Tandenpoetsen
0.8746846963878444,0.5601672624659826,1.0000000000000002,0.9730634143000648,0.08891374270663399,0.0670302324377633,0.2853555724991708,0.211271274762789,0.034643689854605884,0.03484245220056358,-0.01601211413311187,0.0035461042440749118,6.345320383404016E-4,1.923700090379855E-4,6.589972118599965E-5,-0.08229251438637572,-0.006233261085888703,0.037418477656939605,0.01009214196482364,0.01859960482626412,0.09837871791222039,0.3145174339218618,0.27481168996681177,0.07408429773638178,0.026936585699935314,0.034643689854605884,0.12235753205615503,0.02188351026887068,0.032187780237199724,1.9876234595769544E-4,Tandenpoetsen
0.8359189617714632,0.5105823165469614,1.0000000000000002,0.9644420603828332,0.10153250854685036,0.018226147460043585,0.21354199549841604,0.13027901860893834,0.015045144298373695,0.015908444491400903,0.005835097936481943,0.0070773757383232865,-2.2486982572148738E-4,-5.507988178467566E-5,-1.8204525047833855E-5,0.04009745431654725,-0.00960504804478782,0.010978660923594445,-0.02587395159391586,-0.003578185902468782,0.1285230986113699,0.3253366452245018,0.2970403210485454,0.08326297688947772,0.0355579396171669,0.015045144298373695,0.028746510062087973,0.08330636108680678,0.0023177029686426843,8.633001930272076E-4,Tandenpoetsen
0.5709704926322654,0.20725688049231844,0.970164720269272,0.8607241022410707,0.010029418991733065,0.0030226470466403906,0.10555636737997524,0.026885724648296735,0.0011414401353748824,0.0025682120781539536,-0.01023313880362962,-0.0033781002204951406,0.006784382848883794,2.534389476617455E-4,8.030996925648339E-5,-0.015349772410700183,0.017161397519944516,0.003116129082097403,0.0034126091758193127,0.002771867980443205,0.2897536096088052,0.363713612139947,0.1017005131123432,0.07867064273167852,0.10944061802820135,0.0011414401353748824,0.01685630565656367,0.0070067719450926744,4.5443496848643724E-4,0.0014267719427790712,Tandenpoetsen
0.5178152098177704,0.22836213092794463,0.9656526052268665,0.8408283834873802,0.023587227678741232,0.014889163194512963,0.1271781327178305,0.04668752737608617,0.010700107879493392,0.01295478078031982,0.001347649189780952,-0.003152458717488154,0.001623514712333905,8.572395390728935E-5,2.931578999669099E-5,-0.05189208879049602,0.02382038885802155,0.00895192409238118,5.717705395439296E-4,0.009748152796298164,0.32301317366960974,0.28945307888982574,0.10118399821011413,0.08049060534174433,0.12482422173948632,0.010700107879493392,0.023100299697344936,0.008698064484228269,0.001934382414193142,0.002254672900826429,Tandenpoetsen
0.7774306935487643,0.3096410115505077,1.0000000000000002,0.9515453399972451,0.015457872060091287,0.004510625244660433,0.054233772941805085,0.023028620563006696,1.4174716090722126E-4,0.0012392627861165925,0.01042009655731306,0.010711417066112342,-2.0071987556073413E-4,-5.8900538289942536E-5,-2.0490399146439267E-5,0.014022830808887818,0.03901969456910909,-0.021794857230425617,-0.01719239069874666,0.008850964366149391,0.17411464644848088,0.46778968199825643,0.2554072386087027,0.031205152378798392,0.048454660002754946,1.4174716090722126E-4,0.007570748502915408,0.010947246815430856,0.003271362458543841,0.0010975156252093713,Tandenpoetsen
0.8006030320892704,0.44636548297466144,1.0000000000000002,0.956621103679166,0.04017185592926749,0.03744264298178695,0.09335287854032558,0.06475748064770102,0.027887129162617295,0.02827400938454714,-0.007399015733817755,0.03753378980625585,-8.001309478411955E-4,-1.9307264927881544E-4,-6.310890870636559E-5,0.17004117043189276,-0.020028132030821877,0.008563088835375966,0.007451868014619851,0.03902070573710638,0.15601807158989564,0.35423754911460886,0.35301260443433585,0.028595397892624552,0.04337889632083429,0.027887129162617295,0.024585624718433532,0.0027292129474805423,0.009168633597239809,3.868802219298432E-4,Tandenpoetsen
0.43625182362763926,0.17765791462709607,0.9621471894326513,0.8248446426925757,0.010744598161258202,0.007926975270893756,0.0967421217951441,0.05600241958234026,0.004408217787574867,0.007145260757686005,0.0021679993357596483,-0.0016760812897636875,0.004405900023605775,2.0143117899739667E-4,5.9799780815891396E-5,0.031715513422469026,0.02499085028862769,-1.625927148776931E-4,0.01070500991917243,-0.008724494463171893,0.38859281906493653,0.2585939090005432,0.08091579283195195,0.040739702212803854,0.13730254674007553,0.004408217787574867,0.045257821421082055,0.002817622890364445,7.817145132077526E-4,0.002737042970111138,Tandenpoetsen
0.8008923812689263,0.404484733851457,1.0,0.956833912500675,0.06115113019899793,0.0591983173633526,0.13790322001529162,0.0714341343783853,0.042791009190344724,0.05895297076222463,0.03685254859363857,-0.04181936839366811,0.0025125131865696474,7.291985824119956E-4,2.4696475548941096E-4,0.2970648575145509,0.18256690307890916,0.011457196019176144,-0.008226102871914606,-0.016043208252508823,0.15594153123174873,0.39640764741746914,0.26658151383616535,0.06646908563690632,0.04316608749932514,0.042791009190344724,0.010283004179387371,0.001952812835645328,2.4534660112796464E-4,0.01616196157187991,Tandenpoetsen
0.999342743252054,0.9967881375444962,0.0,1.0,0.8815438957276278,0.7077865102203009,0.9891148109611954,0.9682096293774923,1.8085213862690204E-4,0.6040763146206982,-0.013972567000083298,-1.63506190910244E-4,-7.020652734475067E-5,-2.5518435842756995E-5,0.0,-0.028276981216063368,-1.6340001880346797,0.408602552067293,0.05936451236603383,-0.019721345122219562,6.572567479460112E-4,0.002554605707557695,0.007673326583300969,0.020905181583703008,0.0,1.8085213862690204E-4,0.0866657336498645,0.17375738550732683,0.10371019559960279,0.6038954624820713,LiftAD
1.0,0.9990743171911692,0.0,0.0,0.9386083462080081,0.7950093029218191,0.9954779880240067,0.9814293411196858,0.010456789218814773,0.770577680474217,-0.007154381803846033,-0.0024179506225721174,-8.487657474556961E-4,0.0,0.0,-0.3240894903903966,-2.7631668210014038,-0.12920786608592522,0.060276656851000004,-2.6048822140498085E-4,0.0,9.256828088308154E-4,0.0035963291671625487,0.014048646904320908,0.0,0.010456789218814773,0.0428209949116777,0.14359904328618894,0.024431622447602018,0.7601208912554023,LiftAD
1.0000000000000004,0.9993301859909361,0.0,0.0,0.9459101836984803,0.8095235974433206,0.9966795982810923,0.9862518424565563,0.027736785882334507,0.5572448193175581,-0.01072512118131912,-0.003771937149646438,-0.0013323187664848312,0.0,0.0,-0.5258994695915947,-2.2977932140431863,-0.10278705497241691,-0.083510570310012,-0.044902788246448014,0.0,6.698140090641948E-4,0.0026505877098438467,0.01042775582453605,0.0,0.027736785882334507,0.040341658758075875,0.13638658625515973,0.2522787781257624,0.5295080334352236,LiftAD
1.0000000000000002,0.9991062650943572,0.0,0.0,0.9321082425654862,0.838667293117668,0.9956101168928203,0.982812434687087,0.02497565418135226,0.38306840999242614,-0.010566224642054813,-0.0036949875413167885,-0.0013045516126126513,0.0,0.0,-0.4873594596505997,-1.845392416635257,-0.045673112603123234,-0.18509780292295622,-0.0054283191907088454,0.0,8.937349056429004E-4,0.00349614820153685,0.01279768220573321,0.0,0.02497565418135226,0.05070419212160091,0.09344094944781824,0.4555988831252419,0.35809275581107386,LiftAD
1.0000000000000002,0.9993760954356844,0.0,0.0,0.944674450502529,0.8572262445963632,0.9969248380918022,0.9880668958917735,0.18284780863853944,0.24215109235769466,-0.010803844987296612,-0.003867960700325319,-0.00137062409943811,0.0,0.0,-0.9782157961842096,-0.5570948739906555,-0.31159878753708453,-0.11059955330906633,-0.036535472472811255,0.0,6.239045643156634E-4,0.002451257343882256,0.008857942200028647,0.0,0.18284780863853944,0.04339244538924456,0.08744820590616575,0.6150751522386684,0.05930328371915522,LiftAD
0.9999999999999998,0.9992037886169679,0.0,0.0,0.9508372332473409,0.7992518155801189,0.9961056480694241,0.9847263474411346,0.015353232961833139,0.7465033006495221,-0.006445952253933596,-0.0022659035041253436,-8.008782945258461E-4,0.0,0.0,-0.38255816418996447,-2.639981096330782,-0.07969104571333013,0.024629788349675774,-0.021496542392663,0.0,7.962113830319847E-4,0.003098140547543748,0.011379300628289506,0.0,0.015353232961833139,0.033889114193793805,0.15158541766722206,0.0527485149305968,0.731150067687689,LiftAD
1.0000000000000002,0.9992513771610843,0.0,0.0,0.9584877505939335,0.7858924424963205,0.9963080364006258,0.9855549374843648,0.020250870010530716,0.6803119721752192,-0.007288753730058082,-0.0026313521481887243,-9.327669764659687E-4,0.0,0.0,-0.4437346487961793,-2.533340515730651,-0.07183375670962194,0.04144103101457902,-0.02355543176700032,0.0,7.486228389159389E-4,0.0029433407604583443,0.010753098916260893,0.0,0.020250870010530716,0.02706718689043131,0.17259530809761311,0.10558047032110125,0.6600611021646885,LiftAD
1.0,0.9994091385441253,0.0,0.0,0.9636600028966974,0.8876621493510755,0.9971125744164325,0.9879999427923402,0.5663977581146629,0.5812551743509166,0.001414372278154621,4.2874644682293437E-4,1.466272535522616E-4,0.0,0.0,-1.1590052923111958,0.1877138432178539,0.12803520967280255,-0.020036751793820515,-0.0022342898537332217,0.0,5.908614558746483E-4,0.0022965641276928035,0.009112631624092303,0.0,0.5663977581146629,0.024339939895642877,0.07599785354562197,0.30640697500015895,0.014857416236253647,LiftAD
1.0,0.998458751601778,0.0,0.0,0.9178663362576072,0.8369508316811936,0.9925979530809892,0.9691960833433435,0.5545243390983612,0.5766636005905382,-0.0027314567535294894,-9.50347101968446E-4,-3.354819289021753E-4,0.0,0.0,-1.1225383090588243,-0.22429646534497205,0.13010679977583625,-0.034169626974017445,0.023165846690289642,0.0,0.0015412483982219529,0.005860798520788805,0.02340186973764564,0.0,0.5545243390983612,0.051329747085736434,0.08091550457641358,0.2602872310906554,0.022139261492176904,LiftAD
0.9999999999999998,0.9994954122655247,0.0,0.0,0.9681556206461962,0.9053578094691094,0.9975275066573752,0.9906825667199678,0.5818780542333722,0.5848362275102669,6.883254251728145E-4,1.9176223741189982E-4,6.388174281055941E-5,0.0,0.0,-1.1782071657185584,-0.08400738682144937,0.167194250237292,0.03159435443538265,-0.004536516693632333,0.0,5.045877344751714E-4,0.00196790560814956,0.006844939937407454,0.0,0.5818780542333722,0.022526946073771655,0.06279781117708678,0.32052158195884256,0.002958173276894577,LiftAD
0.9999999999999998,0.9987856929678283,0.0,0.0,0.9270814855278188,0.8494221801429396,0.9941482183950162,0.9808798129707554,0.05053670407470698,0.3723642409185186,-0.011631688834501008,-0.004278536651150499,-0.0015219470861898986,0.0,0.0,-0.6965018033516919,-1.7576418658029147,-0.07986442066990107,-0.18076670770283862,-0.08996476997490607,0.0,0.0012143070321715495,0.004637474572812111,0.013268405424260797,0.0,0.05053670407470698,0.053798327442936764,0.07765930538487922,0.47705793922442097,0.3218275368438116,LiftAD
0.9990450703729633,0.9952907521742272,0.0,1.0,0.7945777444321729,0.5983805638724138,0.9811250402459261,0.9507352950578084,1.6925485932038102E-5,0.02914069458958631,-0.01290939135991954,-2.798622297733663E-4,-1.0551976335972641E-4,-3.751941785703213E-5,0.0,-0.012666916466430866,-0.525441200184521,-1.198941375466334,0.18400700502267722,-0.04509330270731249,9.549296270368014E-4,0.0037543181987360233,0.014165711928301152,0.030389745188117576,0.0,1.6925485932038102E-5,0.15615755062563552,0.1961971805597591,0.5692398692828274,0.02912376910365427,LiftAD
1.0000000000000002,0.9984241347417463,0.0,0.0,0.9262316166600422,0.849572631666122,0.9924506101713243,0.9756135613194286,0.4858282275599172,0.6569707101529215,-0.007281317945374542,-0.002501746409975056,-8.803420233315275E-4,0.0,0.0,-1.1134778615588485,-0.6608747029670018,0.07081542226380741,-0.06479304141189235,0.032467400936077105,0.0,0.0015758652582538158,0.005973524570421965,0.016837048851895714,0.0,0.4858282275599172,0.04938194465938643,0.07665898499392014,0.19260192151320027,0.17114248259300435,LiftAD
0.9989852150841005,0.9950081757722159,0.0,0.9999999999999998,0.7840820145608641,0.568093626523323,0.9815597767831663,0.9361015491307194,4.064253946616068E-5,0.03343352296871058,-0.025767103701210083,6.394060715997308E-5,1.0418241100714203E-5,2.972690946792421E-6,0.0,-0.019966893052358436,-0.5723306639602822,-1.1805314449677273,0.19294065376073477,-0.03327818586981018,0.0010147849158991837,0.003977039311884694,0.013448398989049603,0.04545822765244692,0.0,4.064253946616068E-5,0.15201953456985537,0.21598838803754114,0.5346601035546124,0.03339288042924442,LiftAD
1.0000000000000002,0.9987802167749215,0.0,0.0,0.9157615202361745,0.8205881534542244,0.9941106801252491,0.9822909141757026,0.3451261316920879,0.6674388089966609,-0.00798285876268994,-0.0028723747779932345,-0.001019742821292256,0.0,0.0,-0.978264748762522,-0.9453794903295227,-0.1322618805237174,-0.061243300751264974,0.004087229621239152,0.0,0.001219783225078636,0.004669536649672447,0.011819765949546488,0.0,0.3451261316920879,0.066529393939528,0.09517336678195007,0.15314934445756356,0.3223126773045729,LiftAD
1.0000000000000002,0.9990897674770094,0.0,0.0,0.9511973697470163,0.8756313565309899,0.9955921146108471,0.98546351107319,0.35883026603481677,0.40502742251570506,-0.006583564692190538,-0.0023879472969919454,-8.473550822206138E-4,0.0,0.0,-1.0853573464696875,-0.38943576975211047,-0.2900791319998322,-0.0035333824884958565,-0.06679613897018345,0.0,9.102325229907831E-4,0.003497652866162226,0.01012860353765717,0.0,0.35883026603481677,0.03426614132617361,0.07556601321602639,0.47060393401528483,0.04619715648088829,LiftAD
0.729246196974549,0.3419887820649576,0.9840809666315413,0.9237540249465055,0.0015135249840932494,7.406479185093679E-4,0.05114987923755604,0.03147577175006933,2.2167768684376726E-5,5.384454647741263E-4,0.1569472546924575,-1.0653225452428752,0.19499106798465718,-0.030241298259464172,-0.009916495764606325,0.5209623028379712,-2.5141257129094954,-0.9994722123414159,-0.9427563764772358,5.497530196382651,0.19450782797195668,0.38725741490959126,0.29083890282740155,0.0196741074874867,0.06032694168503574,2.2167768684376726E-5,0.029962246765976083,7.728770655838814E-4,2.0220245373524167E-4,5.162776960897496E-4,Fietsen
0.9420429667669161,0.7890282416264729,1.0,0.9880601218743343,0.017494356514650505,0.005254175295753503,0.4201881230275064,0.021367720011947165,6.393900007082423E-5,1.3749735304087422E-4,0.26304556984087013,-0.05741122089416095,-0.03461437419390834,-0.010776188587307,-0.0037005759275410156,-0.7178603678879285,0.769968672196429,4.54080300025346,-2.1467273295484928,-0.06653812715372517,0.04601715510741834,0.15301472514044315,0.3688401185989664,0.39882040301555927,0.01193987812566562,6.393900007082423E-5,0.003873363497296664,0.012240181218896999,0.0051166779427126285,7.355835297004999E-5,Fietsen
0.9433660635020163,0.8027268924978803,1.0,0.9882657077966569,0.034751616388277985,0.002993537769067111,0.4797600932298515,0.056286656465170865,4.1583031228053667E-4,5.633097451211165E-4,0.40072823710005595,-0.5142862178907562,0.027898877377751333,0.009558222026297337,0.0033581447383008124,1.4510466836054958,0.8641498166521469,-0.7949315435410975,-1.3007478248390623,0.5722790416368225,0.04489964429464051,0.14063917100413603,0.3229667992680288,0.42347343676468063,0.011734292203343068,4.1583031228053667E-4,0.021535040076892883,0.03175807861921087,0.0024302280239459945,1.4747943284057987E-4,Fietsen
0.9812701176226217,0.9109180992731731,0.0,1.0,0.04884954116973962,0.006799742963173699,0.684590575865317,0.32119207416568835,3.3385198293412523E-4,3.536011872594339E-4,0.6030510715016004,0.10420606291363957,0.029432676681570014,0.009915350982083437,0.0,1.0742303765313048,0.2612734322338093,1.1622706921128323,-1.0367683883141174,-0.3390292113663431,0.018729882377378184,0.07035201834944857,0.2263275234078562,0.3633985016996287,0.0,3.3385198293412523E-4,0.27234253299594874,0.04204979820656592,0.006446141775914265,1.9749204325308673E-5,Fietsen
0.8100299696938896,0.47310878888643665,0.9887620052943412,0.9458298246295112,0.001242890024880221,8.971217500018208E-4,0.060104574371309824,0.03783053573792144,4.385240494004228E-5,5.917641077416102E-4,0.18255694391007687,-0.4057241454128494,-0.13779662456940256,-0.007603324230449408,-0.0029119712657584493,-0.6552899756855516,-2.3162855868546357,0.4871749021463448,-0.26532902813090453,2.6239370909458355,0.1357998549356215,0.336921180807453,0.4130042145151268,0.022274038633388393,0.0429321806648302,4.385240494004228E-5,0.03658764571304121,3.4576827487840025E-4,3.053576422602106E-4,5.479117028015679E-4,Fietsen
0.8252820789317601,0.5148592353244904,0.9901121226405062,0.9523430716737509,0.0035172553244142628,0.001109331505964682,0.13560575106859288,0.028955297270806788,6.768999578006017E-5,3.5216060855598904E-4,-0.38925896378959646,0.2600889355061725,-0.15965025325734966,0.016559978761737655,0.005763076082783166,-0.5611818872252576,1.1504297549572082,1.0471538930691189,-0.6666201757355612,-0.44619443816584814,0.12706099274199073,0.3104228436072696,0.3792534842558975,0.10665045379778611,0.03776905096675534,6.768999578006017E-5,0.025438041946392525,0.0024079238184495813,7.57170897408693E-4,2.844706127759289E-4,Fietsen
0.935589610544644,0.7465941592649548,1.0000000000000002,0.986542558817398,0.006699283533876341,1.3140880545366051E-4,0.4274176686848129,0.05906999173972823,2.6241532964349396E-5,7.061884423085656E-5,-0.33350523122992803,0.01938330904179958,0.010047392211958966,0.0012999676880979666,3.234934117653139E-4,0.38712983358347575,-0.5034339883930489,0.41663755825751175,1.769728244868019,-2.5985061003282635,0.050952948272754164,0.1889954512796892,0.31917649058014186,0.36834767694508463,0.01345744118260201,2.6241532964349396E-5,0.05237070820585189,0.006567874728422681,6.078996122280395E-5,4.437731126650717E-5,Fietsen
0.9600054688452911,0.8508114230268227,1.0,0.9917817743521756,0.03184735863084333,2.4955517478395965E-4,0.5407455934275995,0.08531743936530972,1.8914246329084164E-5,1.9490854845867972E-4,0.011630872865324382,-0.10420084460050544,0.02782276594640632,0.010034477108660107,0.003551124386030124,0.3043053668116405,-0.9282487972890148,-0.13375872888269716,6.159411317927693,1.1329933077904395,0.03177630550688454,0.10919404581846849,0.31006582959922313,0.4554281540622898,0.008218225647824276,1.8914246329084164E-5,0.05347008073446639,0.03159780345605937,5.464662632527995E-5,1.7599430212959555E-4,Fietsen
0.9821184653716151,0.9150353154490267,0.0,1.0,0.07274705015296702,0.010672239223635886,0.7379308299284532,0.3902711548578806,2.0337890447263353E-4,2.2816328199827248E-4,-1.146883429493117,0.014084785840468211,-1.2747344198160704E-4,-3.142181289017042E-4,0.0,0.7906111653813116,0.2759935924412923,-3.7119412305920445,2.4164566271468857,0.621406820420753,0.01788153462838498,0.06708314992258832,0.17710448552057345,0.3476596750705726,0.0,2.0337890447263353E-4,0.31752410470491355,0.06207481092933114,0.010444075941637614,2.4784377525638963E-5,Fietsen
0.9174977361826373,0.7317088634829122,0.9999999999999998,0.9826748770170389,0.021517236744019563,7.307378319479463E-4,0.35861231090226375,0.09328241494577995,3.4722958476980215E-5,6.42630613558518E-5,-0.3664572987126775,-0.48476311479632966,0.031308142036429364,0.009050418387693843,0.003055782658631307,0.4275658421683734,-0.39436706999156196,-0.9054662357549602,-5.043087542219939,3.0327463086490036,0.06517714083440163,0.18578887269972516,0.3730965525806484,0.2653298959564838,0.01732512298296097,3.4722958476980215E-5,0.07176517820176039,0.020786498912071617,6.664747705920945E-4,2.954010287887158E-5,Fietsen
0.9880494089032835,0.9425982184965688,0.0,1.0000000000000002,0.06312112948887706,0.051007037561250204,0.8039738960398016,0.4223193913088135,7.646112761209222E-5,6.678928460931992E-4,-1.1466493728404206,0.036958363093719776,0.01342639329505291,0.004764064172471414,0.0,0.424023589202483,1.1792936895560948,-7.6578933838318015,-0.443523419422132,0.9052409334563403,0.011950591096716758,0.04545119040671477,0.13862432245676706,0.38165450473098816,0.0,7.646112761209222E-5,0.3591982618199364,0.01211409192762685,0.050339144715157005,5.91431718481107E-4,Fietsen
0.9356176147409286,0.7832185715251759,1.0,0.9866505907584909,0.025666364654603667,0.007440050240645763,0.40411121805727696,0.03011560021034588,7.447660600766788E-4,9.22045782834365E-4,-0.20043321630641386,0.04734309472771642,0.016361264705065923,0.004969213650961007,0.0016902311569600955,-2.1412228789173837,1.0446756417263252,-0.5275102135774143,0.3213885682047697,-0.9311448665977906,0.05103297601756234,0.15239904321575282,0.3791073534678989,0.3739956178469311,0.01334940924150896,7.447660600766788E-4,0.004449235555742214,0.018226314413957903,0.006518004457811397,1.7727972275768632E-4,Fietsen
0.908196942463379,0.6620575060859384,1.0,0.980667447847376,0.017442600202834672,8.92982158496132E-4,0.31104892335560974,0.05374650879254398,6.340096211979322E-4,6.381196683492974E-4,-0.41907621066942347,0.32583314195158863,0.012231567531738284,0.0023832649145003847,7.319712999969818E-4,2.1249017866090063,0.17108594759792195,-0.2685581270823467,3.9678824806778317,-0.4242534690675136,0.07247050538399706,0.24613943637744062,0.35100858273032864,0.25730241456306574,0.019332552152623937,6.340096211979322E-4,0.03630390858970931,0.01654961804433854,2.548624901468346E-4,4.110047151365134E-6,Fietsen
0.9600054688452911,0.8508114230268227,1.0,0.9917817743521756,0.03184735863084333,2.4955517478395965E-4,0.5407455934275995,0.08531743936530972,1.8914246329084164E-5,1.9490854845867972E-4,0.011630872865324382,-0.10420084460050544,0.02782276594640632,0.010034477108660107,0.003551124386030124,0.3043053668116405,-0.9282487972890148,-0.13375872888269716,6.159411317927693,1.1329933077904395,0.03177630550688454,0.10919404581846849,0.31006582959922313,0.4554281540622898,0.008218225647824276,1.8914246329084164E-5,0.05347008073446639,0.03159780345605937,5.464662632527995E-5,1.7599430212959555E-4,Fietsen
0.9190974945009135,0.7204270743248241,1.0,0.983011499459835,0.024263800664714,0.0017797668316324503,0.34042986948571075,0.0459067140650191,3.5337292850503085E-4,0.0014611083134388055,-0.2672275558822459,-0.6141540106645869,-0.08366328904384002,-0.02775068452750331,-0.009680302118044729,-1.4496522567058738,-2.5666415026653997,-0.11136657818210421,5.264653331520701,1.2870360491112054,0.06391400495892155,0.1986704201760893,0.3799972048391134,0.2945231554206917,0.01698850054016501,3.5337292850503085E-4,0.021642913400305098,0.022484033833081552,3.186585181936448E-4,0.0011077353849337744,Fietsen
0.9145173670949074,0.6878110558696298,1.0,0.9820928680320524,0.022974124151833454,5.347062876750585E-4,0.35005291744781647,0.06312593330005072,9.611134828471051E-5,1.1345851486234306E-4,1.343915368095756,-0.43555549052649245,0.11033285477633323,0.03368260364272602,0.011583988893196902,0.7850924415462759,0.33353985512523354,0.9479813022966548,-5.585149482135437,0.4870169280984349,0.06757550093714501,0.22670631122527762,0.33775813842181324,0.2869269841477658,0.017907131967947625,9.611134828471051E-5,0.04015180914821727,0.022439417864158397,4.2124777281271543E-4,1.7347166577632552E-5,Fietsen
0.8832455733967707,0.6185912674900277,0.9999999999999998,0.9754151700773827,0.003911134429052928,0.001267305913032915,0.17202259177219809,0.018775157799645264,1.1840376268206789E-4,1.1854102103554679E-4,0.5705983054968256,-1.5902907623623794,-0.06430336445559656,-0.020965855563034232,-0.007246761258021895,0.9582235909783383,-0.03262522378605737,2.0019323146137045,-1.1416742935454425,-1.6230680322464826,0.09216959668061202,0.26465430590674305,0.44656867571782966,0.15324743397255283,0.024584829922617072,1.1840376268206789E-4,0.014864023370592335,0.0026438285160200127,0.0011487648919973681,1.3725835347890195E-7,Wandelen
0.9694476393342367,0.8558719867992445,0.0,1.0,0.02848745363030449,0.006662037759124755,0.427399471401252,0.11646043451396598,1.4570707892378224E-5,0.003782699879648148,-2.0538756263206106,0.0402988861097882,0.00845902896993108,0.002625594260042762,0.0,0.17783531927755547,-2.859832413212053,-0.02148166928057149,-2.2510518189369972,1.5297961031737821,0.03055236066576323,0.11357565253499227,0.4284725153979924,0.310939036887286,0.0,1.4570707892378224E-5,0.08797298088366148,0.021825415871179733,0.0028793378794766075,0.00376812917175577,Wandelen
1.0,0.9681863342116415,0.0,0.0,0.17774982650351326,0.07841090020736852,0.8510399708176416,0.7508083946875995,0.005003280253983828,0.005719489293124543,-0.04602586086363397,-0.020228171823472245,-0.007323114566207635,0.0,0.0,-2.521484763802185,-0.9540010047653419,5.5686345993787825,-5.1202491962351,-0.007381008764941743,0.0,0.03181366578835854,0.11714636339399999,0.10023157613004195,0.0,0.005003280253983828,0.5730585681840863,0.09933892629614476,0.07269141091424397,7.162090391407157E-4,Wandelen
0.9739242884434557,0.8767828609995139,0.0,0.9999999999999998,0.028676626428025886,0.0012394033269533566,0.6911814420495139,0.15696870728120893,2.0224760235529267E-4,4.038659861152336E-4,-2.3636797480506213,-0.024302756739893266,-0.013213261855630508,-0.004934521798382502,0.0,0.7356425913102723,0.7344973599856847,0.22494771392664809,2.195724615320974,1.7814109902397632,0.02607571155654413,0.09714142744394182,0.18560141894999993,0.534212734768305,0.0,2.0224760235529267E-4,0.12829208085318305,0.027437223101072526,8.355373408381229E-4,2.0161838375994085E-4,Wandelen
0.8815115053929076,0.5985729636050926,1.0,0.9749845024599197,0.005626241548000097,0.003143610622372738,0.1268755575076884,0.023943129238985093,0.0012349610758071055,0.0013194198782019717,0.15767031791893016,1.6905130927332168,-0.00415981641110711,-4.782719762822206E-4,-1.0637322093622233E-4,3.3744859254133406,-0.8824771028876031,-2.1005329276956246,-0.8081970970102504,-0.12004348914587767,0.09347299706701218,0.282938541787815,0.47169740609740424,0.1029324282687033,0.025015497540080183,0.0012349610758071055,0.018316887690984995,0.00248263092562736,0.001824190744170766,8.445880239486627E-5,Wandelen
0.8709446939965245,0.5775754418538664,1.0000000000000002,0.972768845825381,0.0030013186301387717,0.001983472317925819,0.16188401636278632,0.03224794429978736,7.070328027970257E-4,0.0010348627941496268,0.2131573229334474,-0.9419066583996233,0.04390422560284177,0.013847282256493142,0.004767009080799089,2.375327462454365,-1.617439516344827,-1.3746363346795705,-0.09648766167573897,0.6459322798146699,0.1018241518288565,0.2933692521426581,0.41569142549108,0.12963607206299899,0.027231154174619118,7.070328027970257E-4,0.029246625669648592,0.0010178463122129525,9.486095237761922E-4,3.27829991352601E-4,Wandelen
0.9740909220391293,0.8781206439416239,0.0,1.0,0.009099512605887506,0.008070894880367609,0.6141190103353994,0.12423964387444549,0.0010286107924605181,0.0024666786465931266,-0.5097652396060935,-0.024494508956170835,-0.012220865956800157,-0.0045111636308180735,0.0,-1.751975119251296,-2.0715340920338035,0.7501510891693364,0.22548617504588345,4.397555101174853,0.025909077960870705,0.09597027809750541,0.26400163360622453,0.4898793664609539,0.0,0.0010286107924605181,0.11514013126855797,0.0010286177255198947,0.005604216233774484,0.0014380678541326085,Wandelen
0.8772733476932535,0.6308236421252071,1.0000000000000002,0.9741392842574074,0.014687157622135802,0.0013274184001281165,0.14294187989809296,0.02185977744506256,1.2327576718716966E-5,1.348596114892777E-4,0.614972271465609,0.02509623504626146,-0.010455507408142939,-0.0013551771926458636,-3.4409801982306955E-4,-0.29416420515243774,0.927418577138656,1.4698355328390327,0.4678531497048328,-0.8630265392950205,0.09686593656415392,0.24644970556804624,0.4878817622271142,0.12108210245303039,0.02586071574259291,1.2327576718716966E-5,0.007172619822926757,0.013359739222007687,0.0011925587886388387,1.2253203477056074E-4,Wandelen
0.8756516952281236,0.6062647305867501,1.0,0.9736608857679826,0.019036649257211352,0.010166273402960955,0.14552134659014312,0.03570795350396497,0.0014754738851658438,0.0030178030548920604,-0.19871627453407958,-0.7713788877406387,-0.016483321289276962,-0.0030443151837227164,-9.172086012982188E-4,3.750586329989299,3.8346165204021565,-5.428202001612513,-2.8940138783520126,-0.3092339412432401,0.09800919053985906,0.2693869646413734,0.460743383996607,0.10981339308617816,0.02633911423201745,0.0014754738851658438,0.016671304246753615,0.008870375854250396,0.0071484703480688945,0.0015423291697262164,Wandelen
0.6069225124797448,0.16591502328959312,0.9729250958451143,0.8720780622123455,0.002300251554851819,2.7811370187386184E-4,0.03196898204950768,0.0073965123395962,1.346176129973559E-7,2.278049215383645E-5,-1.5864419886450458,-0.4890724940320176,0.3693071905897751,-0.012301915091273284,-0.00394832668195403,0.04544821025790541,-0.5894682135563565,1.0141002130266266,-1.8477751670191536,0.2893567730088453,0.2651555497326008,0.44100748919015165,0.13394604124008544,0.024572469709911483,0.10084703363276869,1.346176129973559E-7,0.0050962607847443815,0.002022137852977957,2.5533320972002537E-4,2.2645874540839097E-5,Wandelen
0.9718883983391594,0.8676840784231279,0.0,0.9999999999999999,0.020703863558778086,0.0033810431656021,0.6054911681205032,0.13904791576665412,1.2864512436607068E-4,0.0025413098652972838,0.28600372748766817,0.0662265569967583,0.024623649470350957,0.008705120270071252,0.0,0.7074966356366852,3.0639113971864953,1.2751518290464587,1.4103435300464586,-1.5741193040354378,0.02811160166084052,0.1042043199160315,0.26219291030262465,0.46644325235384915,0.0,1.2864512436607068E-4,0.11834405220787604,0.017322820393175987,8.397333003048161E-4,0.0024126647409312128,Wandelen
0.14874106216835142,0.025706936746257725,0.8689436974887064,0.554218327930816,5.520810585551433E-4,2.2393521190883536E-5,0.00689281780169975,0.0021428275012939967,1.6429948285285275E-5,2.11359720870686E-5,0.010069682110327494,0.1684161121622203,-0.4148354256589196,-0.2512073904420891,0.005492182649238056,0.7584676829715085,0.40592522719613533,-0.1324939785315226,1.9606090176105972,-1.0829979500037765,0.4054772657624646,0.12303412542209372,0.018814118944557975,0.004749990300405754,0.3147253695578903,1.6429948285285275E-5,0.0015907464427388533,5.296875373642598E-4,1.2575491038149342E-6,4.706023801783325E-6,Wandelen
0.8686317284424487,0.5713149311893723,1.0,0.9721736886885176,0.01322421684530436,6.85436561137428E-4,0.13715121295554958,0.03065315911137121,2.929797371004823E-4,2.9883158553003385E-4,-0.26823915935698567,-0.5877409404556411,0.01187131108693722,0.0031602104097180807,0.0010988406587904133,1.573365718727905,-0.22236038905587396,-1.2561894467152677,4.370547996410402,1.8751478233666572,0.10354196024606888,0.2973167972530764,0.43416371823382266,0.10649805384417836,0.027826311311482315,2.929797371004823E-4,0.01742894226606685,0.012538780284166934,3.8660497560739405E-4,5.851848429551572E-6,Wandelen
1.0,0.9663071751179686,0.0,0.0,0.12177937541693303,0.04413425772565344,0.8410027561398457,0.3584951901609598,0.0037285788008919233,0.008419843557510279,-0.18996016149155032,-0.05518749535344836,-0.018777730566337712,0.0,0.0,-2.3546081958650906,2.6411432685773204,-4.383561547849989,-0.2586112361042461,-0.9783378133839267,0.0,0.03369282488203138,0.125304418978123,0.4825075659788857,0.0,0.0037285788008919233,0.23671581474402678,0.07764511769127959,0.03571441416814316,0.004691264756618356,Wandelen
0.9751140124405373,0.8818280966998114,0.0,0.9999999999999998,0.04947905459048586,0.006650906390585099,0.6719618818138041,0.19523215882182582,0.0024904201021901467,0.005860208674447383,0.6646217127283294,0.02093770225667764,0.00866407457825346,0.0031065703927212404,0.0,2.4563910277788135,-2.8573439570269525,-0.6641007372133516,0.10176743757375584,-1.6380159413869264,0.02488598755946252,0.09328591574072582,0.2098662148860074,0.47672972299197824,0.0,0.0024904201021901467,0.14575310423133997,0.04282814819990076,7.906977161377151E-4,0.003369788572257236,Wandelen
0.8698642892602134,0.5536699395302321,1.0000000000000002,0.9724269887543425,0.00922577230111247,8.756273032364593E-4,0.13481920375802492,0.03156686088862625,9.323797289146021E-5,1.9174337005452413E-4,-0.34355027869109656,-0.7201614311572164,-0.09140341269363843,-0.027681332377800703,-0.009482012186685113,0.854630310907861,0.8784395757042416,-1.6345121991287463,3.009650241754784,-1.4310722731367433,0.10256269949412905,0.31619434972998123,0.41885073577220727,0.10325234286939866,0.027573011245657683,9.323797289146021E-5,0.02234108858751378,0.008350144997876011,6.838839331819352E-4,9.850539716306392E-5,Wandelen
1.0,0.9974867800464948,0.0,0.0,0.9187666221061124,0.7679382350005536,0.9879053054016972,0.9509806235127732,0.4328354311303106,0.5712403799035363,0.007255477445201412,0.002604731724158712,9.228307512556843E-4,0.0,0.0,1.0673948089683662,0.6035864668307978,-0.06288650019782066,0.039429229868056005,0.04051944903288323,0.0,0.0025132199535052332,0.009581474644797574,0.03692468188892395,0.0,0.4328354311303106,0.03221400140666088,0.15082838710555882,0.19669785509701726,0.13840494877322565,LiftAU
1.0,0.997509227247839,0.0,0.0,0.9104998538854459,0.822515659884782,0.988183805668122,0.9477326647416225,0.33034519959973657,0.4319466267313712,0.00689898722146282,0.0025229163518951684,8.970067743056739E-4,0.0,0.0,1.117725627092876,0.6198707055137842,0.354671190700237,9.158759532709795E-4,0.0661711809672771,0.0,0.0024907727521611125,0.00932542157971687,0.040451140926499506,0.0,0.33034519959973657,0.03723281085617665,0.08798419400066383,0.3905690331534109,0.10160142713163461,LiftAU
1.0000000000000002,0.9978623120162624,0.0,0.0,0.9150654593429451,0.8539810467266188,0.9899359099199327,0.976269463092765,0.022091855424389305,0.755053599897763,0.012035992027359534,0.0040324267648547485,0.0014123722977348152,0.0,0.0,0.3969621225662603,2.286512747476001,0.1511641454465381,0.08479035919419105,-0.030665372922201783,0.0,0.002137687983737691,0.007926402096329567,0.013666446827167781,0.0,0.022091855424389305,0.061204003749819956,0.06108441261632624,0.09892744682885586,0.7329617444733737,LiftAU
1.0,0.9993436269093744,0.0,0.0,0.9403448377362792,0.8837996753764726,0.9967710278357673,0.9878334230321912,0.5004250343161195,0.5328294328282721,0.0031560991361062668,0.0011370686213410509,4.0347793064825894E-4,0.0,0.0,1.1435150297218086,0.29098750819363595,-0.2117407514054401,0.0447475245633012,0.026900570536946278,0.0,6.56373090625542E-4,0.002572599073607001,0.008937604803576148,0.0,0.5004250343161195,0.04748858529591209,0.05654516235980656,0.35097024254820053,0.03240439851215263,LiftAU
1.0,0.9993860871855159,0.0,0.0,0.9697301975772814,0.8843949041875935,0.9970092042173015,0.9905777336235299,0.5609145321548538,0.5686501123898872,-3.3179571870781046E-4,-6.656938389863499E-5,-2.00586690176473E-5,0.0,0.0,1.1526026737014496,-0.13535606624724628,-0.09916658020462432,0.01865184702823611,-0.008953911577647236,0.0,6.139128144840354E-4,0.002376882968214342,0.00643147059377162,0.0,0.5609145321548538,0.02084753604624841,0.08533529338968805,0.31574479179770626,0.007735580235033462,LiftAU
1.0,0.9988583555062993,0.0,0.0,0.9337557692271994,0.9037587084182978,0.9945156891151675,0.9799096395106817,0.5336021086379719,0.5859755214761504,0.003932099369063115,0.0014018011743174364,4.966336089963533E-4,0.0,0.0,1.1349628467038064,0.3555726217707123,-0.17686685681626518,0.002207183125200289,0.021771048420352553,0.0,0.0011416444937008131,0.004342666391131706,0.014606049604485843,0.0,0.5336021086379719,0.04615387028348228,0.02999706080890164,0.3177831869421473,0.052373412838178604,LiftAU
0.9999999999999997,0.9992879758036429,0.0,0.0,0.9515431804756284,0.8288525663365854,0.9965014288483268,0.9845233913695995,0.015616447067700467,0.6846132671656711,0.006375253367323088,0.002285922385379421,8.104091081598027E-4,0.0,0.0,0.3789463752784019,2.480268326434655,-0.06204250384447357,-0.005803936980039698,0.020168739405989573,0.0,7.120241963567319E-4,0.002786546955316158,0.011978037478727312,0.0,0.015616447067700467,0.032980210893971316,0.12269061413904295,0.14423929917091433,0.6689968200979707,LiftAU
1.0,0.9994607655847415,0.0,0.0,0.9589691155969147,0.8461149204326022,0.9973275601626076,0.9889699867122376,0.025640017711069288,0.6125427073855788,0.010247639190790515,0.003562148905076336,0.0012559175103666964,0.0,0.0,0.49347766519903813,2.3609750127354205,0.13176717069250382,0.0805132018139765,0.025067762832290987,0.0,5.392344152584991E-4,0.002133205422133798,0.008357573450370111,0.0,0.025640017711069288,0.03000087111532289,0.11285419516431262,0.23357221304702339,0.5869026896745094,LiftAU
0.9999999999999999,0.9987124829479834,0.0,0.0,0.9349260630596148,0.7509499426498772,0.9936833579078268,0.9752953282237143,0.05660868638174947,0.6206921740115817,0.006402038242135099,0.002312803107418064,8.196580398921234E-4,0.0,0.0,0.6687524508666688,2.1110355237683156,-0.27987883842071004,-0.09419824109017572,0.053474409598708916,0.0,0.0012875170520165204,0.005029125040156594,0.018388029684112538,0.0,0.05660868638174947,0.040369265164099506,0.18397612040973765,0.13025776863829544,0.5640834876298323,LiftAU
1.0000000000000002,0.9990154172339009,0.0,0.0,0.9336804437189125,0.820495081071152,0.9951519108969431,0.9818767465061019,0.05092491242693363,0.3693962538020522,0.001830207484361402,7.276497583372401E-4,2.6317476400121887E-4,0.0,0.0,0.6582953656241357,1.6462312093734566,0.07180272320876147,0.0984683542500148,-0.012408963594600739,0.0,9.845827660993004E-4,0.003863506336957831,0.01327516439084111,0.0,0.05092491242693363,0.0481963027871894,0.11318536264776047,0.4510988272690997,0.31847134137511857,LiftAU
1.0,0.9992806499602429,0.0,0.0,0.9550754704306641,0.8502124061744252,0.9964688154921857,0.985684537384029,0.40181873439976484,0.5946534667696738,0.007834855145072395,0.002822197894529358,0.0010002462739532793,0.0,0.0,1.05321881770374,0.729619023608094,-0.07375001596573016,0.09363207721198621,0.03156646228705261,0.0,7.193500397571383E-4,0.0028118344680571317,0.010784278108156813,0.0,0.40181873439976484,0.030609066953364922,0.10486306425623886,0.25555893940475144,0.19283473236990897,LiftAU
0.9989430177898008,0.9948078044859086,0.0,1.0,0.7915004018852652,0.40801932946141667,0.978875020004069,0.9438944257176426,3.8560921794243926E-5,0.05288110699499096,-0.005292274192031398,-8.087302350721578E-5,-1.7904600625803308E-5,-5.773526781506695E-6,0.0,0.01945744344617406,0.720284286822591,0.9031382718422329,-0.10683171483772444,0.0671772462414938,0.0010569822101992139,0.004135213303892161,0.01593278448183939,0.034980594286426456,0.0,3.8560921794243926E-5,0.1523940238323775,0.3834810724238485,0.3551382224664257,0.05284254607319672,LiftAU
0.9966060158722806,0.9837632407003458,0.0,0.9999999999999998,0.7409278752865135,0.6189831356110336,0.9568882877169648,0.8414657660425032,5.665777676109121E-6,0.46081811474262774,-0.04400686677470848,9.851845622190604E-4,2.2060704657447913E-4,7.083956103564297E-5,0.0,-0.005305053584015673,1.5129414172945719,-0.11456476434322682,-0.12091995365595949,-0.009460014209228752,0.003393984127719251,0.012842775171934846,0.02687495298338112,0.11542252167446161,0.0,5.665777676109121E-6,0.10053789075598972,0.12194473967547992,0.15816502086840586,0.4608124489649516,LiftAU
1.0000000000000004,0.9988455622241538,0.0,0.0,0.932849027280983,0.727706048363709,0.9943609053310002,0.9783544610044035,0.053395459562979905,0.5897565357742144,-2.3237826845452824E-4,8.286893002607486E-5,4.037573411896513E-5,0.0,0.0,0.6582005193883981,2.0860978863684125,-0.2768134051067926,-0.1407772600665685,0.01561893699343261,0.0,0.0011544377758466095,0.004484656893153457,0.01600644432659667,0.0,0.053395459562979905,0.045505433723420426,0.20514297891727395,0.13794951258949456,0.5363610762112345,LiftAU
0.9999999999999998,0.9994039234559655,0.0,0.0,0.9577185246977238,0.8759462734550557,0.9970497211686583,0.9884850142946582,0.05790150073481599,0.3632132508995697,0.012367379579052432,0.004426673224367453,0.001568291705417071,0.0,0.0,0.7040947109093827,1.6168060708752334,0.23960555505548364,0.12439431471046297,0.027106926856859392,0.0,5.960765440342543E-4,0.0023542022873072484,0.008564706874000178,0.0,0.05790150073481599,0.03076648959693449,0.08177225124266808,0.512733022555486,0.3053117501647537,LiftAU
1.0,0.9990770457594942,0.0,0.0,0.9341162716421694,0.7662736779329079,0.9954389684206426,0.9810265630346624,0.06326454753847204,0.4930693842029256,4.445751359275418E-5,5.164281592492298E-5,2.0860435554125224E-5,0.0,0.0,0.7146687720105412,1.8627743608830372,-0.11854051498175305,-0.060358648533042014,0.0057425197215913715,0.0,9.229542405057507E-4,0.0036380773388516733,0.014412405385980227,0.0,0.06326454753847204,0.046910291392493066,0.1678425937092614,0.2732042937299823,0.42980483666445357,LiftAU
0.853273779409727,0.46170325052634303,0.9999999999999998,0.9685116964642768,0.02172570738672212,0.017348796917836248,0.1815502457006768,0.09026213647958758,0.001451367427571259,0.013222407064279013,0.003923661997028238,0.0013406266567407544,1.4079461240311744E-5,3.5193937664034674E-6,1.1520277089480985E-6,0.006446281779217395,0.018358111801572582,-0.0057409726700854875,0.004208774815467117,-0.001334485782719963,0.11523791705454975,0.39157052888338395,0.2801530048256663,0.09128810922108921,0.03148830353572291,0.001451367427571259,0.06853642909286546,0.004376910468885873,0.004126389853557232,0.011771039636707753,Nietsdoen
0.9737737486819432,0.8774690555680354,0.0,0.9999999999999998,0.1335137577915135,0.02913068430093217,0.48750327126398313,0.2621993886154952,0.0037551309889044915,0.028762903289782846,0.006595125129500514,1.4831959332794106E-4,5.21005358637991E-5,1.811855593835214E-5,0.0,0.011230182810235124,0.028980894351727387,-0.001472198139197898,0.001107288356037562,-0.008990801336378805,0.026226251318056632,0.09630469311390782,0.3899657843040522,0.22530388264848797,0.0,0.0037551309889044915,0.1286856308239817,0.10438307349058133,3.677810111493256E-4,0.025007772300878355,Nietsdoen
0.8548980217791136,0.5475274633697818,1.0000000000000004,0.9686224198812436,0.024489768815477094,0.004102264693202712,0.1766391090692052,0.08327452070755702,5.551655584401577E-5,1.2455100015982398E-4,0.008497758067830295,-0.0029744234029694724,-4.70151630432283E-4,-1.301670191112275E-4,-4.391916911576959E-5,-0.0021227931903523476,-0.002367169436405772,-0.002115289231304495,-0.004601106623227413,-0.011447031460900887,0.11372439810213007,0.30737055840933175,0.3708883543005766,0.09336458836164818,0.031377580118756625,5.551655584401577E-5,0.05878475189207993,0.020387504122274382,0.003977713693042888,6.903444431580822E-5,Nietsdoen
0.8646130400674032,0.5854203807366438,0.9999999999999999,0.9711544668687906,0.01660477601245116,0.006271778698238387,0.20709777322771997,0.12034897380069172,0.005665214530265518,0.005852219216255291,-0.0012110136863022604,-6.467991215911653E-4,-1.3789248576296758E-4,-4.886012217806186E-5,-1.7282465730432906E-5,-0.012950571548315701,0.002352919126435227,0.002432371153039798,0.004388603626321048,-0.012518717585969287,0.10654142680138731,0.2791926593307595,0.3783226075089238,0.08674879942702826,0.028845533131209328,0.005665214530265518,0.10374419778824057,0.01033299731421277,4.195594819830966E-4,1.8700468598977228E-4,Nietsdoen
0.8742322475071889,0.7012545999434687,1.0,0.9734413503369881,0.061726020446115255,0.013461867752138298,0.16363126057814145,0.08060473986145632,0.004868823587235432,0.005043087822742288,0.03166511845140937,-0.033652665450020415,-6.849545941953743E-4,-1.8878484136057976E-4,-6.37608860972697E-5,0.10382677202821874,0.019642712729365845,0.0076778585918434936,-0.0348344359954762,0.0444903123661994,0.09920910282979926,0.17297764756372022,0.5376233393653272,0.08302652071668513,0.026558649663011847,0.004868823587235432,0.01887871941534107,0.048264152693976964,0.008418779929396011,1.7426423550685727E-4,Nietsdoen
0.9999999999999997,0.9678615794231573,0.0,0.0,0.24402378209737047,0.18300551174485202,0.8506508520978848,0.5204099236629947,0.08595657641125386,0.12784284183576042,9.175017670926134E-4,2.3980046714382737E-4,7.977551676140155E-5,0.0,0.0,0.04252306105922834,-0.02968388808234603,0.01416625469036564,-0.016289891776288465,-0.0027356431229554464,0.0,0.03213842057684239,0.11721072732527255,0.3302409284348902,0.0,0.08595657641125386,0.2763861415656242,0.06101827035251846,0.05516266990909161,0.04188626542450657,Nietsdoen
0.9032385981503718,0.6540939709540672,1.0000000000000002,0.9795840285582144,0.06292859053682674,0.009484119848001146,0.33794620832895295,0.17097489792912685,0.0018533399990996204,0.001855402975001838,0.005395692939486081,-0.00617589586483089,-1.2800912005488484E-4,-3.533615634036103E-5,-1.1873538335188411E-5,-0.012349780348271836,4.120299270858321E-4,0.0024009829089388472,0.020300063699832845,1.2107407549160785E-4,0.07634543040784264,0.24914462719630454,0.31614776262511424,0.16697131039982607,0.020415971441785787,0.0018533399990996204,0.1080463073923001,0.053444470688825595,0.007628716872999307,2.0629759022175473E-6,Nietsdoen
0.965980794828919,0.8422044381910041,0.0,1.0000000000000002,0.05302278450669203,0.02414257062958459,0.5558895998985359,0.0936105919923723,5.26344962108355E-4,0.006925015160903956,0.0011479441987032992,-2.292185498802968E-4,-5.382846414962995E-5,-1.7460860330217974E-5,0.0,-0.004352648342703143,-0.015176205866117641,0.017438258085722375,0.003886430642827188,0.0015075433276627583,0.03401920517108115,0.1237763566379148,0.2863148382924681,0.46227900790616366,0.0,5.26344962108355E-4,0.04058780748568027,0.02888021387710744,0.017217555468680635,0.0063986701987956,Nietsdoen
0.9780877242560309,0.8963797230972903,0.0,0.9999999999999997,0.1598164341796962,0.07504168397933261,0.6152013978720117,0.3152086397200152,0.02047265408338475,0.023426356277786796,-0.006770663710447215,-1.5187133235293254E-4,-6.348010565695246E-5,-2.2991459024817326E-5,0.0,-0.01366755433004373,-0.005191431017027066,-0.004894686888009071,-0.002202032318728904,-0.003580522425600126,0.02191227574396884,0.08170800115874051,0.28117832522527864,0.29999275815199655,0.0,0.02047265408338475,0.15539220554031902,0.0847747502003636,0.05161532770154581,0.0029537021944020443,Nietsdoen
0.9999999999999998,0.9688490853674507,0.0,0.0,0.14941436006013722,0.12062446796913992,0.8536277703038395,0.6294779522719662,0.005792744593796107,0.09948978021739781,3.4838378307324195E-5,-4.407924743575111E-6,-2.5658402368351414E-6,0.0,0.0,-0.005376315940856746,-0.021622480665045206,-0.0013626827710164157,5.748786407484435E-4,-0.011713725043428541,0.0,0.0311509146325492,0.11522131506361122,0.22414981803187337,0.0,0.005792744593796107,0.48006359221182904,0.028789892090997304,0.021134687751742095,0.09369703562360171,Nietsdoen
0.981482442607095,0.9134424407080639,0.0,1.0,0.527384368903646,0.35506933316079814,0.7869605463380656,0.5546552824383613,0.10592674928562576,0.18733011227920132,-0.007505319001172741,3.3907390395109026E-4,1.768989746105362E-4,6.581276687724133E-5,0.0,0.16726493195558015,0.14663014006085803,0.1257943232151072,0.06557134304183854,0.01558796051089809,0.01851755739290494,0.06804000189903102,0.12648189436999838,0.23230526389970424,0.0,0.10592674928562576,0.027270913534715318,0.17231503574284793,0.16773922088159682,0.08140336299357555,Nietsdoen
0.9824432627820097,0.9177548206034009,0.0,1.0,0.35728146272714406,0.10801705230834827,0.7039211998183094,0.5608030639402165,0.021415216057921554,0.07118460667685358,-0.0036444315845575678,4.241314731018527E-4,1.3440410301405084E-4,4.664910636240409E-5,0.0,0.020042737896160942,0.03055462645134343,0.01608210343311751,0.03164128662759889,0.006547220010075981,0.017556737217990462,0.06468844217860871,0.2138336207850915,0.14311813587809294,0.0,0.021415216057921554,0.2035216012130724,0.24926441041879582,0.03683244563149468,0.04976939061893204,Nietsdoen
0.9999999999999998,0.9787779367603752,0.0,0.0,0.3436236239454141,0.1769923249735932,0.8985697243495999,0.7230115882588679,0.005878657593624147,0.007269803769301923,1.5866949466615955E-4,3.986979145087911E-5,1.316208789399216E-5,0.0,0.0,-0.005255423477743167,0.0025565542765801797,-0.018336087416044127,0.009269490619067617,-0.008002471457774494,0.0,0.021222063239624726,0.08020821241077525,0.17555813609073198,0.0,0.005878657593624147,0.3793879643134538,0.16663129897182088,0.1697225212042913,0.001391146175677777,Nietsdoen
0.9141959412941753,0.6642929425441549,1.0,0.9818067922459733,0.28911717947360066,0.14716006746146218,0.46090617264300837,0.31540494320997237,0.04940147369669152,0.06837791613216095,-0.0024437488875370898,-0.0015814159228299937,-3.2473819437043135E-5,-1.3036863911626195E-5,-4.752157997389448E-6,-0.03374817822588884,-0.020916440542591994,-0.017579867320280128,-0.015530608276395174,-0.003046117487477227,0.06761085095179811,0.24990299875002023,0.2033867699011466,0.14550122943303595,0.01819320775402666,0.04940147369669152,0.02628776373637169,0.14195711201213848,0.07878215132930123,0.018976442435469424,Nietsdoen
0.9780877242560309,0.8963797230972903,0.0,0.9999999999999997,0.1598164341796962,0.07504168397933261,0.6152013978720117,0.3152086397200152,0.02047265408338475,0.023426356277786796,-0.006770663710447215,-1.5187133235293254E-4,-6.348010565695246E-5,-2.2991459024817326E-5,0.0,-0.01366755433004373,-0.005191431017027066,-0.004894686888009071,-0.002202032318728904,-0.003580522425600126,0.02191227574396884,0.08170800115874051,0.28117832522527864,0.29999275815199655,0.0,0.02047265408338475,0.15539220554031902,0.0847747502003636,0.05161532770154581,0.0029537021944020443,Nietsdoen
0.9649187405774919,0.8371952561554722,0.0,0.9999999999999998,0.15879218962734792,0.036984694953622686,0.44534167000086383,0.2659854889706518,4.955524364410155E-7,0.027471125059365106,-0.0034768147114746053,-9.161056503765425E-4,-2.73827204061919E-4,-9.357290663968219E-5,0.0,-1.2829613616318486E-4,0.03020668558262527,-0.011098129226273635,-0.009380779005637769,0.009933537278541143,0.035081259422507935,0.12772348442201983,0.39185358615460836,0.17935618103021206,0.0,4.955524364410155E-7,0.10719329934330386,0.12180749467372523,0.009513569894257579,0.027470629506928666,Nietsdoen
0.9802032568329648,0.905951477461923,0.0,1.0,0.07109730934637241,0.05323535116366059,0.6686994172996125,0.2496091043724157,0.046653534851449026,0.04809027355507189,0.3983639541523656,0.029022161779287348,0.011171345184708248,0.004060914366651007,0.0,-28.658138087756647,-5.0291499990788395,6.519456077752918,-2.8008538527649067,0.9866986523695539,0.01979674316703516,0.0742517793710418,0.23725206016231054,0.41909031292719673,0.0,0.046653534851449026,0.17851179502604334,0.01786195818271182,0.005145077608588706,0.001436738703622865,Springen
1.0,0.9791359594988129,0.0,0.0,0.2520414857162536,0.062440632344823374,0.9004237234374972,0.6478539813542848,0.0414212204302551,0.042094001137687874,-0.07564701752480585,-0.030196107227121932,-0.010774441327412454,0.0,0.0,-20.740518631795155,2.643290720055534,3.8379740524822115,-1.6278072305606317,-0.6867494044378786,0.0,0.020864040501187085,0.07871223606131576,0.2525697420832123,0.0,0.0414212204302551,0.3958124956380312,0.18960085337143026,0.020346631207135497,6.727807074327779E-4,Springen
0.9826935659504654,0.9170171837629623,0.0,1.0000000000000002,0.025787709621450758,0.022180775912860072,0.6954014220146346,0.282591009160412,0.008322182069911917,0.009777309222891424,0.7769574432188555,0.11493438412637708,0.040831036592121644,0.014341334664175118,0.0,-13.608525982297706,-5.690402058181608,-3.9770422313972724,-1.135812237547129,-4.119102274200165,0.01730643404953473,0.06567638218750313,0.22161576174832756,0.4128104128542226,0.0,0.008322182069911917,0.25680329953896125,0.003606933708590684,0.012403466689968648,0.0014551271529795059,Springen
1.0,0.981040793353741,0.0,0.0,0.23704756716565173,0.013712793991775248,0.9102382972432757,0.6893637748341699,7.977554600160615E-4,0.0114084629746245,-0.9342569081783768,-0.30231825771699466,-0.10465825771731527,0.0,0.0,3.9563203219600274,-14.428750571010767,-0.9324381171485454,25.29116307830528,-0.18864273274879295,0.0,0.018959206646259063,0.07080249611046528,0.22087452240910588,0.0,7.977554600160615E-4,0.4523162076685182,0.22333477317387648,0.0023043310171507476,0.01061070751460844,Springen
0.9803550337073902,0.9062123359074804,0.0,0.9999999999999997,0.04378028408690435,0.017766663777550172,0.6861924722011281,0.21271874334002444,0.01611809865457666,0.017251485461470536,-0.537224365389366,0.07984676011572248,0.028559061186702844,0.010044768394780974,0.0,-17.953616398130045,-4.760845779175101,-1.671930035286544,-0.4908368612674159,0.06580018187440562,0.019644966292609558,0.0741426977999098,0.22001986370635235,0.4734737288611036,0.0,0.01611809865457666,0.1689384592531201,0.026013620309354175,5.151783160796359E-4,0.0011333868068938743,Springen
0.9827005080466819,0.9165231001875312,0.0,1.0,0.06658901516668515,0.03140068936690924,0.680785894247521,0.19205683291150677,0.025242430895564365,0.02646428006507166,-0.2027404527785679,0.10032778676525711,0.0230554947602888,0.00740353144626308,0.0,-21.091899456940638,-4.640437240208264,0.51571382700623,-1.9992953801600732,0.19755986436352257,0.017299491953318234,0.0661774078591505,0.23573720594001027,0.48872906133601424,0.0,0.025242430895564365,0.12546781774482163,0.035188325799775905,0.00493640930183758,0.0012218491695072952,Springen
0.9786987480257632,0.8991549662273386,0.0,0.9999999999999999,0.044197085743552945,0.04029660396579283,0.6401385027767875,0.234503934128706,0.020221706327730283,0.027706810116381934,1.6174690994244743,0.34304925343591347,0.11501513263234923,0.04012394878557129,0.0,-22.09428357211494,-13.442187148149692,8.787666863407079,1.2023802931720178,-8.786237312002104,0.02130125197423666,0.07954378179842453,0.2590164634505512,0.4056345686480815,0.0,0.020221706327730283,0.19030684838515305,0.0039004817777601175,0.012589793849410892,0.007485103788651651,Springen
0.982020833967235,0.914145418635842,0.0,1.0000000000000002,0.052458835665528857,0.03364451642965135,0.7078578623797254,0.22731304148101725,0.027650240540822258,0.029684095396348812,0.2697011472985864,0.45405592742818973,0.13780836659500384,0.04727316729112693,0.0,-23.628961106098572,-6.408481705487601,4.899559397475213,3.5822653381723315,-3.378603053311177,0.01797916603276511,0.06787541533139303,0.20628755625611658,0.4805448208987081,0.0,0.027650240540822258,0.17485420581548838,0.018814319235877508,0.003960421033302535,0.0020338548555265553,Springen
1.0000000000000002,0.9804427359873109,0.0,0.0,0.27038437813054766,0.09598151762739214,0.9080866545517308,0.6898559195760522,0.04835928552273666,0.06547678419595314,-0.7859868285810334,-0.243497128415538,-0.08394098788414597,0.0,0.0,-23.151990383387123,-13.774268580454567,-8.797628683648012,-2.4252664796744443,0.22750813309897033,0.0,0.01955726401268922,0.07235608143558007,0.21823073497567863,0.0,0.04835928552273666,0.4194715414455045,0.1744028605031555,0.030504733431439,0.017117498673216474,Springen
0.9799347885707457,0.9045764013129984,0.0,0.9999999999999998,0.016891915048310894,0.012001323574998057,0.6673327467222523,0.20440601604679712,5.802692793364777E-4,0.0024211277471724167,0.5954305443404615,0.052912748303480694,0.023775043328002857,0.008638437341131629,0.0,-4.712803694906959,8.394112020970066,-7.034441223632982,-2.62602959411119,-3.061771076985954,0.020065211429254166,0.07535838725774725,0.23724365459074626,0.46292673067545514,0.0,5.802692793364777E-4,0.18751410099848623,0.004890591473312835,0.00958019582782564,0.001840858467835939,Springen
0.9817425868057882,0.9125954925090332,0.0,1.0,0.011946216262370747,0.00976227472491126,0.7133085417903142,0.20669060194114525,1.8454594794555876E-4,0.007215726400833577,2.4568299554837667,0.3008666596585813,0.09032432871230223,0.03090275815629403,0.0,-2.609661727162324,-16.10816544089584,0.9624775716840821,0.010197840567301109,6.81085164163637,0.01825741319421179,0.06914709429675504,0.1992869507187189,0.506617939849169,0.0,1.8454594794555876E-4,0.1947443856787745,0.002183941537459486,0.0025465483240776836,0.0070311804528880185,Springen
1.0,0.9741939993447825,0.0,0.0,0.1502942805160954,0.016531349783523698,0.8789543478630732,0.5667160941240444,1.321136343270279E-4,0.00889004454064843,-0.05071280807074152,0.06334257677783384,0.0267403112496152,0.0,0.0,-1.8015933238480102,14.66843231553603,-5.534892604049058,-13.65832438827365,7.667078564939452,0.0,0.025806000655217463,0.09523965148170922,0.31223825373902886,0.0,1.321136343270279E-4,0.41642181360794905,0.1337629307325717,0.007641305242875267,0.008757930906321402,Springen
0.9753215374008197,0.8837985492898502,0.0,1.0,0.022402900142483372,0.010220068309352692,0.5996276281679191,0.1994969183973204,2.8308883095196277E-5,3.195988776876766E-4,-0.8608631444533137,0.12447526910433337,0.03054869536203389,0.01014551683615248,0.0,-1.0501298883653247,-3.36856115039509,0.3353410486371624,-2.055038792830368,3.9107461054171653,0.0246784625991802,0.09152298811096951,0.2841709211219312,0.40013070977059867,0.0,2.8308883095196277E-5,0.17709401825483703,0.012182831833130679,0.009900469431665017,2.9128999459248034E-4,Springen
1.0,0.9832940723954102,0.0,0.0,0.35521800633516604,0.0038006675236106793,0.9197137384944046,0.7174354501563107,1.4482042995191184E-4,1.451531651842114E-4,0.7248721286838048,0.21887570524068123,0.07479732466812974,0.0,0.0,-1.5625327546705972,0.07489685963717252,-4.713153090240439,-35.36614540742837,-8.14805124620265,0.0,0.01670592760458976,0.06358033390100572,0.20227828833809383,0.0,1.4482042995191184E-4,0.3622174438211447,0.35141733881155535,0.003655514358426468,3.3273523229955925E-7,Springen
0.9999999999999998,0.9803860106190154,0.0,0.0,0.4038850159926873,0.020679760644014687,0.9066263642193159,0.6832967979720228,0.012768035021294023,0.013576742328729498,0.15194557247640805,0.07181824079354837,0.02628840871429411,0.0,0.0,-15.408065258409525,3.877767444626418,1.9569483653989708,-41.345566950013016,2.754535964017162,0.0,0.019613989380984395,0.07375964639969962,0.22332956624729297,0.0,0.012768035021294023,0.27941178197933564,0.38320525534867256,0.007103018315285188,8.087073074354771E-4,Springen
1.0000000000000002,0.9822343967251649,0.0,0.0,0.14491701942535531,0.004377291923537064,0.9156032275771087,0.7140967828796981,0.003866147244648513,0.0042924520838235275,-0.727873436927711,-0.20647834447442076,-0.06967307947841576,0.0,0.0,9.734920382284578,-3.232610208157639,-0.5752787585318593,15.19013257372043,6.870153931485385,0.0,0.01776560327483521,0.06663116914805618,0.20150644469741047,0.0,0.003866147244648513,0.5691797634543428,0.14053972750181826,8.483983971353669E-5,4.2630483917501443E-4,Springen
