xy_e_freq_m_1.25,z_freq_m_1.88,z_dwt_ar_-7,z_dwt_ar_-6,z_dwt_ar_-9,z_dwt_ar_-8,z_dwt_ar_-3,z_dwt_ar_-2,z_dwt_ar_-5,z_dwt_ar_-4,t_freq_e_3.75,z_freq_m_2.50,z_dwt_ar_-0,z_freq_e_3.75,t_freq_m_0.00,z_dwt_ar_-1,z_e_stddev,xy_e_freq_e_3.75,xy_e_stddev,xy_e_freq_e_3.13,z_freq_m_3.75,t_freq_m_2.50,z_peak_stddev,xy_e_freq_p3,z_freq_e_1.25,mcr_t,xy_e_freq_p4,z_peak_mean,xy_e_freq_p1,xy_e_freq_p2,xy_e_freq_m_0.63,mcr_z,zcr_z,t_freq_m_1.25,t_freq_e_0.00,xy_e_freq_m_2.50,t_freq_m_4.38,z_e_mean,xy_e_freq_m_1.88,xy_e_freq_m_4.38,xy_e_freq_e_0.63,t_freq_e_2.50,t_freq_m_3.13,t_freq_m_0.63,corr_z_e_xy_e,z_freq_e_4.38,t_freq_e_0.63,z_dwt_avg_-5,z_dwt_avg_-6,z_freq_p4,z_dwt_avg_-7,z_freq_p3,z_dwt_avg_-8,z_freq_p2,t_freq_e_1.88,z_dwt_avg_-9,z_freq_p1,z_dwt_avg_-0,z_dwt_avg_-1,corr_z_xy_e,z_dwt_avg_-2,z_peak_d_mean,z_dwt_avg_-3,z_dwt_avg_-4,z_dwt_norm_-8,z_dwt_norm_-7,z_dwt_norm_-6,t_freq_e_4.38,z_dwt_norm_-5,z_dwt_norm_-9,z_dwt_norm_-0,xy_e_freq_e_1.88,t_freq_m_3.75,z_dwt_norm_-4,z_dwt_norm_-3,z_dwt_norm_-2,z_dwt_norm_-1,xy_e_freq_e_0.00,z_mean,z_freq_e_2.50,z_freq_m_0.00,t_freq_e_1.25,xy_e_freq_m_3.13,t_mean,z_freq_e_3.13,z_freq_m_3.13,t_stddev,xy_e_mean,z_peak_d_stddev,z_freq_m_4.38,z_kurt,z_freq_m_1.25,z_freq_e_0.63,t_freq_p1,t_freq_p3,t_freq_p2,z_freq_m_0.63,xy_e_freq_e_1.25,angle_mean,z_freq_e_1.88,xy_e_freq_m_0.00,xy_e_freq_e_4.38,z_freq_e_0.00,angle_stddev,xy_e_freq_e_2.50,t_freq_p4,xy_e_freq_m_3.75,t_freq_e_3.13,t_freq_m_1.88,z_stddev,label
5.251655146153213E-4,0.0019300402059637869,0.853273779409727,0.46170325052634303,0.9999999999999998,0.9685116964642768,0.02172570738672212,0.017348796917836248,0.1815502457006768,0.09026213647958758,0.005019739922501951,0.0030574960933710967,0.001451367427571259,0.05185241683721063,0.061821844899096264,0.013222407064279013,9.604775200377613E-5,0.015068673357880133,0.0012010967194805834,0.028267632445776545,0.0022918762464106536,0.004120296709424737,0.007442407590920315,2.5176233635448138,0.10431897153445849,79,3.0715005035246725,0.016219766847175538,1.0070493454179255,1.5105740181268883,5.251655146153213E-4,111,109,0.006908803160138804,0.842974270508493,3.0121358423864465E-4,0.0016714025775048857,5.000490168056475E-5,3.0121358423864465E-4,1.414416094714867E-4,0.1241709374839902,0.024291885095178507,0.003121503735663553,0.006908803160138804,0.2091492374336852,1.3310774417879132E-5,0.0500528406836408,0.003923661997028238,0.0013406266567407544,2.56797583081571,1.4079461240311744E-5,2.0644511581067473,3.5193937664034674E-6,1.5609264853977844,0.025503647442777007,1.1520277089480985E-6,1.0574018126888218,0.006446281779217395,0.018358111801572582,-0.23668140498797327,-0.0057409726700854875,1.646113349818182,0.004208774815467117,-0.001334485782719963,0.11523791705454975,0.39157052888338395,0.2801530048256663,0.0033908886963474635,0.09128810922108921,0.03148830353572291,0.001451367427571259,0.06250114561820669,0.0027137614890206854,0.06853642909286546,0.004376910468885873,0.004126389853557232,0.011771039636707753,0.604047910659912,1.6067027980550268E-4,0.2591033264136414,0.001679369053982293,0.03830055836023566,2.014872439159143E-4,0.030910922449548097,0.21991203381026717,0.0030574960933710967,0.01615029660570526,0.0011660496346777847,1.2016129367999668,1.5858975420637656E-5,1.7405197816513898,0.0016766298571479527,0.11929546836667008,1.0070493454179255,2.719033232628399,1.5105740181268883,0.001679369053982293,0.09280260608956305,2.9927560105731535E-4,0.1488760247593438,0.0023320992693555706,0.010619743260068041,0.09662844750399065,3.073701030357403E-4,0.06252135108460329,3.675730110775428,2.014872439159143E-4,0.01046616929082557,0.004120296709424737,0.007073151269812126,Nietsdoen
3.979228067823562E-5,0.0036489298756856602,0.8548980217791136,0.5475274633697818,1.0000000000000004,0.9686224198812436,0.024489768815477094,0.004102264693202712,0.1766391090692052,0.08327452070755702,0.01007168305434799,0.003001682546493749,5.551655584401577E-5,0.15769903173801525,0.0377855732450928,1.2455100015982398E-4,1.9486091853227125E-4,0.030773821312284344,2.516615255700802E-4,0.039312450919705824,0.0056332627220703315,0.0013704823345478002,0.006324983782502654,2.755511022044088,0.14291766085741103,149,3.7074148296593186,0.02406748947089579,0.501002004008016,1.2024048096192386,4.773899850172546E-5,114,114,0.002150634255968197,0.9142055999768274,7.012207729469643E-5,0.001663580915967252,1.500144477552814E-4,7.012207729469643E-5,4.013168913875679E-5,0.03812148990815506,0.012086368793771698,0.0013704823345478002,0.00215372020386761,0.10771455471376075,4.810609524647953E-4,0.014126096846890299,0.008497758067830295,-0.0029744234029694724,3.156312625250501,-4.70151630432283E-4,2.2044088176352705,-1.301670191112275E-4,1.25250501002004,0.015557916995483438,-4.391916911576959E-5,0.5511022044088176,-0.0021227931903523476,-0.002367169436405772,0.0637885245064507,-0.002115289231304495,1.0250345866,-0.004601106623227413,-0.011447031460900887,0.11372439810213007,0.30737055840933175,0.3708883543005766,0.0099337255650215,0.09336458836164818,0.031377580118756625,5.551655584401577E-5,0.0593526775833874,0.001663580915967252,0.05878475189207993,0.020387504122274382,0.003977713693042888,6.903444431580822E-5,0.7047047279729788,-8.387909605772474E-5,0.1432350679807127,0.0027018035467981497,0.014150629680080396,5.555456489476295E-5,0.01889278662254641,0.22844802702539072,0.0056332627220703315,0.007951996223904186,2.7009382158889675E-4,0.42128089834156524,1.6058322446839835E-4,-0.3199316422451446,0.0036489298756856602,0.10002732501787331,0.501002004008016,1.9038076152304608,1.2024048096192386,0.003508212799846555,0.0333037979608914,2.7804718347818264E-4,0.15495542872405751,5.401876431777934E-4,0.029933630358430417,0.07223639770407464,2.8695567850911823E-4,0.06449740398416673,2.755511022044088,4.6052178762240916E-5,0.00986797908757717,0.002150634255968197,0.012253892069091511,Nietsdoen
0.003281129392282409,0.0029719124225443616,0.8646130400674032,0.5854203807366438,0.9999999999999999,0.9711544668687906,0.01660477601245116,0.006271778698238387,0.20709777322771997,0.12034897380069172,6.309320507587151E-4,0.0029719124225443616,0.005665214530265518,0.049313729199280315,0.33436924660319267,0.005852219216255291,7.39058236210504E-5,0.0025459246423327492,0.011328180294813372,0.007095572091055707,0.00223538020617506,0.006802383896660871,0.005112879471946752,2.553763440860215,0.1258681623166813,44,3.4946236559139785,0.012598841020973282,1.3440860215053763,1.9489247311827957,0.003281129392282409,83,79,0.009892494160649013,0.9847481297255345,0.002421193343194204,0.0017823629432055215,4.688999861607274E-5,0.0023658393888983365,6.013068560472808E-4,0.013481387533165221,0.0026123907097664236,0.006786708215867086,0.009892494160649013,0.15122110702744612,1.3410216402083853E-4,0.004400854573794496,-0.0012110136863022604,-6.467991215911653E-4,3.8978494623655915,-1.3789248576296758E-4,3.360215053763441,-4.886012217806186E-5,2.8225806451612905,0.0024026300595827994,-1.7282465730432906E-5,0.8064516129032258,-0.012950571548315701,0.002352919126435227,-0.012818215558743762,0.002432371153039798,0.9621863778461537,0.004388603626321048,-0.012518717585969287,0.10654142680138731,0.2791926593307595,0.3783226075089238,1.8683319307761555E-4,0.08674879942702826,0.028845533131209328,0.005665214530265518,0.008656278902694582,0.004728620919770137,0.10374419778824057,0.01033299731421277,4.195594819830966E-4,1.8700468598977228E-4,0.9460361739748749,-2.8855434882995434E-4,0.2742146542416611,0.001331622016917836,0.003255937750904343,0.002421193343194204,0.1671846233015963,0.1450430424182249,0.0026612217558799056,0.04193637607687243,0.02966010411850478,0.3734535707335012,3.796399956041158E-5,0.46869835504746726,0.001902167334681393,0.0777331448633967,1.3440860215053763,2.553763440860215,1.9489247311827957,0.0015347369402569516,0.011403892479554213,4.3931669036680597E-4,0.2577363144591092,0.05932020823700965,6.477517610270244E-4,0.06995685033762561,4.3912430908361134E-4,0.01013301861529562,3.4946236559139785,0.0017396431229338334,0.0017622919365811352,0.006802383896660871,0.006846147234422948,Nietsdoen
0.02864840830830078,0.025436236058783483,0.8742322475071889,0.7012545999434687,1.0,0.9734413503369881,0.061726020446115255,0.013461867752138298,0.16363126057814145,0.08060473986145632,0.034078317014780396,0.025180461930136795,0.004868823587235432,0.04248611540575378,0.2886479805530197,0.005043087822742288,0.018376580238670143,0.08390087114657267,0.17229208377200175,0.08011784193952404,0.020591316369872766,0.024963303396732514,0.13348180030451784,1.6470588235294117,0.15958452955738622,64,2.176470588235294,0.19687270309453142,0.5294117647058824,1.0588235294117647,0.041513049970603594,96,95,0.02815054773441986,0.7739860528579046,0.029559503124593798,0.025129567015614394,0.00550416746097862,0.027923271515413475,0.028778400433873884,0.14227047271698665,0.026198263976244567,0.029388232996415718,0.038066821232230826,0.3555974974251081,4.152505639484529E-6,0.06633766212103666,0.03166511845140937,-0.033652665450020415,3.0,-6.849545941953743E-4,2.176470588235294,-1.8878484136057976E-4,1.5294117647058822,0.01624595155683786,-6.37608860972697E-5,0.8235294117647058,0.10382677202821874,0.019642712729365845,-0.045213129803300396,0.0076778585918434936,1.6846252442,-0.0348344359954762,0.0444903123661994,0.09920910282979926,0.17297764756372022,0.5376233393653272,0.028102267455605536,0.08302652071668513,0.026558649663011847,0.004868823587235432,0.06494937714972142,0.029388232996415718,0.01887871941534107,0.048264152693976964,0.008418779929396011,1.7426423550685727E-4,0.41014348109132465,0.008023126742108427,0.209218776839558,0.017388443105627996,0.023871691321134494,0.029559503124593798,0.14432399027651005,0.11502163234962065,0.020591316369872766,0.1874459593894475,0.050419897943678335,1.4847037664522855,7.73050262501538E-5,9.329530602752197,0.025436236058783483,0.11406838698155204,0.5294117647058824,3.764705882352941,1.0588235294117647,0.017388443105627996,0.07258726919385915,0.0021187047109063988,0.24608152413213752,0.10083979588735666,0.07126923806696132,0.11353488222835231,0.0029099367300704274,0.07476144869505001,4.647058823529412,0.028778400433873884,0.031179793696455942,0.019680769223019395,0.07379840240353684,Nietsdoen
1.524804345182494E-4,0.003336864039240564,0.850361889664848,0.5720497833389132,0.9999999999999998,0.9678734502443355,0.03505152352076023,0.011574787456813014,0.20140579039829326,0.08221907662918013,0.006629922827368014,0.007663692811852761,4.946029481362129E-5,0.06287292708908206,0.053601859536562824,5.542209912220306E-4,2.0705931150292935E-4,0.026326675849676233,5.988856317490106E-4,0.06712166763705894,0.003935322100058264,0.0033475267990277645,0.00777063080256062,2.2545090180360723,0.10635582351389695,162,3.6072144288577155,0.021777134542204136,1.0521042084168337,1.5531062124248498,1.524804345182494E-4,136,136,0.0023538935800271298,0.9222100997825458,1.954019020675751E-4,0.0012349874381375886,1.4803721899227644E-4,1.0911774399794277E-4,7.366346171601506E-5,0.05059509588039934,0.015482306961855492,0.0033475267990277645,0.0028222894332482888,0.07548271822130717,1.1442112011779377E-4,0.011920006645799409,-0.0045730547244392915,-1.279044841510359E-4,3.6072144288577155,-2.486733876307669E-4,2.4549098196392785,-7.970472604649962E-5,1.1523046092184368,0.012321328347476592,-2.773466601099895E-5,0.5511022044088176,0.0020278007193895256,0.006477981268386291,0.3605837757611885,-0.013212913492495322,0.8725250244499999,0.018342408320672153,-0.003397974553635336,0.11751156057948746,0.27831210632593484,0.37064399294061995,0.004601447321085814,0.1191867137691131,0.03212654975566444,4.946029481362129E-5,0.0339685257788456,0.0019107383424810116,0.0471675531084199,0.023476736063947217,0.011020566465590983,5.047606964084093E-4,0.7013904625775663,5.107948528091339E-5,0.25969691014745727,0.00252303991866419,0.012022958042325676,1.954019020675751E-4,0.026800929768281394,0.28194702686093587,0.007663692811852761,0.010107202668826839,6.723058029744961E-4,0.36276189399265824,6.879232394712004E-5,-0.043618863315522116,0.003336864039240564,0.08839409541776518,0.751503006012024,2.2545090180360723,1.5531062124248498,0.002481361061460447,0.0428019057040775,4.686051778014071E-4,0.11704864771804883,0.0013446116059489899,0.016772007027425515,0.0835701481326962,4.300148590460625E-4,0.06102365954495046,3.6072144288577155,1.1403424580862851E-4,0.014811930071543196,0.0023538935800271298,0.012173047684474433,Nietsdoen
4.93276143598273E-4,0.004597172715295489,0.9999999999999997,0.9678615794231573,0.0,0.0,0.24402378209737047,0.18300551174485202,0.8506508520978848,0.5204099236629947,0.0012225326995084344,0.006610193334418139,0.08595657641125386,0.07288519880575525,0.07004495421011925,0.12784284183576042,2.0869988474205744E-4,0.005173013550591427,0.0010156476509099522,0.03493190813152466,0.005491391340268446,0.0051528700297691086,0.011415732246461708,3.2,0.0993636586583494,26,0.0,0.02119425071410664,1.2,2.4,3.9815193047524505E-4,28,28,0.006499799408066873,0.9195027406363581,4.4221188410462493E-4,0.002378029421649984,1.380950520247306E-4,4.93276143598273E-4,2.333731619633988E-4,0.06538806357011032,0.0149045449101099,0.0051528700297691086,0.0058170616424000525,0.22534231751295877,0.0021422901580903757,0.018454496542273158,9.175017670926134E-4,2.3980046714382737E-4,0.0,7.977551676140155E-5,0.0,0.0,3.4,0.019091683417858465,0.0,1.2,0.04252306105922834,-0.02968388808234603,0.18878484467629725,0.01416625469036564,1.7716064455,-0.016289891776288465,-0.0027356431229554464,0.0,0.03213842057684239,0.11721072732527255,0.0032249104522770115,0.3302409284348902,0.0,0.08595657641125386,0.05884346753349787,0.0016438256786376942,0.2763861415656242,0.06101827035251846,0.05516266990909161,0.04188626542450657,0.7072739846631303,0.0013479026565397865,0.23147731849261868,0.004456122453864913,0.016719924882400497,4.4221188410462493E-4,0.0350224771050596,0.2237531308371802,0.006610193334418139,0.012488699012928385,0.0012438225831730724,0.07086604857036452,6.699054537678588E-4,0.4224786420169968,0.003799303986658347,0.0987424428019917,1.2,3.2,2.4,0.004456122453864913,0.0541148033329143,4.822861033376264E-4,0.1381299914131724,0.0024876451663461423,0.013522761827077161,0.13350596883284202,3.910107805666961E-4,0.06075199739115407,0.0,1.5212817919652529E-4,0.006879166459214637,0.006499799408066873,0.011697243799427128,Nietsdoen
6.841804467845157E-4,0.006339012908959027,0.0963840279439312,0.04495415368684655,0.8384432590204461,0.4494749668251774,4.293703993562233E-4,9.939681312956515E-5,0.014401279192840366,0.0034029805046219344,0.016726284305677918,0.006339012908959027,2.322901659187606E-5,0.08102530014965928,0.07754198022812223,6.34891845057655E-5,0.0026729359789303977,0.06456789775018483,0.0066841969674183346,0.048052836904630046,0.0067657331736006646,0.0023168239918527488,0.03626409346625373,2.450980392156863,0.14211753905253824,176,3.342245989304813,0.0651602026849741,0.6684491978609626,1.6711229946524064,0.0013085227324905497,278,276,0.002773620949730885,0.8895237518342524,5.101856801947093E-4,0.0035978630847920095,7.505529801437615E-4,5.937388456530888E-4,7.41319739654575E-4,0.1023944970634232,0.006006132859506293,0.0028825789380962858,0.008030892770188758,0.5940403757585364,8.756218478335501E-5,0.034479701259690375,0.015689543994850296,0.004648623974566502,0.0,-0.0028568465678259916,3.943850267379679,-0.004707013340382387,2.8966131907308377,0.007274940907435887,-7.570807537645684E-5,1.1363636363636365,0.0062282811846124005,0.00819956079056935,0.12348123039570488,8.523016546363345E-4,2.309703282,-0.0021496280748841846,-0.012507552308273846,0.35309093888124615,0.05142987425708464,0.030552874494006177,0.02300584920616278,0.010998298688218432,0.38896829219526874,2.322901659187606E-5,0.03060798777750888,0.0035978630847920095,0.0029736101052657113,3.299735862266581E-4,3.5907628623799655E-5,4.026016791388944E-5,0.5891016553784402,1.7229087002189239E-4,0.2557903552496142,0.0028796044129989645,0.014026456186328194,5.897366367609406E-4,0.03877099011406106,0.22551501858205214,0.0067657331736006646,0.041500066125076854,0.0024741246891334637,2.6028234965741825,1.0655784330971911E-4,10.660927990419454,0.0058500243658283465,0.053051468218382136,0.6684491978609626,2.450980392156863,1.6711229946524064,0.0043958876514028555,0.053550324136338735,4.4970409695646487E-4,0.21799904117466867,0.004948249378266936,0.07890437979458996,0.024413715388301987,5.519652145477891E-4,0.03282042119488417,3.342245989304813,7.41319739654575E-4,0.008956883440946098,0.0024382483614014973,0.02740178649118472,Nietsdoen
0.0024789372140747307,0.005651245486906501,0.9032385981503718,0.6540939709540672,1.0000000000000002,0.9795840285582144,0.06292859053682674,0.009484119848001146,0.33794620832895295,0.17097489792912685,0.02399361858923354,0.005651245486906501,0.0018533399990996204,0.04037423065931944,0.10355793838929866,0.001855402975001838,4.372298163539227E-4,0.0669800467822344,0.007532325409636806,0.05957456368969546,0.00534778096265768,0.0066138935516434315,0.015877539172925385,3.1666666666666665,0.24483545221613232,52,4.416666666666667,0.029995619988203007,1.25,2.25,0.0024789372140747307,56,56,0.012951625091100203,0.8064476762053294,0.001338256633871841,0.00723494507545034,2.1707935786162273E-4,0.0016531563913938544,0.0017304552673217193,0.11285782841639976,0.022536011973407218,0.009471949762372088,0.012951625091100203,0.23214948030595925,1.2478289410176445E-4,0.042969233082365915,0.005395692939486081,-0.00617589586483089,3.75,-1.2800912005488484E-4,2.8333333333333335,-3.533615634036103E-5,1.4166666666666667,0.025255161893127737,-1.1873538335188411E-5,0.6666666666666666,-0.012349780348271836,4.120299270858321E-4,0.015455184733913373,0.0024009829089388472,1.31087112425,0.020300063699832845,1.2107407549160785E-4,0.07634543040784264,0.24914462719630454,0.31614776262511424,0.0163977229591792,0.16697131039982607,0.020415971441785787,0.0018533399990996204,0.06003259314371009,0.009471949762372088,0.1080463073923001,0.053444470688825595,0.007628716872999307,2.0629759022175473E-6,0.48457950135136424,-5.494333678161703E-5,0.15827097589334468,0.004769034629157066,0.036415919617205,0.001435221842448456,0.05177896919464935,0.09321831050091371,0.00534778096265768,0.038422673783814226,0.003937823650595067,0.829559892167226,9.058619891955482E-5,2.042565408835161,0.0053951646332346245,0.13507132177911527,0.5833333333333334,2.4166666666666665,1.25,0.0049353227797006355,0.09326151801217301,6.612913853885456E-4,0.24662109316815997,0.007875647301190133,0.06571888029344941,0.08148383288891294,5.820810742632025E-4,0.056995068310973694,4.083333333333333,0.0017304552673217193,0.02598465568015202,0.00861254581612986,0.014745804046790495,Nietsdoen
4.136081197153742E-5,0.0031206070014056027,0.542861657167251,0.23749475647546447,0.9724984738488102,0.8715522064859267,6.864568050682825E-4,4.0473722727988085E-4,0.0864996516295235,0.014726087786278166,0.010932438775781728,0.0044441493730522095,1.3682324762633694E-4,0.07018402217408189,0.03531405879651355,3.192736289144495E-4,2.547329931428327E-4,0.03385439599313307,2.072858319622346E-4,0.045697699957578726,0.0038969088103919776,0.0013237181368200707,0.007744686782717221,2.5299600532623168,0.16005493212838795,223,3.7616511318242343,0.02708189049785217,1.0985352862849533,1.7976031957390146,4.5748875053035094E-5,167,167,0.001717912661475056,0.90108802837068,3.732665761520979E-5,0.0010828122442601098,1.7358742813865217E-4,3.732665761520979E-5,3.77670630720402E-5,0.07725635618360534,0.013178123679555526,0.0011790850929366181,0.001717912661475056,0.0258676963951335,1.655358715290393E-4,0.019251038963648798,-0.006630070121248976,0.0022509804278113606,3.728362183754993,0.0036081199944600155,2.1970705725699067,-4.7459651177225064E-5,1.6644474034620507,0.015765118436968727,-1.005170362883158E-5,0.6990679094540613,0.0051807326170146455,0.005982512556731459,-0.023942003599087717,-6.983524933984852E-4,1.2167233553636363,3.038119199908426E-4,0.00921467042734063,0.3286905493186758,0.30536690069178646,0.15099510484594098,0.010463549154252343,0.07177356384324533,0.10094626736288348,1.3682324762633694E-4,0.061495413589547354,0.0010496034953916043,0.014039630981209883,2.817195777884017E-4,8.546359836543132E-5,1.824503812881126E-4,0.6332766609760779,1.7974465727823807E-4,0.18508138047519557,0.0027486954582021375,0.0175506913886709,3.252680353669132E-5,0.01765702939825678,0.19594450801857724,0.0044441493730522095,0.007914710356827418,2.007841929129038E-4,0.6175350037506986,8.41944427842386E-5,0.1640102481055732,0.0031206070014056027,0.13305510184868785,0.8655126498002663,2.29693741677763,1.5312916111850865,0.002874932241426291,0.062380870273134846,2.82276410674781E-4,0.1595907409072701,4.015683858258078E-4,0.02509075155717766,0.0959237785762705,2.561739968495636E-4,0.060947851469745136,3.095872170439414,3.77670630720402E-5,0.011771011230441828,0.001428497317506899,0.013178419720358882,Nietsdoen
3.0190443709408578E-5,0.002298720959706676,0.9780877242560309,0.8963797230972903,0.0,0.9999999999999997,0.1598164341796962,0.07504168397933261,0.6152013978720117,0.3152086397200152,0.009062062149985329,0.002298720959706676,0.02047265408338475,0.02606552691276773,0.020667182633498527,0.023426356277786796,5.282322902385516E-5,0.03457675439749161,9.632780788654813E-5,0.04124091313365564,0.0016917674203172255,0.0013526839238478903,0.003549080292499218,2.3138832997987926,0.1681639088431634,72,3.118712273641851,0.01108688012618291,0.5030181086519114,1.408450704225352,3.896549365874056E-5,51,51,0.001086390346068407,0.9132259979705967,3.291519292101276E-5,9.266628015142781E-4,3.523985154835667E-5,3.291519292101276E-5,1.4285623389560534E-5,0.0678824270985785,0.014805176039333878,9.014519842252325E-4,0.0021162537649823013,0.12491370689230098,3.7293184197453985E-4,0.01737385301751292,-0.006770663710447215,-1.5187133235293254E-4,3.118712273641851,-6.348010565695246E-5,2.414486921529175,-2.2991459024817326E-5,1.5090543259557343,0.016863569336171166,0.0,1.0060362173038229,-0.01366755433004373,-0.005191431017027066,-0.08177372069031125,-0.004894686888009071,0.8804626651428572,-0.002202032318728904,-0.003580522425600126,0.02191227574396884,0.08170800115874051,0.28117832522527864,0.00801402242770765,0.29999275815199655,0.0,0.02047265408338475,0.05664700639152489,9.266628015142781E-4,0.15539220554031902,0.0847747502003636,0.05161532770154581,0.0029537021944020443,0.6854737067636314,-5.671231994676735E-4,0.19985174303983724,0.0022221314248144154,0.011225967656504311,2.3014756362434083E-5,0.01033359131674926,0.09973874124010562,0.0019527708551924888,0.004654625099777952,9.316520014733071E-5,0.28486992411535145,7.134179562429063E-5,0.172848374148578,0.002183163701330264,0.14513818352705138,0.5030181086519114,2.3138832997987926,1.1066398390342052,0.0022221314248144154,0.03847228157610106,2.611006405889649E-4,0.23917329281392588,1.863304002946614E-4,0.016446574566360783,0.12149567178117414,3.096195897601388E-4,0.059260336072655975,3.118712273641851,2.3014756362434083E-5,0.009429351402188072,0.0013526839238478903,0.005915118127964521,Nietsdoen
2.9212962733434478E-5,0.0031695299562042325,0.9999999999999998,0.9688490853674507,0.0,0.0,0.14941436006013722,0.12062446796913992,0.8536277703038395,0.6294779522719662,0.016342217090400502,0.0032875882723769415,0.005792744593796107,0.06519132474651418,0.01705678689660852,0.09948978021739781,4.4698655594825665E-5,0.055407526541330736,8.367548199823738E-5,0.015025794777841689,0.001888981875777115,0.001090470297041497,0.0041930645662025265,4.637096774193548,0.10381666647240685,42,7.661290322580645,0.009934169349552026,0.6048387096774194,1.814516129032258,3.412143763702556E-5,26,26,0.001270245665503131,0.8854351420953275,1.5338653534898048E-5,0.0017252772014015225,3.214274885576591E-5,1.7208199764059548E-5,2.675246919042147E-5,0.1153050923280052,0.008545376033734732,0.0010054165998754662,0.0025663479912744164,0.1101507071647101,0.003145107879587537,0.032927848647413126,3.4838378307324195E-5,-4.407924743575111E-6,4.032258064516129,-2.5658402368351414E-6,3.225806451612903,0.0,2.0161290322580645,0.013013142205780849,0.0,1.0080645161290323,-0.005376315940856746,-0.021622480665045206,-0.08825501301649084,-0.0013626827710164157,0.926452608,5.748786407484435E-4,-0.011713725043428541,0.0,0.0311509146325492,0.11522131506361122,0.02108483457530666,0.22414981803187337,0.0,0.005792744593796107,0.025822334892363106,0.0017252772014015225,0.48006359221182904,0.028789892090997304,0.021134687751742095,0.09369703562360171,0.6222995953670457,-1.6536388833653876E-4,0.21574918797598014,0.0030841823991356147,0.015468354945317904,1.315120558669025E-5,0.008528393448304255,0.1604348627032428,0.0032875882723769415,0.004430351563358658,6.013961570659447E-5,0.11385156830897548,3.6868471090799863E-4,-0.10317250403030931,0.0022517208843128218,0.09086195275918699,1.2096774193548387,4.838709677419355,3.024193548387097,0.0021887178848586345,0.05138320224290514,1.8881074423240864E-4,0.1830329609932083,1.2027923141318884E-4,0.09509717808424027,0.1777679364698732,2.1534597160980978E-4,0.019659275766268202,6.048387096774194,2.675246919042147E-5,0.007183084406718805,0.001090470297041497,0.0056785055707717635,Nietsdoen
0.0014218416658071723,0.011288380453486133,0.981482442607095,0.9134424407080639,0.0,1.0,0.527384368903646,0.35506933316079814,0.7869605463380656,0.5546552824383613,0.015699954189575434,0.014543537501990826,0.10592674928562576,0.05007097341342272,0.12769057255627828,0.18733011227920132,0.0015738854979880548,0.04785421017004847,0.005130200249977952,0.05192972799699022,0.010617759317397111,0.007478285632309038,0.007994687632196044,3.25,0.06839739466014083,41,4.125,0.0349574517296092,0.75,2.375,0.0015511579167726947,41,43,0.010793051104326322,0.8836293256181845,0.001234084083429834,0.010408610747511824,7.728413380982112E-4,0.0014218416658071723,0.0017406201747729552,0.05982012572353771,0.017145409564669246,0.007465443610791446,0.01243220573261348,0.24786849251555504,9.960584961773908E-4,0.017180774256778185,-0.007505319001172741,3.3907390395109026E-4,0.0,1.768989746105362E-4,3.375,6.581276687724133E-5,2.0,0.02044706985870884,0.0,0.625,0.16726493195558015,0.14663014006085803,0.06319176174145162,0.1257943232151072,1.0041859945,0.06557134304183854,0.01558796051089809,0.01851755739290494,0.06804000189903102,0.12648189436999838,0.01698010657713211,0.23230526389970424,0.0,0.10592674928562576,0.05023775798352098,0.008050419957954054,0.027270913534715318,0.17231503574284793,0.16773922088159682,0.08140336299357555,0.6412767976748123,0.00688693711492579,0.18775982930900656,0.013773874229851593,0.013433397846821913,0.001234084083429834,0.0638452862781391,0.16832253470630404,0.014543537501990826,0.03408515934587686,0.004462272834254062,0.5570572845342964,5.607255195915237E-4,1.5100517677760266,0.0075543710406094835,0.09187776820435255,0.75,3.25,2.375,0.009705378093768691,0.03115522582723828,6.143274020646511E-4,0.12793114362643618,0.00892454566850813,0.05966551067964773,0.30464429758415956,4.214269426966492E-4,0.058060643944204425,5.0,0.0011683016030550396,0.015483962088129952,0.010793051104326322,0.02696719319925385,Nietsdoen
9.061146621389436E-5,0.0036800180411874243,0.9824432627820097,0.9177548206034009,0.0,1.0,0.35728146272714406,0.10801705230834827,0.7039211998183094,0.5608030639402165,0.009861754108769325,0.0042132535068317,0.021415216057921554,0.02364515660221976,0.03614470198900924,0.07118460667685358,9.818598978724642E-5,0.024388236519181414,4.886961376329218E-4,0.026329562312878783,0.002021219224919861,0.0015905837915711472,0.00275722614185571,5.919395465994962,0.18703867896195192,58,6.675062972292191,0.014112142836219019,0.7556675062972292,1.7632241813602014,2.1227673466634177E-4,36,36,0.0018506955772449676,0.9134768321094553,7.615214318114928E-5,0.0018740197107280296,6.890575087327895E-5,7.319265807264175E-5,9.703621761911079E-5,0.13455279324584538,0.008391604411610932,0.0025492326288177967,0.004642693909758395,-0.04038902252860675,2.971053053509686E-4,0.037765440845585606,-0.0036444315845575678,4.241314731018527E-4,3.1486146095717884,1.3440410301405084E-4,2.5188916876574305,4.664910636240409E-5,2.0151133501259446,0.004567612480906207,0.0,0.7556675062972292,0.020042737896160942,0.03055462645134343,0.08762010670890998,0.01608210343311751,0.8545867337142857,0.03164128662759889,0.006547220010075981,0.017556737217990462,0.06468844217860871,0.2138336207850915,0.0077972855628587485,0.14311813587809294,0.0,0.021415216057921554,0.01819509809514307,0.0025492326288177967,0.2035216012130724,0.24926441041879582,0.03683244563149468,0.04976939061893204,0.7017323227240188,0.0010479147090478166,0.1558730102336452,0.004126520573208859,0.006779333662508676,7.615214318114928E-5,0.018072350994504608,0.14531085554318085,0.0042132535068317,0.009773977616277688,3.5299412670769905E-4,0.31222947098469145,1.2888690422306877E-4,-0.025846170343235553,0.0036800180411874243,0.19756881721636135,0.7556675062972292,3.7783375314861463,1.63727959697733,0.004126520573208859,0.025097337172372128,1.8786049976519522E-4,0.12050235184936511,7.059882534153972E-4,0.03879175401101751,0.16976402428792492,1.994213627111939E-4,0.030912895919543087,4.785894206549118,7.929301056860623E-5,0.011360136818305062,0.0011671384575681514,0.008244929169720529,Nietsdoen
2.0144839817415326E-5,0.003094436961200089,0.9999999999999998,0.9787779367603752,0.0,0.0,0.3436236239454141,0.1769923249735932,0.8985697243495999,0.7230115882588679,0.003283147668920569,0.002195817981722473,0.005878657593624147,0.012037007665029862,0.019823777459879607,0.007269803769301923,4.486835305400797E-5,0.010252457493146277,5.1996967121826553E-5,0.04169414512040674,0.0010900394722471343,0.001150913033018497,0.004156850924236946,2.4193548387096775,0.3153003944928239,30,3.4274193548387095,0.010736017755668003,0.8064516129032258,1.6129032258064515,3.1032614281466456E-5,20,22,9.281109976887748E-4,0.9421502127238619,2.511563844541042E-5,9.537044086216878E-4,3.378976484595603E-5,2.0144839817415326E-5,8.934215143045475E-6,0.047693775739170025,0.01280421728969761,0.001150913033018497,0.0012641127022382744,-0.2490339917771377,3.7903097657462253E-4,0.01023051751557045,1.5866949466615955E-4,3.986979145087911E-5,0.0,1.316208789399216E-5,3.225806451612903,0.0,1.814516129032258,0.01118090716009319,0.0,0.6048387096774194,-0.005255423477743167,0.0025565542765801797,-0.23440631137505477,-0.018336087416044127,1.681821568,0.009269490619067617,-0.008002471457774494,0.0,0.021222063239624726,0.08020821241077525,0.005250242187055847,0.17555813609073198,0.0,0.005878657593624147,0.028486830962239407,6.42287528744999E-4,0.3793879643134538,0.16663129897182088,0.1697225212042913,0.001391146175677777,0.7905903921525972,-9.772167497188236E-4,0.11662749609224247,0.0024647366744632816,0.0073413458170428925,2.511563844541042E-5,0.009911888729939802,0.08487751658912014,0.002195817981722473,0.0030977173891401874,7.401293341599529E-5,0.6978677352972725,1.3499156961171982E-4,0.1462346443540925,0.004418881839503906,0.1904504858984942,0.8064516129032258,3.4274193548387095,1.6129032258064515,0.004418881839503906,0.03187578443810744,2.2706149488239318E-4,0.18237716857549052,1.4802586683199063E-4,0.0058216683250519805,0.09795089971022415,2.570295896531957E-4,0.04358494576928074,5.040322580645161,1.2651172627047607E-5,0.0077594096377576124,0.0010806928474235192,0.005741754673673952,Nietsdoen
3.078605989504283E-5,0.0019555096892070593,0.9141959412941753,0.6642929425441549,1.0,0.9818067922459733,0.28911717947360066,0.14716006746146218,0.46090617264300837,0.31540494320997237,0.011074254910470708,0.0019533032553245354,0.04940147369669152,0.03104422334354287,0.021926075091514206,0.06837791613216095,6.20168703761995E-5,0.05323908003601683,1.6969586124994227E-4,0.13630465487579937,0.002026617749021703,0.0015803135128617828,0.004307405802676163,3.7209302325581395,0.18096658766069942,91,7.054263565891473,0.01176465194323734,0.46511627906976744,1.2403100775193798,4.7275595590353075E-5,58,58,0.0012742562030279157,0.8754195087019083,4.821961621508998E-5,9.172010309865085E-4,4.3263251970521714E-5,3.0331806324186065E-5,1.9866957619044333E-5,0.0769803793988261,0.024055519030879543,0.0015803135128617828,0.0015630989804714893,0.22004845068839957,1.300146877533566E-4,0.024186046991424626,-0.0024437488875370898,-0.0015814159228299937,3.798449612403101,-3.2473819437043135E-5,3.10077519379845,-1.3036863911626195E-5,2.0930232558139537,0.019541442635991238,-4.752157997389448E-6,1.4728682170542635,-0.03374817822588884,-0.020916440542591994,-0.22520211196786966,-0.017579867320280128,1.0180634996363636,-0.015530608276395174,-0.003046117487477227,0.06761085095179811,0.24990299875002023,0.2033867699011466,0.0064320663732177165,0.14550122943303595,0.01819320775402666,0.04940147369669152,0.054088822759974405,0.001181253900564742,0.02628776373637169,0.14195711201213848,0.07878215132930123,0.018976442435469424,0.5008903052621987,-8.743935938793498E-4,0.1267945186644586,0.0021783662664044607,0.015974689977943914,4.821961621508998E-5,0.010963037545757106,0.07379718796486869,0.002026617749021703,0.0057926468739858865,1.104276751855362E-4,0.5297697105226894,4.500062771602981E-5,-0.09523700790610379,0.0022183003715536033,0.1873826392449791,0.46511627906976744,2.558139534883721,1.2403100775193798,0.0022183003715536033,0.039870776083878026,2.9358327317117566E-4,0.172617696701597,2.208553503710724E-4,0.012896211138949901,0.2272671317321011,3.804641911051391E-4,0.12572977044435654,3.643410852713178,3.8205263201322585E-5,0.023316471378163783,0.001319589952116115,0.006524161215418245,Nietsdoen
3.0190443709408578E-5,0.002298720959706676,0.9780877242560309,0.8963797230972903,0.0,0.9999999999999997,0.1598164341796962,0.07504168397933261,0.6152013978720117,0.3152086397200152,0.009062062149985329,0.002298720959706676,0.02047265408338475,0.02606552691276773,0.020667182633498527,0.023426356277786796,5.282322902385516E-5,0.03457675439749161,9.632780788654813E-5,0.04124091313365564,0.0016917674203172255,0.0013526839238478903,0.003549080292499218,2.3138832997987926,0.1681639088431634,72,3.118712273641851,0.01108688012618291,0.5030181086519114,1.408450704225352,3.896549365874056E-5,51,51,0.001086390346068407,0.9132259979705967,3.291519292101276E-5,9.266628015142781E-4,3.523985154835667E-5,3.291519292101276E-5,1.4285623389560534E-5,0.0678824270985785,0.014805176039333878,9.014519842252325E-4,0.0021162537649823013,0.12491370689230098,3.7293184197453985E-4,0.01737385301751292,-0.006770663710447215,-1.5187133235293254E-4,3.118712273641851,-6.348010565695246E-5,2.414486921529175,-2.2991459024817326E-5,1.5090543259557343,0.016863569336171166,0.0,1.0060362173038229,-0.01366755433004373,-0.005191431017027066,-0.08177372069031125,-0.004894686888009071,0.8804626651428572,-0.002202032318728904,-0.003580522425600126,0.02191227574396884,0.08170800115874051,0.28117832522527864,0.00801402242770765,0.29999275815199655,0.0,0.02047265408338475,0.05664700639152489,9.266628015142781E-4,0.15539220554031902,0.0847747502003636,0.05161532770154581,0.0029537021944020443,0.6854737067636314,-5.671231994676735E-4,0.19985174303983724,0.0022221314248144154,0.011225967656504311,2.3014756362434083E-5,0.01033359131674926,0.09973874124010562,0.0019527708551924888,0.004654625099777952,9.316520014733071E-5,0.28486992411535145,7.134179562429063E-5,0.172848374148578,0.002183163701330264,0.14513818352705138,0.5030181086519114,2.3138832997987926,1.1066398390342052,0.0022221314248144154,0.03847228157610106,2.611006405889649E-4,0.23917329281392588,1.863304002946614E-4,0.016446574566360783,0.12149567178117414,3.096195897601388E-4,0.059260336072655975,3.118712273641851,2.3014756362434083E-5,0.009429351402188072,0.0013526839238478903,0.005915118127964521,Nietsdoen
