z_e_stddev,xy_e_stddev,z_peak_stddev,mcr_t,z_peak_mean,mcr_z,zcr_z,z_e_mean,corr_z_e_xy_e,corr_z_xy_e,z_peak_d_mean,z_mean,t_mean,t_stddev,xy_e_mean,z_peak_d_stddev,z_kurt,angle_mean,angle_stddev,z_stddev,label
18.072550517317907,2.6248464119427184,0.9759196314071455,36,7.912291503004376,20,20,17.024561710816503,-0.2043737834679858,0.2614444642321044,0.9780375163333334,0.3269566915644949,4.146155492018223,1.924533825680107,3.8551178027649273,0.03479951856985128,-0.82809289025167,0.028941653447413392,0.023333182528961455,4.121326446277742,Trapaf
12.538351670051249,6.5643550454905855,0.621643399301357,26,5.419091488143658,20,20,12.661834315213795,-0.1869855802747743,0.06512274106946091,1.0271911253333335,0.15737795275216465,4.212600417902144,1.5275484328194104,7.408201079041062,0.035150745186631666,-1.068461786705903,0.030327448222355124,0.01866186850055559,3.562025043214666,Trapaf
14.906469240254678,3.8380637318784796,0.4968876007600336,45,6.994946700987811,23,23,14.925585888802573,-0.053045457803621965,0.2541600452857803,1.00138855,0.3343622016880613,4.055477748443569,1.6970296450866549,4.39162379690026,0.02790076189785414,-0.9908326542045622,0.028347890106412248,0.02460807385581028,3.855299242304103,Trapaf
11.478166760284566,3.254732603916929,0.421222736111119,30,6.038285704578748,18,19,11.004235480125462,-0.19629729728625564,0.0882556053205042,1.0577697753333333,0.20443452028127343,3.4640523035306283,1.5411493925633246,3.361063765867892,0.020424423559136897,-0.922306985922213,0.027463510975012855,0.02118171551836228,3.317599716445168,Trapaf
15.020744757779498,3.038930352905551,0.1740135660897748,25,6.312129242767345,15,15,14.255888904166708,0.04696245058219739,0.3185958311084303,1.0283355715,0.19991106335649855,3.865459293679729,1.792634042214398,3.883435710914259,0.041885200775901514,-0.9016938297145773,0.02643711065540211,0.02088610053528664,3.77981535174259,Trapaf
9.105821663450403,6.1707591696787505,0.20262873800345274,23,4.802943951599851,15,17,8.437907529787118,0.036388558496930436,0.08851426014386084,1.097717376,0.17494563942788866,3.4993594056945265,1.4911995697805849,6.021313235390183,0.04268381636696175,-0.9155610584596681,0.029519364653694757,0.024520912640106998,2.906057859153642,Trapaf
7.229140362655454,6.1674942479336305,0.8844013234587267,16,4.72093372001122,15,15,6.242009892018283,-0.08974435746889067,0.24540843541087387,1.157516544,0.22023905702663524,3.2374657902685846,1.375435807564453,6.122514997697905,0.015213227034746835,-0.7079396824530293,0.03001946039379409,0.029860879560589016,2.494274106703571,Trapaf
14.906469240254678,3.8380637318784796,0.4968876007600336,45,6.994946700987811,23,23,14.925585888802573,-0.053045457803621965,0.2541600452857803,1.00138855,0.3343622016880613,4.055477748443569,1.6970296450866549,4.39162379690026,0.02790076189785414,-0.9908326542045622,0.028347890106412248,0.02460807385581028,3.855299242304103,Trapaf
15.841255378860918,6.862737199084061,0.5736129805598867,20,7.549590706179515,11,11,15.130477379643546,-0.2966514526905528,-0.06859352556154744,0.966705152,0.039600865174268925,4.505189300951529,1.6411299331628484,7.841484826311005,0.0,-0.9090199307740559,0.02499019118133791,0.018042197074689213,3.902708227660657,Trapaf
8.971666064140381,7.516140806735805,0.9347724589140158,16,3.9282034862121185,15,15,7.9166547540502705,-0.005499381457230828,0.03681170311624946,0.9466451626666667,0.034663314631642454,3.5376029289877593,1.5647310694531456,7.033997476522733,0.1942322223268136,-0.7418980373382067,0.030438721383187897,0.022167139632466543,2.8205731995811165,Trapaf
10.20880550066885,5.714396557657157,0.5061130604721066,30,4.820348829575455,19,19,11.570555903337866,-0.2758680238247232,0.04400260131239948,0.916427584,0.1289907887608362,4.07471337500826,1.3065259181037014,6.7328600550734325,0.2221346155730612,-1.245993461705288,0.027133985809838383,0.019153392276042888,3.4059791944150457,Trapaf
17.42786756942447,3.1240110685048617,0.7044406519222594,32,7.43786933624304,19,19,16.16572573444279,-0.083142913112174,0.24378418467233254,0.997833252,0.06491845360015429,4.197641062656868,1.8295120049695999,4.78824381654783,0.07240251507321205,-0.8288700335058956,0.027468965126451497,0.020496057948236883,4.028170474811148,Trapaf
16.45507138550358,2.845132373338659,0.5110132930013361,40,7.36251599660248,23,23,16.143860175920743,-0.22013699819857538,0.10474158609233722,1.03761291525,0.26468616980362986,4.047633192564225,1.8293470849828513,3.5747926992921655,0.019293426201375696,-0.953705690669644,0.02486268728040163,0.019076813660802473,4.01593579858205,Trapaf
14.90668847988375,3.3249386833971344,0.49820066055932855,20,6.920675832299102,12,12,15.271858394149076,-0.12903690267816134,0.2143442493538566,1.05758667,0.06052721291169397,4.120206655321162,1.6844797680453187,4.522800096764714,0.0,-1.0437930518112806,0.026206697152769163,0.019087858561462837,3.920544089412387,Trapaf
8.979454714037534,6.134505958085692,1.5176689130194572,33,4.8991597990951865,23,23,8.705517532117412,-0.2298631388623733,0.27194102958155164,0.916435264,0.0037983181430528866,3.724090967444753,1.287351928366253,6.814540384804798,0.20170617799104112,-0.939993673101811,0.03630620131366522,0.03189233659407223,2.9559277107225808,Trapaf
16.69445756976167,3.5657902230002363,1.7935325843665513,20,5.846826536639412,13,11,15.557075689243693,-0.09347158843313792,-0.07395852404627727,0.8598022465,-0.20469975615904712,4.008989777525428,1.8965922349910058,4.088005038848993,0.2543322908008641,-0.8075439893020997,0.023909102499473454,0.017607368176220325,3.9521263114450473,Trapaf
106.04675645307287,101.86896812397917,2.7026436093545985,141,17.330644480806225,73,73,103.44390311483761,-0.1571229277334808,0.2990801315353216,0.7049559190588236,0.18766097583382205,13.929007276887006,4.930640356651633,114.84692147266522,0.029340449818370803,-0.9373965762503444,0.11985611480618619,0.11412470808280305,10.176886066862794,Lopen
84.19112901743149,117.53072212761137,2.0645317403321144,36,16.722230618963348,26,26,68.20417825628189,0.020127162777203896,-0.17463251776924585,0.596246338,-2.5152200714463477,13.234178229316528,4.960869758974547,131.45108299947995,0.016494721538786894,-0.9518822277954486,0.13357382989566932,0.08910172184127785,7.882027128543498,Lopen
130.0759982274725,80.89501642215932,1.9842414656596776,116,20.008821055075167,58,58,141.34988450128526,-0.03254511716072819,-0.02582893674021508,0.683136,0.30960824186640573,14.593810036381987,5.206134965223836,98.67860331156237,0.02347884209902273,-1.1531506571610095,0.13226492727928504,0.10620402612173395,11.897032777505542,Lopen
97.48797250230575,115.63222742464751,2.6228910448087612,111,17.513182307525813,56,56,105.48176509021434,0.18006633535792313,0.4686581623859016,0.7104519912727274,0.2162116604732906,15.621720482167854,5.2275814802332,165.82900873821848,0.015789457666368235,-1.13427713676038,0.13537315868741628,0.1046181425676314,10.278501262737965,Lopen
89.19550933259558,60.43294637095598,2.596950690410656,46,16.92730324033739,32,33,65.71816862388613,-0.11203098594595634,0.115952175612117,0.7134094238333334,-2.1592303438459184,10.498874596239213,4.459684315281086,64.33068740832852,0.039356039245877175,-0.4922165387778632,0.09938352156462066,0.06629033267659047,7.8268827292197,Lopen
82.94757751696461,67.92377356931568,0.9100539146499721,30,16.538327019077656,21,22,80.43938922376715,-0.0751297987891372,-0.2548565600284011,0.6932373046666667,-1.5893429054922148,11.836478050582452,4.335608548558191,78.36139068613474,0.011667178101444511,-0.9494965174633467,0.09917020676267066,0.10451855643426532,8.850176181841356,Lopen
128.827587451646,81.70307701930193,4.908041357341974,44,19.223240993707904,27,29,92.00649928332304,-0.08704050774497704,-0.04416455054083382,0.5904693603333334,-3.0013620142871886,13.496013542048132,4.92194552982717,114.26413868578834,0.0212509282927359,-0.5916196132081799,0.13248535226334274,0.11057531287310249,9.128690815731494,Lopen
94.50210839514271,50.69708629564769,2.2842952621315917,43,17.529976108268,28,28,80.25361980945081,-0.11685442896244516,-0.0079933361697282,0.7200500487999999,-2.590033178499575,10.69736407662444,4.337338696417004,52.91723531797064,0.013941082716175645,-0.9447344769340122,0.09163423986074609,0.05738974884517563,8.593061781860394,Lopen
61.16505413921814,61.28172028532129,2.02597840255322,61,14.089858369826786,42,40,52.95050188354951,-0.18735229594614972,-0.04594595638620128,0.795085907,-1.4918264353950719,10.470741890482868,3.5904664462804448,69.54515453217411,0.27331766679374264,-0.6877517320056086,0.09781266311812362,0.06561773656005078,7.131064856328885,Lopen
109.77725240082458,93.03828389281608,1.9878716707071307,47,18.127262606586008,34,38,88.7208777107733,-0.21066381418909355,-0.014615745442471536,0.613037109375,-2.632444801732227,12.725306725366327,4.619304127717653,94.4848688740004,0.03386373264259333,-0.9381492466087549,0.11944100185894413,0.07904119248818965,9.057789674117325,Lopen
125.61960897541728,135.30418749246337,2.149795468404109,144,20.097685305796187,76,76,117.75871936609542,-0.2821874330342757,0.40424404523874125,0.6848130409411765,-0.28377255534519563,15.626640548610967,5.009048336597862,151.48484060662602,0.028376495036742208,-0.8856050087660425,0.1391109062279992,0.1217721396436467,10.856377048330195,Lopen
126.42196011739287,155.43804496662767,3.1999384026131676,80,20.191264128844896,43,43,109.7757856964896,-0.24626230703731802,0.3399116510880122,0.652067232,-0.5245832250925102,16.468036919938438,5.3812904592839566,190.2955278387352,0.018455566110187154,-0.7569413039851778,0.15123847594604864,0.148404419186216,10.479320675493787,Lopen
115.44897740296997,101.62353400947157,1.8450606378262238,106,18.67658372776321,57,57,128.95979343786578,-3.3777371413025854E-4,0.04557506636139317,0.6999155626666668,-0.18624484845662675,14.664190799867297,5.153461991581287,112.58332417713409,0.015187986931373267,-1.2015224680456849,0.11870631659215627,0.10677476585412958,11.365982625997617,Lopen
61.17453036588355,67.09588929777573,3.0876550764109547,49,13.385367916029388,36,38,49.08565328702864,-0.2437508982407081,0.08722354440231289,0.709972381625,-1.5855255964135555,10.87310324372301,3.5143873485923,81.45435095918853,0.024194624643399165,-0.7501742034057881,0.09579301138373938,0.09440097844387633,6.834120668666897,Lopen
118.50894662331913,93.77557044008184,1.7758892655077538,165,19.583680794003346,82,82,140.21716402997848,-0.09050233134308647,-0.01465760702304836,0.7261754168888888,-0.2415873101199368,14.931226212432273,4.953623309221345,107.2297986384672,0.02338568144473549,-1.2906518465179875,0.11133108720578963,0.08542402678450323,11.846821729261537,Lopen
116.43789992610198,93.07870614977172,2.0195170991757068,113,19.462026841467363,57,57,133.3348996336646,0.11790639308804222,0.19505748924900776,0.7016074453333334,0.2130507866667855,15.364697800195595,5.203591476579081,129.7619214945777,0.020712827259157487,-1.2304780409370086,0.13692865377337476,0.09898152970570682,11.556739931518207,Lopen
11.005794458598649,9.908647234716067,0.7694226174263492,26,6.367913594132679,22,22,8.54065049228422,0.030290814894856893,0.3105632656321903,1.1274922666666667,0.15329035418381884,3.764733451437604,1.802965186981761,8.870195979880675,0.02080127228003877,-0.25949350837234375,0.04427681157716209,0.033899246362271575,2.9242940886124265,Trapop
7.823317721756044,4.989303815380749,0.342861479046815,20,5.738946322704825,14,14,5.858469984699411,0.006814769635838853,0.19248915731929578,1.098022461,0.17981051584240532,2.858066618992807,1.4853224252055042,4.505115183816804,8.631652477944186E-5,-0.013784684088312904,0.037518812822458655,0.020722410983894643,2.419857943865364,Trapop
22.28907032399754,16.360927272298525,0.7468096232137276,28,9.48423362564454,24,24,14.740867532306206,-0.1252099581777841,0.21824100908638064,1.0809122986666668,-0.13211961229262698,4.706385162103212,2.4287897573513835,13.286605316458228,0.030799994426336467,0.16088451153498218,0.05464643918167333,0.052572784907620525,3.8441568817246563,Trapop
7.138300359399326,2.014835586384778,0.6836252725317883,34,4.561636068459176,19,20,5.987914563723137,-0.2698714135578815,-0.19038534515906277,1.129135132,0.26026653557748475,2.7388898270810933,1.1050285807342608,2.7298067327477678,0.01473858443630249,-0.5974290371812279,0.03385714020888712,0.022831854763625387,2.4380220878789376,Trapop
9.506863155825293,4.517509018898415,0.5165118374782063,18,5.854562777518632,15,15,7.238189780391837,-0.012979878031763587,0.2293510301784416,1.047912598,0.04272685609795678,3.2375426099162414,1.3930701576368332,5.174384852498092,0.013163303262883598,-0.26508209486552614,0.038859483692325024,0.024709408010326762,2.696833604447969,Trapop
7.110057591352526,5.176259164823357,0.6067029426699762,27,5.406906778974164,19,19,5.300236531197317,0.016979085029678206,0.3348167612837321,1.0242513023333333,0.2481627741534534,2.878984306647166,1.4494268278442113,5.080748883480781,0.010871171104814803,0.16174592778116592,0.038205127718081024,0.0216563758795886,2.2934015197616753,Trapop
6.118958763087054,3.974238816818636,0.27163032509162705,22,4.763966441232966,15,15,4.996478738331726,0.03887444336056598,0.31531079909899457,1.037902832,0.07322404615113606,2.6071141541908376,1.3644106643493914,3.6528738533358847,0.028225575727769167,-0.42166598507784236,0.03629368755754501,0.02483260022425932,2.2396870243927274,Trapop
7.115952488932228,5.446886013995979,0.6819448532909922,23,5.460840783980582,15,15,5.498490111603143,0.010608302710036389,0.3185228779903875,1.0274047855,0.2240569104914891,2.966280616860447,1.4593421646845015,5.419361742216769,0.013292779464266324,-0.038372531992293624,0.039013114749895994,0.022418895637880017,2.340014304913573,Trapop
12.060990692732227,7.890944365802549,0.6661819319263128,18,6.981125050002617,25,25,8.878892333014965,0.027956840592072624,0.3232747807196007,1.107849088,-0.021009875081294836,3.7855981460941477,1.7301067949109312,8.433060877324928,0.028570824856324187,-0.17696631758489634,0.04800231568399315,0.02884385584188699,2.9856985888702345,Trapop
10.313682609124546,7.601626497614256,2.513588812018648,16,4.369030262494094,10,10,9.554958676833923,0.0642129723828509,0.17110245099503407,0.886184704,0.06406111956861066,3.7392860853640983,1.6948702193454064,7.280607717422332,0.4272030986509608,-0.8374664068674673,0.042793674735813955,0.032447977196385744,3.1008688545039576,Trapop
16.539449337083266,11.595297809131779,0.4502494489147427,26,8.539574339784663,26,28,10.31300593590928,-0.10854888180141724,0.2546609444243341,1.1480767146666668,0.07429995430181686,4.019322248472598,2.032400852144118,9.957468027064335,0.040344193091679366,0.6567565666925543,0.050391531897572076,0.04439019279819234,3.2164235759311204,Trapop
10.5252507814985,8.493663427004217,1.8001452703130174,50,5.830203516773986,40,40,7.474516496626002,-0.0886989273144822,0.45688777854085205,1.004568832,-0.0418386355431349,3.6475122476369655,1.6253772245508138,8.466364626305078,0.19865311793509963,-0.056633086215308825,0.04250153923142284,0.021799978157934864,2.7363903387010726,Trapop
8.80775402937841,6.435040846092836,0.6360003117250788,26,5.888599704714779,25,25,6.129577281231392,-0.016166408252486907,0.3281798920579774,1.06209564225,-0.013806135711799217,3.0463223573045886,1.5987464669066211,5.697972921277326,4.1274041466955334E-4,0.04057514989972022,0.038828199868437004,0.022384405543341524,2.4798964278421334,Trapop
11.684797999878395,10.538813109207757,0.5111572524645738,44,6.724397747090653,39,39,8.685470850749919,0.02825018657673104,0.2626644313083278,1.06735232,0.024552782878051384,3.8325456752451688,1.8616026190493133,9.459770432205142,0.025548394450200074,-0.17662344116495676,0.04730150008761879,0.025726808203705372,2.9507286382316917,Trapop
6.429559217621661,4.91519759240902,0.4841284959565165,18,5.025651034248317,13,13,4.891353672331629,-0.00672801580971368,0.2556086924470223,1.1102294925,0.11323944360880524,2.779975457510068,1.3586943264390354,4.673729893360809,0.015278063776834173,-0.13380079315436122,0.03801136053516621,0.019856260317080966,2.2142822153893906,Trapop
7.541570890036921,5.479150675243181,0.8982535655547681,42,5.083985576499462,28,28,5.365285047837286,0.14315291292704657,0.3109488747651671,1.1055043538333333,0.029050957387120945,2.8180219730765574,1.5250825913980237,4.896010438050252,0.01987934279986372,0.0021490357968256824,0.03848200831183424,0.02011907640013073,2.3190341922689415,Trapop
0.00441497126285899,0.16299479136809877,0.03434513448021275,136,0.10264857208044088,140,140,0.002676125887996451,0.8803815167896681,0.02971489785851402,1.563724032,0.0012604467747109008,0.2582851837682054,0.2044131047611692,0.10577774839197529,1.4961700602266277,0.7088213327107908,0.0021110137963738025,0.0013779160165716087,0.0517419874756911,Tandenpoetsen
0.0010250215154947975,0.35400563905769056,0.013441797571215507,192,0.047139927483433236,129,125,6.863443255202274E-4,0.07976774937132665,-0.02397150819172902,0.9855002697142856,0.0015634531703191661,0.385451601881645,0.2949051109953103,0.23476803545957672,0.47785818435473393,0.18329199136984586,0.006237609860333858,0.0066283214752235866,0.026164658510407644,Tandenpoetsen
0.002959171000454678,0.19209985380010447,0.039958151878817884,162,0.07966874379636352,124,126,0.001605180211051918,0.2143309355728098,-0.011248078938622884,1.3264662125714288,9.820795027052824E-4,0.27034986425860935,0.20601489587806382,0.11388326489063595,0.9601521830122276,1.4188009846410266,0.0037149627343796934,0.002591955177518539,0.040072844718797074,Tandenpoetsen
0.01806159547562315,0.8884464110660373,0.05096936323506442,201,0.21318122198564965,147,147,0.012373839789372846,0.11268242331916337,0.008475320382447115,1.433406592,0.005045927604435926,0.6603028492699338,0.4844843746723003,0.6581147424985552,1.4676893917815452,0.1311659625469055,0.004148935714026859,0.0030747070614641097,0.1111792533078201,Tandenpoetsen
0.005529084770542911,0.2511382124434938,0.04830503913796768,193,0.0996068752785112,132,132,0.002874098783960352,0.918949542539879,0.007014586331009796,1.2652515141818181,0.004615064431174787,0.2969351729194662,0.24339781267251573,0.14447923323049194,0.6052055521092445,1.7387126102633887,0.0032584385323938033,0.0029419485142936105,0.05343852328304028,Tandenpoetsen
0.028932090032022607,0.16754241825246804,0.2142977065782342,471,0.22588686665306587,602,598,0.0048979472948093225,0.13507754556114612,-0.04198826271004733,4.245886484791667,-0.0015441309941337657,0.17361096501015147,0.1703745246883876,0.054265004452805965,5.037628337192702,32.740644333644006,0.0020589602647834867,0.009185509343304138,0.06997468098723161,Tandenpoetsen
4.0453667687031814E-4,0.02067520138088938,0.009056831399864488,93,0.02931947274330502,92,90,2.4259574320713095E-4,0.1969714496774415,0.19644664698532885,1.39196167,-8.655947608936174E-4,0.09253911709916265,0.06631271701841954,0.012712413527214486,1.304704368682526,0.8243841112916614,0.0031661369355693194,0.001663690590116376,0.015561778526321061,Tandenpoetsen
6.749689494907698E-4,0.03481789421934364,0.013165994636152926,95,0.03607848004566866,114,114,4.299230159566086E-4,0.2822880151046993,0.03979769947890769,1.2539649376153845,7.031964219577895E-4,0.1256117487204349,0.0902930421450027,0.02349307717167729,0.7209067242293127,0.44425644681258936,0.0024978104365730065,0.0017703120987098565,0.02073301616455028,Tandenpoetsen
6.433809430558818E-4,0.03651387513629932,0.01703134471998445,130,0.03830197185227825,114,116,3.0915832513618514E-4,0.17047456304057024,-0.08125780119155397,1.0847520094615384,-0.0014415251831762113,0.12333749866376463,0.09092568853053856,0.023162201864637348,0.489722662553038,2.2445175768086294,0.00352153214214773,0.002798608088190098,0.017532467328152532,Tandenpoetsen
3.967790722347151E-4,0.03404411085774687,0.009702088694127285,164,0.029227598371094385,122,118,2.308599067024066E-4,0.7204288197787035,-0.024039556474028553,1.3357121394615386,8.420149311964502E-4,0.1122801303578584,0.08275031789150347,0.019216742103283356,1.208994498728158,0.9669356216874809,0.001990554154596032,0.0012669612483249238,0.01517830914415723,Tandenpoetsen
3.381868564280656E-4,0.04141632973315155,0.007858707588175098,221,0.02924159242059597,163,161,2.0631717641377985E-4,0.24287922229746478,0.012925514286041198,1.35087948752381,-6.935503852836093E-4,0.12348099050333666,0.09715418956231099,0.024473885956702513,0.6776881853372599,0.7189587806209721,0.003009596148182568,0.0018870449743867085,0.014351773004976455,Tandenpoetsen
5.261672909308673E-4,0.07541182082185836,0.011359973820116958,209,0.03368399180277432,168,168,3.072173110800992E-4,0.49634418744677516,0.2548575894729126,1.2978085604545455,-5.477591573252775E-4,0.14323306527723012,0.1220464911871816,0.035093916073803105,0.8156191191092369,0.9488928848452725,0.002925602922543434,0.0020151597740043436,0.017524893223630666,Tandenpoetsen
0.00516606197709899,0.1898172893400143,0.03927660172832971,179,0.11748359879448367,133,135,0.002876429135107182,0.12242500179232725,0.03509063363572578,1.8866109866666665,0.0023456312567489944,0.3156484108623945,0.21384854999341513,0.14244263890175793,1.6384500795333388,1.1834247368336994,0.0030906947396841518,0.0017717517780394712,0.053608033249709516,Tandenpoetsen
0.0064502546047082825,0.2694240427891694,0.06402723945794929,187,0.13256348190476805,141,143,0.0033737110914259217,0.7065377010217428,-0.04810953197921719,1.7388579555555557,0.002265889812866737,0.3610058056698476,0.2579294442553526,0.19341208227555118,1.5049467620414838,1.734541683780927,0.004340054856542451,0.0038954670926227893,0.0580686884435912,Tandenpoetsen
4.857342505483093E-4,0.03213971773383327,0.011516627556712426,332,0.035200727240361586,250,248,2.914322802165662E-4,0.7359013386789411,0.13056291692519972,1.46442286175,6.372009055568359E-4,0.1218848339692814,0.08252260030808214,0.021371058444917646,1.203876268508066,0.7699817895487242,0.002067415758643334,0.00134803133905778,0.01706375385517298,Tandenpoetsen
0.004799559982346665,0.25466064213214623,0.032724218902284455,165,0.10651211998844015,133,127,0.0033937271288555764,0.09630508456978797,-0.007928732816103057,1.2571600640000002,0.008384604880944578,0.3729009039148469,0.23652212800311342,0.191547736970204,0.7612193898331603,0.00671816567336414,0.004297231152988456,0.0029596738566135075,0.05767820868573026,Tandenpoetsen
0.020174400841847358,8.537064946648816E-4,0.15941993027896625,4,0.07804558987333399,8,8,0.017136608025386676,0.08232367969578233,-0.05767529606538874,1.389236352,-0.001776683672779927,0.10934518564953338,0.0771644057332799,7.510282529401755E-4,0.20019018876111586,-0.6179739197670653,0.004614267521952991,0.0043463309953673465,0.13114922244017843,LiftAD
0.05856706204227826,8.161794159075754E-4,0.11438464596780841,4,0.3528484004276725,3,3,0.05911229181640986,0.04043443073793493,-0.2785822839596253,0.522857728,-0.0035446185124794497,0.2080142022124167,0.12978371871155464,9.046266215766395E-4,0.0,-1.0468754798130293,0.003182360087728564,0.002710648166981984,0.24380595648579453,LiftAD
0.0579318303815547,0.0026623096239370273,0.0935147073584619,4,0.3606472407274676,3,3,0.051739084062212795,0.12266442593727532,-0.20290438289733712,0.520233154,-0.0023743761727693926,0.18951807314814903,0.13354248556871848,0.0019246182909000943,0.0,-0.7702844096899493,0.0017779379848712662,0.0013585512401214617,0.22800667035306932,LiftAD
0.05710394885235385,0.002263409994224062,0.09316512639604667,4,0.35595223749176086,4,4,0.05197687078548019,-0.0017474693099242692,-0.26641493874903005,0.520019531,0.004103932055318485,0.19459609589679336,0.1282574085024306,0.0022584827743743698,0.0,-0.7661218132941343,0.002493475708228472,0.0025030270088112756,0.22851943943165165,LiftAD
0.035682764003616384,0.004274987870991867,0.0,4,0.0,4,6,0.03590510744123358,0.07091928040445368,-0.03376129605384387,0.0,-0.01551985224320362,0.1708308698444875,0.098858389232082,0.0030024379755278167,0.0,-1.0831757254392003,0.0012677500594268673,0.0010591932748552912,0.18932132166166762,LiftAD
0.05457313417671947,0.0015024525854655884,0.2273865663372162,4,0.2591395868871188,4,4,0.04994219280626878,0.10891131467787438,0.44847377601661054,0.522571264,-0.0018441965897061255,0.18537504762251641,0.13040037546568212,0.0013400933058593132,0.0,-0.8262710747815594,4.914241445695162E-4,3.540416282314138E-4,0.22403635452757514,LiftAD
0.057052929292325937,0.0015418971802997766,0.1159644138586077,6,0.35090565426767883,4,4,0.051380238659975895,-0.010747504915651724,0.060319810103840694,0.52374272,-0.0017269150474383292,0.18877689836031422,0.13134430108549341,0.0014211140446754819,0.0,-0.7860942537939719,0.001463824490263814,9.027646858374808E-4,0.22723718339533983,LiftAD
0.0216267043196834,0.015948261640998714,0.15154260289518584,7,0.1525435280759341,4,4,0.021517984480530723,-0.11970791363284419,0.16039494179625768,1.087707392,-0.010729767648802336,0.13745508781224994,0.08352939473718869,0.00431853607512766,0.0,-0.9839922292910952,4.522453879572044E-4,8.476557711274093E-4,0.14666062334587213,LiftAD
0.021775417696812037,0.0024627192002862237,0.163191123060567,8,0.13725100947836,5,5,0.01985152430837491,0.02228900212426271,-0.11159462751569395,1.067504896,-0.002990288322609514,0.1241178600371025,0.07670733596730056,0.0014113485437721443,0.0,-0.796925377313126,0.010449352300364794,0.017585236636563955,0.14118060591420947,LiftAD
0.02170514108129727,0.0014375177568330755,0.17799815551161136,4,0.1542227811924078,3,3,0.018063282841734214,-0.22291851458754736,0.12915553598799104,1.329315072,-0.002300818722307654,0.11393090229181187,0.07665671519193482,7.695250748579189E-4,0.0,-0.5696084800919246,3.893138291932736E-4,3.1548008297315003E-4,0.134651766948864,LiftAD
0.05930204168810959,0.01073263130991961,0.2169024914176797,4,0.29269983548964407,3,3,0.05361639687224115,-0.06231219585230076,0.29964588417156174,0.519561767,-0.0027962350897008845,0.20334564714310152,0.13305334453492812,0.005347731869276224,0.0,-0.8036067314486619,8.690364776591507E-4,6.921588994406112E-4,0.23211628073115975,LiftAD
0.04750808205026309,0.0020737014814137785,0.16719251677304448,6,0.3050598634495313,7,5,0.036046848651545095,-0.054696652128401135,-0.17792513437432825,2.416998656,-6.921488827053611E-4,0.15335553731112034,0.11716917231309565,0.0011474870561651066,0.0,-0.27611485287957827,5.416564614410202E-4,3.8951664785605674E-4,0.19022079577364112,LiftAD
0.022809327997795316,0.01767979036503051,0.17078253943299584,6,0.15804200241943228,3,3,0.022521250935699115,-0.1676478718358095,-0.1561169562660823,1.217559814,-0.004933453097012141,0.14948148732029048,0.08281570116865425,0.006649245236033067,0.0,-0.972495256848513,0.0014448981461663239,9.818662577543266E-4,0.15034810508748606,LiftAD
0.048890574362994224,0.0017175299581708113,0.16384627040410205,6,0.312614436036307,7,7,0.03567669565939548,-0.11098798202508472,-0.05711554073811953,2.37890625,-6.506447570276776E-4,0.15362117157831814,0.11758355650239537,0.0016983854837797246,0.0,-0.13584802944341767,0.00119631437570909,0.0011363693686559462,0.18922599634888757,LiftAD
0.02261754494291755,7.33151069963304E-4,0.16746773877733334,6,0.08130586006560142,2,2,0.022155265500561894,-0.20073148129422072,-0.17077248083592633,1.4260406495,-0.004132958722527361,0.1303264723520382,0.07729016775384967,7.750474026237889E-4,0.18370361302719643,-0.95920184097589,5.325371326062639E-4,3.521629134514866E-4,0.1491445891705413,LiftAD
0.020876562335631055,0.004083228535055247,0.04043934058149295,8,0.2298695195877951,8,8,0.020780004285674294,-0.2602710072011242,0.04207387052942493,0.856506348,-0.0011735136374341343,0.13642376948552806,0.06997235243884264,0.002708064206346301,0.0,-1.0036646311882484,0.0030771651967272046,0.0021120035141012324,0.14443594310289495,LiftAD
15.116500517492131,4.6655929382017876,1.096932559852455,211,7.106887448962818,136,136,12.993785786987262,-0.013961795795081895,0.2249120816546724,0.8305440225882352,0.0027572608633601803,3.8682912434376333,1.809755645792233,5.242907247092902,0.02284586767966021,-0.6457198354297495,0.03891848141306914,0.01617015949719615,3.6058994110085685,Fietsen
13.960056256501382,1.44643084022612,0.6836494638686947,104,6.751989368113413,53,53,14.086021032965354,-0.004086367687741326,-0.10518058268330409,0.7495422363199999,0.01568822727157492,3.667932853387454,1.6543682825265453,2.1018996282994835,0.02499306125054535,-1.0097410494929056,0.04992039406099769,0.02757433746777667,3.7549856533387813,Fietsen
11.301894372554532,2.0289260314702253,0.676455348963498,104,6.06267669923982,61,61,10.252545571236297,0.1783598519069991,-0.07134710590492194,0.8064017917826087,0.034798713032756,3.215134501073188,1.545456088920127,2.470585590570403,0.030100277769595535,-0.7630107496759102,0.04699673083019421,0.02661936033557559,3.203375844632016,Fietsen
15.915701495396544,6.646251511829343,0.8235744581399215,79,7.544339129550039,44,43,12.547963749068177,-0.01882998292307251,0.2394952872802019,0.8398977024000001,-0.007918838618619667,4.027900495440839,1.8638730453874353,7.143037303342842,0.021332499950424924,-0.40125861851272626,0.03999195165743311,0.015603421294653537,3.5458779358708297,Fietsen
10.118675569264019,1.6123790070015296,0.5074956939456398,150,5.725599149486685,86,86,9.422423220582541,0.1222542387858693,-0.2322913522203894,0.8309227438529414,0.00557989495788397,3.0255539132459304,1.4984614591565657,1.9754390789845278,0.025324064658022505,-0.8440447040434029,0.04765673375099542,0.02400310580494358,3.0706179652891357,Fietsen
5.393889427970723,2.218284963577008,0.46805783049450367,141,4.1405760051217575,81,81,4.782310843760164,0.1835346583695207,0.2743309960164762,0.9780062971724137,-0.004661069090404913,2.336734539946627,1.1679944328891538,2.041318380962153,0.045243248089686876,-0.7324637848511033,0.03441465385330426,0.020601191507216027,2.1875743570310187,Fietsen
10.816325135804425,3.5815200263743345,0.6747978212146472,106,5.2836026722121705,60,60,11.865110684789956,0.17184373104647746,0.13828414483792986,0.8431096198095238,-0.013243747977608251,3.6953367091101024,1.5001989907187174,4.038733258412688,0.045654771924154625,-1.171205611872145,0.04827781127742506,0.02317413242660854,3.4462872643149454,Fietsen
8.275459961528947,1.9412774402573865,0.5652077621321536,90,4.99363899578161,50,50,8.527387431989611,0.18838093642305948,0.2624034054956348,0.8700503394761906,0.018331722451717783,2.8825758399106336,1.4245354141675841,1.8091319364195813,0.04705312438301598,-1.0518619536690246,0.041210433301350706,0.021638632516867318,2.9215697685984954,Fietsen
15.94008065877107,6.0409836327945605,1.4493529137858079,74,7.044608311856878,44,44,12.549426259083464,-0.03960847380194938,0.24305090159600184,0.8166527767272728,0.014284785153824073,3.8613689595121006,1.9090118469052373,5.997737565671276,0.03753175105230065,-0.3758583331482477,0.039680839043573404,0.015912671141947384,3.5460573959278077,Fietsen
13.00875701249785,5.774283658115241,0.9800774759248255,142,6.611548346997613,93,93,10.76133961524247,0.0943752780559531,0.22166085411049394,0.8679993051428572,0.04186097457330815,3.647032891526647,1.755619880867255,5.618606534064371,0.03711806464561524,-0.5132173274678387,0.038702078778132004,0.014706601455535274,3.281833882479338,Fietsen
9.623211055059928,1.7226134516418046,0.6692194042226696,58,5.670401681386353,30,30,9.085298254102106,0.046715603271622226,-0.06350480143241806,0.8355834961000002,-0.007498019314755349,3.0228141629502967,1.4255599959884895,2.080255924013613,0.041203635926312474,-0.8856284202125955,0.04466686918525967,0.02491985778650019,3.017198285116123,Fietsen
12.558379123818465,4.644228136075148,0.5603423553976439,110,6.3479157533585475,56,56,12.229970550957061,-0.03051506621456704,0.3330126734363141,0.7621383666666667,-0.03479772089974271,3.6938577434025026,1.6898672341043162,4.267407236658274,0.02424867117647028,-0.9655477096603842,0.0423580674787076,0.0191795402768969,3.498715898123085,Fietsen
16.67412494911929,7.336573917635797,0.7009776006098629,168,7.74591426543609,95,95,13.331630712685195,0.029209189572304926,0.260701174767925,0.8349602792727271,0.04433031892110456,4.186778240382243,1.9546620105871642,8.014337260050791,0.011908704434997313,-0.4005974731609938,0.041541685938842436,0.015603462314003518,3.6528211971499185,Fietsen
8.275459961528947,1.9412774402573865,0.5652077621321536,90,4.99363899578161,50,50,8.527387431989611,0.18838093642305948,0.2624034054956348,0.8700503394761906,0.018331722451717783,2.8825758399106336,1.4245354141675841,1.8091319364195813,0.04705312438301598,-1.0518619536690246,0.041210433301350706,0.021638632516867318,2.9215697685984954,Fietsen
14.167149579500093,5.364919301573745,0.8985342660682906,137,7.0535544444791665,87,87,11.312063898866434,0.017408684501534308,0.25564937422135753,0.8432040145454545,-3.539844868794169E-4,3.733152446038965,1.7673687755706629,5.744810063691836,0.020780557365815935,-0.4334157729772459,0.03887228964288779,0.015458150577952514,3.3650359676615262,Fietsen
16.53035751023751,6.526664091156132,0.5718619837485382,150,7.765089297073546,93,93,13.110878993428962,-0.03979590470057097,0.2636945816745111,0.8175660218181817,0.04787289776203543,3.9355196399731347,1.961313055503251,6.220310878909366,0.017210569133554947,-0.3668273424070567,0.03967730039008278,0.016533429791562214,3.6224027220452264,Fietsen
20.25308082895903,16.593290256660683,1.6792884681793339,183,8.152420266217216,112,112,13.288281308016137,-0.1230606076819012,-0.12688255478472366,1.062070958764706,0.012650549551697095,4.949015710758235,2.425559198058546,17.081952722770204,0.08285887022061787,0.32652038163666397,0.037551138859334636,0.017072666361744458,3.647104282544626,Wandelen
12.46379851825074,12.934815944217931,0.6489537618150114,84,7.1857088518394185,57,57,8.796913407695815,0.038509870313725464,-0.011088582665159944,1.1538351542857144,-0.016623066766983934,4.563882827763668,1.908760402913727,15.66813383706803,0.02230347219342861,-0.006933684005292484,0.04351828865047151,0.03648561107674089,2.9689068805453966,Wandelen
13.065661392792808,16.208506478184663,0.3437287879091082,41,7.552599785921845,28,28,9.587899207921684,0.21036813391659506,-0.06227626671912431,1.154795264,-0.2009609609118315,4.924122552498606,2.2143166820437643,19.542590512768648,0.011619881422970891,-0.26570123515901445,0.04861301452966042,0.035693537202748864,3.0961285406182473,Wandelen
17.076070439135787,14.3267146786851,1.9608519581724801,82,7.892533279831609,49,49,11.79734021967314,-0.06253696963252303,0.07831027213511116,1.03242208,0.023990327746829708,4.664894158477137,2.1012555887559063,14.37027057518663,0.27093864453575406,0.10857972082609368,0.03623000874956948,0.01791792780222906,3.4381094414945403,Wandelen
23.745796226347416,17.158184610575532,0.750457802118944,167,9.55659144830445,112,112,16.446167562552805,-0.13096101419020062,0.013312931532420937,1.0780388327058823,0.06411638664540138,5.147776983336989,2.6282463524251836,16.954225305550725,0.04258987592033553,0.10925917831325727,0.03964607782411359,0.01848655975723126,4.056905505744107,Wandelen
22.391549592831947,18.323398916905738,0.48139508083889254,188,9.312241865551815,115,115,15.438711422040612,-0.15305575189425424,-0.17238168858810396,1.0415523753529412,0.06913349788102385,5.271353548609089,2.4742775315505594,18.464390182159132,0.020893542471013136,0.13500452122979967,0.04204491714599984,0.018986161450535905,3.930568141311492,Wandelen
15.511365414444334,13.924843608979538,2.512460681827855,85,6.745677590810186,50,50,10.93647215579621,-0.08894072449740098,0.1495209838179645,0.969306944,-0.06501086600396581,4.571003703234194,1.9983357809762907,13.942913691520415,0.3098848983772632,-0.038961490482852135,0.03611562827790733,0.018491134019555235,3.30972605529945,Wandelen
21.875887093163627,18.01779697541247,0.5479720293900513,190,9.172704990589875,116,116,14.351117728311264,-0.11695375897471391,-0.1634968708291941,1.0481126573333335,0.019822464312974252,5.039068332697501,2.5985830680065582,17.787000163576742,0.021330933658910714,0.33162632400388503,0.039932790000878134,0.016351023777796944,3.7901230322528914,Wandelen
28.121555195872723,18.39962138587321,1.1280352399556919,185,10.18096513616157,113,113,18.097390908327533,-0.13947352250220602,-0.1357974748655576,1.0382869944705884,0.06667882227466274,5.371214642407273,2.815003093328802,18.66890557020502,0.019716794268522204,0.4392899433115063,0.04325201485545935,0.01987019780415758,4.255700138795677,Wandelen
22.331750376516304,15.761750282473034,1.9230074488994167,252,8.96216551400002,155,155,15.543263320738985,-0.08179263171505897,0.06998640820792557,1.1174581248,-0.0011866895171441726,5.341051335786449,2.254852149265763,18.06450965317961,0.20101129323959124,0.06227199380363446,0.04258174509479634,0.02360670710120027,3.943818917374323,Wandelen
21.154986155794447,16.587164757245727,1.982768412290568,81,8.870402844167446,54,54,14.591004392629259,-0.172667352308874,0.12232050508498425,1.012120288,0.07363598850913308,5.148297600735196,2.2051546626407954,16.76688676038733,0.2651839602712874,0.1450072115478762,0.03916050941292571,0.01956385695235607,3.822955473114737,Wandelen
24.140717179593867,18.303022537835734,1.1205736978605092,436,9.838246243901688,264,264,17.000365447524842,-0.17258859947185773,0.07716751134986605,1.1148145294883718,0.011396472312458385,5.709255427904531,2.2713334689283227,20.752109272771282,0.12188210637102555,0.02160184078328209,0.04530618944713365,0.022838178459496903,4.123965050611898,Wandelen
26.186081652705298,17.126636218890667,0.8108467736926231,187,10.039674719253703,115,115,16.918733041498367,-0.11172325431653382,-0.11527623703923405,1.0516842112941176,0.03783035661701913,5.272700536378436,2.6451522158584977,17.8724713196432,0.024648789816770978,0.413043686979468,0.04231980558367454,0.01842786612225051,4.11512285864691,Wandelen
14.98096879849355,15.167998994058248,2.6505396108187687,42,6.167984228517286,26,26,11.805768514929056,0.08021817336110376,-0.07477557821085631,0.91643296,0.07611050917824615,5.233882300125488,2.0173322983899653,19.64097522198239,0.2576654305382193,-0.3558243333546445,0.046240274852526096,0.038658477228697204,3.4420559098182717,Wandelen
15.324715078562367,14.80045035404428,1.0093226430236606,90,7.47502674852058,57,57,9.840064903026622,-0.09368437746762819,-0.12505030916881288,1.090045929,0.03687750498762558,4.477939834600058,2.2453750230015217,15.243565974872489,0.03307204822834784,0.44765581007712285,0.035576633361235274,0.017067388527258007,3.1397936184568573,Wandelen
22.47100355638255,18.637802056479856,0.2992028130343181,187,9.361556093392416,116,116,14.923637945588677,-0.13186308240757785,-0.17932197545430764,1.0338049994444445,0.030471304543341304,5.17619887856444,2.572074243650064,18.478353842753314,0.018027470675540523,0.28035156685374263,0.04222724540037839,0.018780023076604785,3.864923305142456,Wandelen
0.023361037051162586,8.168898781099956E-4,0.2371460307890811,6,0.09071615224965603,5,5,0.01885131616866252,0.055558349653027556,-0.18514591838750172,2.276000256,7.512263195585221E-4,0.11308990511203079,0.08189217344841314,6.172968962385461E-4,0.0,-0.47357894113816723,7.081770251690978E-4,0.00159414317147252,0.1375756906615037,LiftAU
0.022969567750941226,0.024936371413364248,0.13927487997777235,18,0.1126086940632679,8,10,0.025162392997479414,0.18366714703825215,0.12523517734761044,1.077718099,0.007799891621182952,0.19302939184120008,0.08320825816461846,0.01899079572510819,0.4331344812871354,-1.2275028126442866,0.0019254855857160358,9.795770552812409E-4,0.15878795672272508,LiftAU
0.04818084785450986,0.026570810408905465,0.3515819879856707,8,0.08956367942552831,1,1,0.04977964485514205,0.010589850230698594,0.04161069653354862,1.512237549,0.013886401978161747,0.24455256752928856,0.10596529991730154,0.021180100584678473,0.0,-1.1311498505061424,0.0026496100974386302,0.0019421838655911724,0.22342696814816732,LiftAU
0.02310749198252028,0.018258552649477518,0.18847057992205174,6,0.05139158280504799,4,4,0.021003468162397454,-0.188278784871838,-0.14780043285079558,1.2872161865,0.0017858371283292563,0.1424257565782464,0.08427009194809919,0.00635165403339002,0.12690719547254034,-0.8037831058881437,8.426060321586365E-4,7.54781894675789E-4,0.1452364056332001,LiftAU
0.0222787629810093,0.010091218230461179,0.19174399959782368,9,0.1490809991576987,6,4,0.020386682188797703,-0.13921116092387137,-0.19756847904837035,2.799621632,0.011556468634190985,0.13237928374236566,0.08076101685978143,0.003628727042324865,0.0,-0.8023240441126176,0.007622055912259223,0.01048874939243903,0.14265518230992272,LiftAU
0.02326175816266907,0.0021495134870101657,0.23387099370733164,8,0.09957394444645955,4,3,0.021317687111523223,-0.19067376728131027,0.1931455783926216,1.551025408,0.006148733514109552,0.13118746136847667,0.07655981951280245,0.0017256890362506048,0.0,-0.8296033261503961,0.003338943411933128,0.0019043291996160984,0.14622818312917468,LiftAU
0.05509871870838341,0.0017247049593312103,0.17352540683557277,6,0.25743951629318346,4,4,0.05015281028769198,0.14663759104185253,0.33353264229027785,1.421020508,0.0077826146718952575,0.195319450498793,0.11945449430628502,0.0021949067843789263,0.0,-0.8444959311629958,0.0012683348303985564,0.0012366808546069973,0.22437459972458693,LiftAU
0.05458880513204409,0.0016822481559798591,0.0,4,0.0,1,1,0.04486132690327409,0.33360345132098335,0.4473931933152987,0.0,3.562172513883906E-4,0.175192345837023,0.1280317095532089,0.0021502959270505847,0.0,-0.5283539864348348,8.206626829556841E-4,8.315271656478318E-4,0.21227687869121686,LiftAU
0.05393664685549304,0.002218407411197146,0.08806086327265772,6,0.31328799942218544,2,4,0.04452796224334751,0.014447956347062498,0.04684448715026845,0.604217344,0.0049228923595427245,0.1745667412781849,0.12540202561116306,0.0015918303787250758,0.0,-0.587658947601974,0.002403243343018065,0.0011715755653298903,0.21149381697751374,LiftAU
0.055453085135791065,9.258167548920324E-4,0.09506202091630744,6,0.3144591591248656,6,6,0.04193153370500865,-0.10996356878600055,-0.11496191565273003,0.619384766,0.002850984341445198,0.1599281900077156,0.13118877818741054,7.794966852307024E-4,0.0,-0.2876995192111611,0.0011559170928284056,0.0013727588615696476,0.20520858572188894,LiftAU
0.024260393944637266,4.8208466393887347E-4,0.27642978704486776,6,0.06623298513571438,2,2,0.02348310122644415,0.4834283064499449,-0.167230930211671,1.616241455,0.005930915909633712,0.13109127951504318,0.08274013749503561,5.136933361558668E-4,0.0,-0.9527392718009642,0.0010166344658553519,6.827359594078502E-4,0.1535094951142489,LiftAU
0.050779377058087896,0.0019487108532379382,0.17186799597300798,6,0.2653189212994862,8,8,0.03597220472588387,0.12228308633061935,-0.14908971252228106,1.42861952,0.001045758202067568,0.14984145357465187,0.1227614180856773,0.0014954194488673155,0.0,-0.025178801484193603,6.173316177930226E-4,5.760112189916755E-4,0.1900088362358698,LiftAU
0.02725280930612205,0.009617266341305365,0.15681297752952336,14,0.07514392944120821,12,12,0.017917047888416207,-0.012200314611420694,0.15875803750560014,1.128082304,9.592476922610443E-4,0.1391416714311671,0.08211355857679244,0.008161739254249753,0.1422929643400713,0.29197192850617526,0.001067819752888243,9.633094612721414E-4,0.1340925310886833,LiftAU
0.05335645370988171,0.003436616456222354,0.07766880214223784,6,0.30292677678021096,6,6,0.041312049889875115,-0.2549029825349143,-0.0015730498179066662,0.684905984,0.0022640920732407734,0.1694192377520696,0.12058252516077865,0.0018645802468941217,0.0,-0.3628214629468429,0.001563280288333113,0.0010521137682973694,0.20370666429620865,LiftAU
0.05308402456872986,5.14519495303196E-4,0.0,4,0.0,4,4,0.04322609724823292,0.37887999492244767,0.05561454420608511,0.0,0.0025035292689476077,0.1638198575162695,0.13037117543237703,5.31273720272464E-4,0.0,-0.5157318456644076,6.294244527781849E-4,4.5876167760252294E-4,0.20836149717858607,LiftAU
0.058241431755334847,0.0011056469323756566,0.0,4,0.0,2,5,0.062102528818452095,-0.08805758886234172,-0.2751194681907209,0.0,0.06211282849988069,0.21217473368570264,0.13559676432240977,0.0011606368101253488,0.0,-1.1681871813987668,0.0014547442858929094,7.852146927897727E-4,0.2422726424974117,LiftAU
9.604775200377613E-5,0.0012010967194805834,0.007442407590920315,79,0.016219766847175538,111,109,5.000490168056475E-5,0.2091492374336852,-0.23668140498797327,1.646113349818182,1.6067027980550268E-4,0.030910922449548097,0.01615029660570526,0.0011660496346777847,1.2016129367999668,1.7405197816513898,2.9927560105731535E-4,3.073701030357403E-4,0.007073151269812126,Nietsdoen
1.875449514149163E-4,4.7837184963317236E-4,0.008502795378789141,78,0.017321569648361027,61,61,1.0458483500497125E-4,-0.019042608741278954,0.04875831355688946,1.179587228,5.044721783151139E-4,0.019125584834400237,0.00945755408721341,3.504695989068109E-4,0.8016637129108121,1.1561985647260666,2.5623387976173983E-4,2.5199780481048633E-4,0.010224452145206436,Nietsdoen
1.9486091853227125E-4,2.516615255700802E-4,0.006324983782502654,149,0.02406748947089579,114,114,1.500144477552814E-4,0.10771455471376075,0.0637885245064507,1.0250345866,-8.387909605772474E-5,0.01889278662254641,0.007951996223904186,2.7009382158889675E-4,0.42128089834156524,-0.3199316422451446,2.7804718347818264E-4,2.8695567850911823E-4,0.012253892069091511,Nietsdoen
7.39058236210504E-5,0.011328180294813372,0.005112879471946752,44,0.012598841020973282,83,79,4.688999861607274E-5,0.15122110702744612,-0.012818215558743762,0.9621863778461537,-2.8855434882995434E-4,0.1671846233015963,0.04193637607687243,0.02966010411850478,0.3734535707335012,0.46869835504746726,4.3931669036680597E-4,4.3912430908361134E-4,0.006846147234422948,Nietsdoen
0.018376580238670143,0.17229208377200175,0.13348180030451784,64,0.19687270309453142,96,95,0.00550416746097862,0.3555974974251081,-0.045213129803300396,1.6846252442,0.008023126742108427,0.14432399027651005,0.1874459593894475,0.050419897943678335,1.4847037664522855,9.329530602752197,0.0021187047109063988,0.0029099367300704274,0.07379840240353684,Nietsdoen
2.0869988474205744E-4,0.0010156476509099522,0.011415732246461708,26,0.02119425071410664,28,28,1.380950520247306E-4,0.22534231751295877,0.18878484467629725,1.7716064455,0.0013479026565397865,0.0350224771050596,0.012488699012928385,0.0012438225831730724,0.07086604857036452,0.4224786420169968,4.822861033376264E-4,3.910107805666961E-4,0.011697243799427128,Nietsdoen
4.372298163539227E-4,0.007532325409636806,0.015877539172925385,52,0.029995619988203007,56,56,2.1707935786162273E-4,0.23214948030595925,0.015455184733913373,1.31087112425,-5.494333678161703E-5,0.05177896919464935,0.038422673783814226,0.003937823650595067,0.829559892167226,2.042565408835161,6.612913853885456E-4,5.820810742632025E-4,0.014745804046790495,Nietsdoen
1.7226118941919604E-4,4.373777945675094E-4,0.007143990527093989,86,0.0212425895585705,68,68,1.2980813075939038E-4,0.14281117572910035,0.3364513433530449,0.8323913575,-6.905470928561251E-5,0.026005577097714193,0.00877161071341402,6.232685636231899E-4,0.29896367578197114,-0.2502768248245233,4.4496704086840317E-4,4.219470744896094E-4,0.011404583989498741,Nietsdoen
5.282322902385516E-5,9.632780788654813E-5,0.003549080292499218,72,0.01108688012618291,51,51,3.523985154835667E-5,0.12491370689230098,-0.08177372069031125,0.8804626651428572,-5.671231994676735E-4,0.01033359131674926,0.004654625099777952,9.316520014733071E-5,0.28486992411535145,0.172848374148578,2.611006405889649E-4,3.096195897601388E-4,0.005915118127964521,Nietsdoen
4.4698655594825665E-5,8.367548199823738E-5,0.0041930645662025265,42,0.009934169349552026,26,26,3.214274885576591E-5,0.1101507071647101,-0.08825501301649084,0.926452608,-1.6536388833653876E-4,0.008528393448304255,0.004430351563358658,6.013961570659447E-5,0.11385156830897548,-0.10317250403030931,1.8881074423240864E-4,2.1534597160980978E-4,0.0056785055707717635,Nietsdoen
0.0015738854979880548,0.005130200249977952,0.007994687632196044,41,0.0349574517296092,41,43,7.728413380982112E-4,0.24786849251555504,0.06319176174145162,1.0041859945,0.00688693711492579,0.0638452862781391,0.03408515934587686,0.004462272834254062,0.5570572845342964,1.5100517677760266,6.143274020646511E-4,4.214269426966492E-4,0.02696719319925385,Nietsdoen
9.818598978724642E-5,4.886961376329218E-4,0.00275722614185571,58,0.014112142836219019,36,36,6.890575087327895E-5,-0.04038902252860675,0.08762010670890998,0.8545867337142857,0.0010479147090478166,0.018072350994504608,0.009773977616277688,3.5299412670769905E-4,0.31222947098469145,-0.025846170343235553,1.8786049976519522E-4,1.994213627111939E-4,0.008244929169720529,Nietsdoen
4.486835305400797E-5,5.1996967121826553E-5,0.004156850924236946,30,0.010736017755668003,20,22,3.378976484595603E-5,-0.2490339917771377,-0.23440631137505477,1.681821568,-9.772167497188236E-4,0.009911888729939802,0.0030977173891401874,7.401293341599529E-5,0.6978677352972725,0.1462346443540925,2.2706149488239318E-4,2.570295896531957E-4,0.005741754673673952,Nietsdoen
6.20168703761995E-5,1.6969586124994227E-4,0.004307405802676163,91,0.01176465194323734,58,58,4.3263251970521714E-5,0.22004845068839957,-0.22520211196786966,1.0180634996363636,-8.743935938793498E-4,0.010963037545757106,0.0057926468739858865,1.104276751855362E-4,0.5297697105226894,-0.09523700790610379,2.9358327317117566E-4,3.804641911051391E-4,0.006524161215418245,Nietsdoen
5.282322902385516E-5,9.632780788654813E-5,0.003549080292499218,72,0.01108688012618291,51,51,3.523985154835667E-5,0.12491370689230098,-0.08177372069031125,0.8804626651428572,-5.671231994676735E-4,0.01033359131674926,0.004654625099777952,9.316520014733071E-5,0.28486992411535145,0.172848374148578,2.611006405889649E-4,3.096195897601388E-4,0.005915118127964521,Nietsdoen
1.7216133420784404E-4,2.2841512630633468E-4,0.00590628635768187,77,0.021100867025355234,57,57,1.2145430916867606E-4,-0.09422623221853041,-0.0516821969984149,1.2301374162857144,1.411118168951697E-4,0.016227794589882823,0.007186926371347981,1.9343561492859637E-4,0.4147118385387633,0.004871878881736347,2.779797354280984E-4,2.54184905152207E-4,0.011030763895944132,Nietsdoen
51.85319996238195,5.000544517780501,0.8452323574176851,54,10.308483098918096,24,24,69.41039603320621,0.2843480977334189,0.36534886211760037,1.0978393555,-1.4068057886164373,7.982172743272795,3.2640025296984203,4.922885809072386,0.8474809153291583,-1.1186557965472066,0.023475216455465856,0.017229435421409502,8.225376357777094,Springen
61.97696802094194,5.924277187901243,0.948869459767276,45,10.634698361807335,19,19,81.03142851263968,0.26860408467713265,0.3200667183715124,0.5342941285,-1.4139667651038366,8.612963598683859,3.525107000696372,5.528585318456783,0.009415364855561305,-1.0387830396619457,0.02294285362812854,0.016508435127159864,8.907763748877755,Springen
71.62035733140216,2.89714266538061,0.5309951225645091,70,10.251647395729789,32,32,84.80382889159075,0.0404732897888212,0.11564400929473931,0.6148783365833334,-0.6106636991205543,8.601452603150921,3.761375609058337,3.2978727951631654,0.1582934693729387,-1.1247066883529944,0.029628033163349197,0.02004538812091866,9.198788659718847,Springen
150.6946939837671,6.5887703080397815,0.16396201945678052,24,13.937399095071118,10,10,143.88832635638906,0.4649545340407194,0.21667044481206119,0.573288064,-0.5139853181721773,11.03956472374485,5.650234382356015,9.694548766802944,0.013271070578977116,-0.776664383519873,0.03513540013130179,0.022206300021281083,12.024748598797778,Springen
57.97200713376504,2.893557361466033,0.2986627399616966,52,10.117126886323398,23,23,77.94933346207766,0.24653762566312762,0.1482483867402476,0.8955078124,-0.9154372054530725,8.313234959174677,3.476391429782589,3.2056889078206905,0.3817758463463761,-1.241809541744606,0.03066094178000206,0.02092043173192943,8.795927800914452,Springen
48.75379488224554,1.9112507489044195,0.2584618866100912,50,10.674537356997902,24,24,69.11426504512905,0.17656438295155813,0.2564942975607178,1.229019165,-1.0287522368399924,7.6805129033755195,3.4264690417724584,1.577697893082863,0.8408976398521554,-1.358927885097566,0.026532646109431946,0.018647571717065468,8.263339941770532,Springen
80.38266794321287,6.971620984297107,0.7524539666412549,67,11.131058490447133,26,26,94.71513277745844,0.49477713139604207,0.5587975163016597,0.532888794,-0.9815072919250188,9.10800045787711,4.091910133920748,4.93656517698947,0.009801259782716775,-1.0120533604847464,0.02029954520705319,0.015492546659572304,9.696372436695533,Springen
60.35663413735024,3.442206457539688,0.791727648924725,57,10.352284311555621,26,26,79.38467124506607,0.040695534366957296,0.24053489517134838,0.7185173035,-0.9468071891614164,8.417207594870455,3.4694099062014616,3.4673220783014194,0.251042403411581,-1.2142588380317691,0.02318204718607299,0.015970553532939313,8.871969374105738,Springen
71.35087483667586,6.223097231289834,0.36016411074372784,52,10.796601747217865,18,18,88.67937161487939,0.509047253772252,0.6643797019711968,0.780845642,-1.6349673523414772,8.877973355027814,3.840304405099235,4.827509709900708,0.3020828609947587,-0.8669340121564635,0.02121368944260463,0.014632389795946266,9.292709875305633,Springen
152.76753197771257,22.501059327928253,0.8326444958763357,54,12.830983008249724,21,21,148.07844384443342,0.4561950666350701,0.3685724692838581,0.837884672,-0.38952304151047484,11.906838347195286,5.541865963517289,24.303572602627636,0.38494172615906275,-0.8362130797605807,0.03450323425810515,0.03363600205962202,12.182971123425137,Springen
143.82948892841682,21.94380031283126,0.4135132885303194,51,13.131541761627833,19,19,142.90009424154283,-0.025402129227130105,-0.004446850713628827,1.072548352,-0.5070883123416108,11.888274729963793,5.050684231325186,23.854790967088068,0.5720995535177373,-0.8597250364949325,0.05224930641144785,0.03698107204305575,11.963412347532788,Springen
220.0851465434074,8.875000340379588,0.2475539392535675,43,15.766104658286404,14,14,207.36815852403512,0.22871775405149608,0.03908667379307205,0.589122112,0.30477605596095486,13.111025976702116,6.857378921285178,11.318189580823592,0.1045106001764332,-0.9410929553379157,0.03285884812459041,0.02411908204795657,14.43336810582099,Springen
153.28835206242277,17.860294475657586,1.0079477737134115,71,13.527978195459829,26,26,150.89688513283016,0.5323894236234629,0.3186129286828944,0.6934421942857143,-0.2931208261992348,11.576763182945742,5.755086853136333,16.150135709452606,0.2560618056599424,-0.8966156428161658,0.034927967211691155,0.019957382537135634,12.298245206370975,Springen
119.28941416177089,20.848070887273416,0.7394223983449959,28,12.033487632908043,11,11,126.07041820559735,0.270825604224933,0.1708835183824544,1.017166208,-1.0710925545916266,11.485271413389556,4.551217423818863,26.435577709056627,0.2991523736274195,-0.816474748931812,0.04617291981064066,0.037127643096323264,11.209160461219048,Springen
162.41602016462593,22.658455188080815,0.8080622955449877,46,14.006938385485586,16,16,155.88688129987045,0.28971601650132206,0.28510153163695356,0.891270336,-0.8022112067346786,11.960550438082779,5.699766483473774,19.52422611767399,0.33249788815235015,-0.6990748759239693,0.041875325882416395,0.027445084113838145,12.484864998071195,Springen
176.90627853635644,26.429193117065264,0.4282037234257787,44,14.092326082675335,16,16,178.37353575676534,0.3194014800101749,0.2764358877490767,0.5963439616,0.3884877532497317,13.091181716123938,5.89047331573432,27.563268867789805,0.010812669293140738,-1.1007210901446802,0.04888335346738084,0.039149012220192216,13.377001235812028,Springen
