xy_e_freq_m_1.25,z_freq_e_2.92,z_freq_m_4.58,xy_e_freq_e_1.46,z_freq_m_1.04,t_freq_e_3.75,t_freq_m_4.17,z_freq_e_3.75,z_freq_m_0.42,xy_e_freq_e_0.42,xy_e_freq_m_4.79,xy_e_stddev,xy_e_freq_e_3.13,mcr_t,xy_e_freq_m_0.63,z_freq_e_4.17,t_freq_m_0.83,mcr_z,t_freq_e_1.67,xy_e_freq_m_3.54,t_freq_m_1.25,t_freq_e_0.83,xy_e_freq_e_1.67,t_freq_m_3.96,z_freq_m_4.79,xy_e_freq_m_1.04,z_freq_e_2.71,t_freq_e_3.54,xy_e_freq_e_2.29,z_freq_m_0.21,z_freq_e_3.54,t_freq_m_4.38,z_e_mean,xy_e_freq_m_4.38,xy_e_freq_e_0.63,t_freq_e_2.50,t_freq_m_0.63,xy_e_freq_m_4.58,xy_e_freq_e_4.79,xy_e_freq_m_0.42,corr_z_e_xy_e,z_freq_e_4.38,t_freq_e_0.63,z_dwt_avg_-5,z_dwt_avg_-6,z_dwt_avg_-7,xy_e_freq_m_3.33,z_dwt_avg_-8,t_freq_e_1.88,z_dwt_avg_-9,t_freq_m_1.46,z_dwt_avg_-0,z_dwt_avg_-1,z_dwt_avg_-2,z_peak_d_mean,z_dwt_avg_-3,z_dwt_avg_-4,z_dwt_norm_-8,z_dwt_norm_-7,z_dwt_norm_-6,z_dwt_norm_-5,z_dwt_norm_-9,z_freq_m_4.17,z_dwt_norm_-0,xy_e_freq_e_1.88,t_freq_m_3.75,z_dwt_norm_-4,z_dwt_norm_-3,z_dwt_norm_-2,z_dwt_norm_-1,xy_e_freq_e_2.92,xy_e_freq_e_0.00,z_freq_e_0.83,z_freq_m_3.33,t_freq_m_4.58,z_freq_m_0.00,z_freq_e_4.58,xy_e_freq_m_0.21,t_freq_e_2.08,xy_e_freq_e_3.54,xy_e_freq_e_4.58,z_freq_m_2.92,t_freq_m_1.67,t_freq_m_2.92,t_freq_e_1.25,xy_e_freq_m_3.13,z_freq_m_3.13,t_freq_m_3.54,z_freq_m_4.38,z_freq_e_0.63,t_freq_p1,t_freq_p3,t_freq_p2,xy_e_freq_m_2.08,xy_e_freq_e_0.21,xy_e_freq_e_2.71,angle_mean,t_freq_m_4.79,t_freq_e_3.96,z_freq_e_3.96,t_freq_e_2.29,xy_e_freq_e_4.17,xy_e_freq_m_0.00,xy_e_freq_e_4.38,z_freq_e_4.79,z_freq_m_2.71,xy_e_freq_e_2.50,xy_e_freq_e_3.33,t_freq_p4,t_freq_m_1.88,t_freq_m_2.71,t_freq_e_1.46,z_stddev,z_freq_e_2.08,z_freq_m_1.88,z_dwt_ar_-7,z_dwt_ar_-6,z_dwt_ar_-9,z_dwt_ar_-8,t_freq_e_4.79,z_dwt_ar_-3,z_dwt_ar_-2,z_dwt_ar_-5,z_dwt_ar_-4,z_freq_m_2.50,z_dwt_ar_-0,t_freq_m_0.00,z_dwt_ar_-1,t_freq_m_3.33,z_e_stddev,xy_e_freq_e_3.75,xy_e_freq_m_1.67,xy_e_freq_m_1.46,z_freq_m_3.75,t_freq_m_2.50,z_peak_stddev,xy_e_freq_p3,z_freq_e_1.25,z_freq_e_0.21,xy_e_freq_p4,z_freq_e_1.04,z_peak_mean,xy_e_freq_p1,xy_e_freq_p2,zcr_z,z_freq_e_2.29,t_freq_e_0.00,xy_e_freq_m_2.50,z_freq_m_1.67,t_freq_e_4.58,xy_e_freq_m_1.88,xy_e_freq_e_3.96,t_freq_m_3.13,z_freq_m_3.54,t_freq_e_1.04,xy_e_freq_m_2.29,z_freq_e_1.46,z_freq_e_0.42,z_freq_p4,z_freq_p3,z_freq_p2,z_freq_p1,corr_z_xy_e,t_freq_e_4.38,xy_e_freq_e_0.83,xy_e_freq_m_4.17,z_freq_e_3.33,z_freq_m_1.46,xy_e_freq_e_1.04,xy_e_freq_e_2.08,z_freq_m_0.83,z_mean,xy_e_freq_m_0.83,t_freq_m_2.29,z_freq_e_2.50,t_freq_m_0.42,z_freq_m_2.29,t_freq_e_2.71,z_freq_e_1.67,xy_e_freq_m_3.96,t_freq_e_3.33,t_freq_e_0.42,xy_e_freq_m_2.92,t_mean,z_freq_e_3.13,t_stddev,t_freq_e_4.17,xy_e_mean,z_peak_d_stddev,z_kurt,t_freq_m_1.04,z_freq_m_1.25,z_freq_m_0.63,xy_e_freq_e_1.25,t_freq_m_0.21,t_freq_m_2.08,z_freq_e_1.88,z_freq_e_0.00,t_freq_e_2.92,angle_stddev,z_freq_m_3.96,xy_e_freq_m_3.75,z_freq_m_2.08,t_freq_e_0.21,t_freq_e_3.13,xy_e_freq_m_2.71,label
47.891226071362304,0.03219534819231902,0.2127829392867189,0.01543672230505277,4.447641125478625,7.324268691209702E-4,0.5531121293705715,0.005375429956542421,0.5679053097584664,0.005043067705130114,12.72429839105459,101.86896812397917,0.0038302502131526512,141,15.270900212784747,0.0015621062318888382,0.6324482091761209,73,7.208028888909734E-4,10.276838932053408,0.5013116926007155,0.001574549534735314,0.007849312580609832,0.4700554486457046,0.18881414343599195,47.891226071362304,0.3442067732241633,0.0010133132291564907,0.006042147991773814,0.7616108039235844,0.008534376957476556,0.5531121293705715,103.44390311483761,14.260241139272038,0.005522136069994669,0.0018696744114722926,0.6324482091761209,12.72429839105459,0.00631842031443779,16.197461408295812,-0.1571229277334808,6.72213017749462E-4,0.0010368204100926566,1.700382821730729,2.3420026830231553,0.322781450324539,8.743929433182393,0.09510185888901848,0.001337393250402772,0.032416633743562226,0.5010619582561848,6.28401951609055,-8.136578466879632,-1.976004436801254,0.7049559190588236,-0.7256838263206333,5.758538888407246,0.10446840145895699,0.41243842643675943,0.35002601093899194,0.08628014404455761,0.027859123195727243,0.4732762133171451,7.660033267806144E-4,0.007437089509185246,0.43388765999395457,0.00954080379818739,0.005559645219574392,0.0017772221413054304,0.001284219439158845,0.004651917478766033,0.6650876271701557,0.004086739899611837,2.0966411669570513,0.5684604384117666,0.7616108039235844,4.4254480046561513E-4,16.197461408295812,0.0016317823592833258,0.0038965134534924392,0.004728672602684211,2.421087446939774,0.4635179389098358,0.4211867036059465,9.967154945689613E-4,9.402837684480259,2.0966411669570513,0.43388765999395457,0.27704012215347434,0.003657835009884158,5.727554179566564,0.0,6.424148606811145,15.50352464165835,0.004218962612019128,0.01488968253851742,0.11985611480618619,0.631448424338982,7.69953700967825E-4,0.004117204790873734,9.509046208518621E-4,0.06410733234511894,229.69384294533057,0.008277459511019568,4.1381179730235737E-4,10.343212339762346,0.015098651648484786,0.002603567659266194,0.0,0.7572124379230755,0.8650517514990143,7.343571480757097E-4,10.176886066862794,0.006892589566110365,0.5020182737071883,0.8676724753453158,0.45523404890855623,1.0,0.9721408768042727,0.001432659075650103,0.009387090126819283,0.00382744490724489,0.10520803796956428,0.018927893925006673,10.343212339762346,7.660033267806144E-4,27.85801455377402,0.0020502227659394594,0.38023100878034166,106.04675645307287,0.005428869066111433,13.39460469855854,26.898869683447924,0.908405691366446,0.8650517514990143,2.7026436093545985,4.256965944272446,0.08504607629059047,0.002948503096955082,5.727554179566564,0.053939721717308306,17.330644480806225,1.3931888544891642,2.863777089783282,73,0.01950312569678857,0.9741536150648961,26.91952094953064,1.0363694028825967,9.135247325755959E-4,15.50352464165835,0.06043314330446612,0.4211867036059465,1.0840823584742054,0.0011659911109991104,14.300843236842905,0.03725292904421437,0.0022852797028129665,0.0,3.4055727554179565,2.863777089783282,1.3931888544891642,0.2990801315353216,9.255014919707754E-4,0.007050096235862871,57.89504178617824,0.01746320722297231,3.4132312258583375,0.032859966625800645,0.008153077302250277,0.7483411204376826,0.18766097583382205,15.270900212784747,0.5117576585424791,0.33751621862580294,0.8105778122133317,1.8737875926080645,0.002051453630412962,0.005188217083366714,57.89504178617824,6.845254604318138E-4,0.0012276402437392613,9.402837684480259,13.929007276887006,0.02326867531580076,4.930640356651633,0.0012464098832213172,114.84692147266522,0.029340449818370803,-0.9373965762503444,0.5013116926007155,4.447641125478625,0.7483411204376826,0.041035313756647304,0.8105778122133317,0.7572124379230755,0.0013331018311874177,0.0020979709278123268,8.065734037594637E-4,0.11412470808280305,0.908405691366446,16.17659019889031,1.2815035077073773,0.0013518260294773765,6.715859552467243E-4,26.91952094953064,Lopen
57.89016704979977,0.05924314663316232,0.11082603351161142,0.032096476341479226,4.049371939445753,0.001112798871432496,0.6265330150498515,0.0029050185707125663,0.780710978117266,0.016909904743821202,48.3106801454227,117.53072212761137,0.012805877799549633,36,28.357287439657963,3.7016577945206283E-4,0.8769713696274781,26,0.004116224243167447,15.608094722296732,2.430389727407325,0.0012946300915294608,0.020330320649070133,0.6637117463212496,0.08450699073070603,40.97702235969641,0.026113813455396664,0.001062814777230562,0.006431332041814887,0.8861103875083997,0.010122125210892001,1.285300040370626,68.20417825628189,28.614752629681085,0.008143268648880844,0.0013486736564781777,1.4063576214490103,48.3106801454227,0.027470106187269427,33.65110130785672,0.020127162777203896,1.390970135327714E-4,0.0028450924386462005,-0.23634372659763037,-0.06449483198356615,-0.021469506036201833,34.002763574960916,0.0,0.004667202194729115,0.0,1.400483828098731,-37.581910288239925,17.789669362922197,0.32785767267291455,0.596246338,19.097677600125117,-2.549275457233014,0.0,0.021296411372899265,0.07931527725773861,0.16535355686283223,0.0,0.27278355896687095,0.14760797874848602,0.037169952385406074,0.6637117463212496,0.3778128212367876,0.17313121758442956,0.002408648516931697,0.033074088419894995,0.007824834203146976,0.627352900198022,0.0037503326496803715,6.912689176978349,1.9435805540754765,5.0304401428926955,8.938113671201644E-5,36.495621004705484,0.0037024953901425768,0.0023689378880387413,0.028908766070496417,3.2654721692342528,1.400483828098731,0.8441799962316983,0.00786985549261558,34.002763574960916,6.912689176978349,0.6534836559035195,0.15848409083270218,0.004513131442654759,0.6,2.2,1.4,47.4649431020249,0.021518635573512402,0.013235169216218399,0.13357382989566932,1.9435805540754765,0.0010685497352319532,0.0026810479604563275,8.664172659447595E-4,0.005078912599993982,262.90216599895996,0.008644294571190127,5.5558049387767766E-5,2.2947010816634457,0.010393967282953545,0.01033759454427115,3.4,1.546255273331708,0.9335887362081037,0.0028090990351417647,7.882027128543498,0.01592751615756911,1.9478487408037801,1.0,0.9787035886271007,0.0,0.0,0.009947053473690806,0.3562219332697423,0.1830907156853127,0.899388311369362,0.7340347545065299,1.3250211785280512,0.14760797874848602,26.468356458633068,0.180682067168381,2.6180611939790612,84.19112901743149,0.005072592333458,44.76387246554734,57.89016704979977,0.8040237013649072,0.9335887362081037,2.0645317403321144,5.0,0.1253685997160513,0.0031819672267211973,6.8,0.06248951145439688,16.722230618963348,1.6,3.4,26,0.006166813707217775,0.903726008691016,30.494976931903995,2.896132167888636,0.008611988610585744,47.4649431020249,0.006529812995407673,2.6180611939790612,1.6083994675473223,0.008563043325924231,21.820638588057538,0.09557835727270142,0.0025285690928551364,0.0,0.0,3.4,1.6,-0.17463251776924585,0.002329479172242256,0.005039898321210364,20.260661381652948,0.18734484590771266,4.160647249816845,0.018580520591228264,0.023830308141441905,0.7771457878167004,-2.5152200714463477,21.18338809755124,0.7039984647962023,0.010880151499670747,1.7391500097812482,1.0815324105378263,0.001430754045240446,0.0343307242887192,20.260661381652948,0.009306893443929834,0.0064166127158963105,24.2023934600594,13.234178229316528,0.2173825201902289,4.960869758974547,7.13998028625812E-4,131.45108299947995,0.016494721538786894,-0.9518822277954486,2.430389727407325,4.160647249816845,0.780710978117266,0.04392561667211897,1.7391500097812482,1.546255273331708,0.017246658421496204,0.11159094716262011,0.001226873722430807,0.08910172184127785,0.8040237013649072,18.365829047795714,1.9478487408037801,0.005257511305780297,0.009705930272347249,30.494976931903995,Lopen
51.067833772136915,0.4385529953273913,0.10395827613197828,0.05146073099992954,2.305428832975987,3.1592897873104493E-4,0.6326617805791633,0.001969406730244724,0.5763582727740703,0.0022149099468758543,7.221110455856752,80.89501642215932,0.0035867453605988257,116,8.816155715020205,1.841059473713406E-4,0.4611175050026824,58,3.7232363097868253E-4,8.281055736718356,0.48011852088268553,5.143301479506445E-4,0.004224644602736249,0.45460395165342526,0.08385186877408324,18.084420211462028,0.4155740932449989,2.3513846025214894E-4,0.0035672440564587606,0.5775682980530151,0.009346984668336434,0.6326617805791633,141.34988450128526,48.76896863448541,0.004309590442756366,2.9806768066320115E-4,1.0779337062659935,9.166459888098728,0.0020399093795277976,8.816155715020205,-0.03254511716072819,9.562181754442785E-5,0.0018631930317045769,-11.693478212308014,-0.2019618189023042,-0.06738746130189807,8.237956335861227,-0.0233814398521885,2.9554948952028286E-4,0.0,0.48011852088268553,8.67744876652478,10.604114925806964,0.16180861078662456,0.683136,2.4138399863803657,-7.175162869703677,0.0342577305413053,0.12749985646790396,0.517584406090716,0.29601383995509944,0.0,0.20969712992233824,0.0018485306002285528,0.0018315442564415597,0.42703813460786116,0.017464662556534276,0.002192563240760789,3.7788748572595645E-4,0.0027605230617257113,0.006161982723804865,0.7178675248656301,6.674319945263032E-4,1.7565484964774298,0.5208366647946213,0.6621895741514642,5.768160382583602E-5,13.049859428690887,5.196789584664669E-4,0.001978785745991554,0.002576198652995393,13.839617610827291,0.44297669572003295,0.7533151148102223,5.014490066516056E-4,8.237956335861227,2.430412262948601,0.3524671556364758,0.13934859796802754,9.78065738377117E-4,5.94758064516129,0.0,0.0,10.681527216294786,0.005602717185284458,0.0065111212009517135,0.13226492727928504,0.4585966558542521,6.522636044729785E-4,6.88332896223252E-4,4.220700443903933E-4,0.046710275937512306,197.35720662312468,0.04418248200197782,3.916137855200988E-5,13.839617610827291,0.0037211854539058024,0.0022386292951167633,0.0,0.39158713798616496,0.7533151148102223,6.553209704522633E-4,11.897032777505542,4.913832938463151E-4,0.5158187596237619,0.9657422694586949,0.8382424129907908,0.0,1.0000000000000002,5.315980564281808E-4,0.00717950438844101,0.00498694114768022,0.3206580069000748,0.024644166944975284,1.9114685100674058,0.0018485306002285528,29.187620072763995,0.004609053661954264,0.3524671556364758,130.0759982274725,0.0051431438004525916,12.225932112075638,51.067833772136915,0.7289355475671415,0.3506590931298418,1.9842414656596776,5.94758064516129,0.025939522978396187,9.991926367891352E-4,0.0,0.010795181145874072,20.008821055075167,1.5120967741935485,4.435483870967742,58,0.005299687859512435,0.9824820032711584,9.284342373058395,0.82820001566378,5.669830566074004E-4,6.993593035690021,0.007923064099363093,0.22957942240211937,1.7565484964774298,3.5831055144703726E-4,10.681527216294786,0.017394681749804724,0.0010635331152806084,0.0,0.0,2.9233870967741935,1.5120967741935485,-0.02582893674021508,8.158371114665695E-4,0.00358165947983995,48.76896863448541,0.01552745950799532,2.6446879943040074,0.011325829929938204,0.0028820711165149443,0.4169134341225556,0.30960824186640573,8.11991895988475,0.48888596872601564,0.01173299755748991,1.0779337062659935,1.200997941029912,0.0010697912439307415,0.0023870218272504214,13.718973995121607,2.6368206423058884E-4,0.0029463034177748333,14.247851041339047,14.593810036381987,0.037354169146500894,5.206134965223836,9.152130759860527E-4,98.67860331156237,0.02347884209902273,-1.1531506571610095,0.4611175050026824,2.6446879943040074,0.5763582727740703,0.05835800946539546,0.9880581967837936,0.48888596872601564,6.256383514405505E-4,0.0022356494824279137,9.138548907996783E-4,0.10620402612173395,0.4662490441821377,13.185585433054777,0.40868368426770807,0.0023126890224025114,1.7842023353363169E-4,14.247851041339047,Lopen
38.32962585769382,0.03667187972248483,0.1791200994306884,0.0021056322240526042,3.886782087979001,3.717673947318159E-4,0.6527247565265326,0.006896266297171187,0.3690439850614218,0.0027986639333409317,13.259721497307966,115.63222742464751,0.00303198764376195,111,25.115020630069445,5.85801036024201E-4,0.6938392685713624,56,2.0321167906900861E-4,13.764661656005982,0.915056499265014,8.300505112165409E-4,5.057269558173269E-4,0.6527247565265326,0.15259955590908164,38.32962585769382,0.42003267033780495,5.347852332130714E-4,0.0026057588553575687,0.2577964363663307,0.007715710310549351,0.4972141048194177,105.48176509021434,13.1158455879663,0.009817734917197507,0.0035582644719858478,0.6938392685713624,13.259721497307966,0.0022373448946041894,12.782413171619032,0.18006633535792313,3.4933261453052705E-4,9.98983042008244E-4,-7.557365450212682,-0.588650630256695,-0.17279723695194554,15.74050505743228,-0.05873460552289311,5.325859660955443E-4,0.0,0.6507720486419616,-0.5960061850419285,-7.7044453568927045,2.6352721230620624,0.7104519912727274,1.7913916662068685,5.631341103192548,0.029434415574566098,0.10987112682679556,0.3200567192864265,0.49000288228239264,0.0,0.3053487222077605,1.2971324248828107E-5,0.0017030563715310272,0.4536969545203711,0.045393581709883016,0.0025414415119490623,5.193293679894096E-4,0.0021675321157490638,0.010409613828573543,0.8154325907646192,0.001353059675425114,1.1629485250297245,0.8136615206210579,0.5919151108211734,2.4446202807263285E-4,13.562921740355776,7.302960402303931E-4,0.004024121850517587,0.002951979980907506,2.951860421201939,0.30701910410254984,0.6663149589083928,0.0013388203063574697,15.74050505743228,1.2874253447773871,0.4536969545203711,0.22013273622950996,0.0013930677840123657,2.816901408450704,0.0,5.633802816901408,10.872920105124683,0.002951126446313163,0.04257540231157389,0.13537315868741628,0.8136615206210579,6.555714052645787E-4,0.0028628659387917666,5.851852667164628E-4,0.008922361653239329,331.65801747643684,0.002580893010262223,1.8404622988031408E-4,12.316187323644055,0.03473571306817945,0.004171986926094256,0.0,0.4699117277599619,1.7554003797670614,5.50270419128673E-4,10.278501262737965,0.005707975209138184,1.003393651804877,0.9705655844254342,0.8606944575986386,0.0,1.0000000000000002,0.0010722169745611754,0.005241274319936364,0.0026998328079873013,0.5406377383122121,0.050634856029819375,12.316187323644055,1.2971324248828107E-5,31.24344096433572,0.0021805034399978917,0.41753357062597496,97.48797250230575,0.0025677023912358326,5.312658938968864,15.087791933570328,1.0320098882815651,1.7554003797670614,2.6228910448087612,2.816901408450704,0.04247262693466293,3.8500456472301107E-4,4.325955734406438,0.03707331222546,17.513182307525813,0.9054325955734407,1.408450704225352,56,0.009694609764154602,0.9783063650439513,66.84695133391753,0.6465336793246618,0.0011797232817533161,10.872920105124683,0.008366580372746223,0.3112909736860818,1.1629485250297245,0.0011401401546842305,11.887471256775932,0.006773291832489397,6.836387237639726E-4,0.0,0.0,2.816901408450704,1.408450704225352,0.4686581623859016,3.9071472497857626E-4,0.008049294220405996,25.699925078528732,0.005905039759921508,1.458926664304143,0.01173049306518014,0.002578352743305412,0.6017440977556784,0.2162116604732906,25.115020630069445,0.4610133615485239,0.39665785019652244,0.5062588291859978,1.240428274442566,0.003976229847672464,0.0020024717544657065,25.699925078528732,4.660329429503128E-4,5.921932279192173E-4,32.35443862796277,15.621720482167854,0.009516475810779329,5.2275814802332,5.331489651157288E-4,165.82900873821848,0.015789457666368235,-1.13427713676038,0.915056499265014,3.886782087979001,0.6017440977556784,0.013145881571183259,0.47899749100166206,0.4699117277599619,0.0034016399217417655,0.0014369013274297172,7.703167379451695E-4,0.1046181425676314,0.9159873054862183,12.883349188380729,1.003393651804877,4.543010019622608E-4,2.2882536048860803E-4,66.84695133391753,Lopen
10.3701066692597,0.029697819960744498,0.17850449557507841,0.011027025909404986,4.640907182699338,8.676366652871066E-4,2.2939533329743176,0.005609242213864217,0.9656610637413097,0.027246131804008387,15.5254291554707,60.43294637095598,0.025543953555843546,46,23.168531618468553,0.0013060038658766547,1.0392931811560477,32,0.001585334944302244,14.364585937406677,2.3267952652393324,0.004501527692097009,0.008103977061516146,2.2939533329743176,0.15194637870821406,10.3701066692597,0.24018355376846862,0.0028655490714118636,0.006456932847448155,1.4043499223743687,0.0054218078954947685,0.9341378027505871,65.71816862388613,8.497770638730643,0.04214269130736704,0.00870556393306007,1.3245236847994424,15.5254291554707,0.012561658727263723,22.9601616893602,-0.11203098594595634,3.036880188980292E-4,0.006876056866615051,-0.08052150332972396,0.22270630938347913,0.055575119385686725,16.78639387673226,0.018171313218436798,0.002317972564873988,0.0,1.6233316791582821,-40.12168222642177,2.5411313371035753,4.693928339110738,0.7134094238333334,1.5969443082907158,-2.3852308457054696,0.020856589223267556,0.07877849991914547,0.2632445739154331,0.37176665287819616,0.0,0.4606344957267174,0.0963163258291218,0.011987596982687709,0.6097121856941476,0.14657522347099108,0.01436032913224266,0.007715442334693731,3.8636329690862147E-4,0.016142996969139664,0.5758700684986823,0.007436163710673013,0.8406060196855549,0.9341378027505871,4.318460687691836,2.772592347855382E-4,22.9601616893602,0.002228879011649853,0.010325829819960162,0.013573719464452409,2.187338407884663,0.6705388740380983,0.8320206699773142,0.015995384475076965,16.78639387673226,1.7290442307990646,1.1735145944000922,0.2182498962967099,0.008367112237804057,0.6666666666666666,2.8333333333333335,1.3333333333333333,18.735140369493344,0.0331741736241854,0.010081935308421096,0.09938352156462066,0.8716913348477736,0.011312832901148331,0.0040108452758449795,0.0012441289767659183,0.04725778348518047,128.66137481665703,0.004020598010283492,2.0888147208876495E-4,7.6215984509091825,0.005422264818645145,0.02438978863842196,4.166666666666667,1.0300869921837172,1.9532719310193156,0.006612642847322012,7.8268827292197,0.015367267302968194,0.8227087228716391,0.9791434107767327,0.9003649108575872,0.0,1.0000000000000002,0.0028589951863726534,0.11877846059296682,0.10441813146072415,0.6371203369421541,0.2653536840639579,7.6215984509091825,0.0963163258291218,20.99774919247842,0.09670268912603042,1.1735145944000922,89.19550933259558,0.005127040169073273,15.210524964146005,15.210524964146005,0.8693005495404574,1.9532719310193156,2.596950690410656,4.166666666666667,0.10508120592463295,0.009566678330832913,4.833333333333333,0.08490925812703859,16.92730324033739,0.8333333333333334,2.1666666666666665,33,0.03624956118814626,0.8783824529617326,8.242706767444554,2.1824954058967276,0.0030830877650295367,18.735140369493344,0.0465890289222046,1.0042079727224718,0.8441897745398339,0.01187043910612896,9.575437833591694,0.057429823645856796,0.005594903852013891,0.0,0.0,2.8333333333333335,1.3333333333333333,0.115952175612117,0.002654316374090277,0.035192246690208186,34.673192984860194,0.003145965445925877,2.443204203473697,0.006123248248441655,0.014951414337687199,0.9257679834401992,-2.1592303438459184,23.168531618468553,0.6521682517143401,0.24452346877250183,1.3245236847994424,2.1258128044690956,0.008957390945903353,0.03721220302936372,34.673192984860194,0.005702443237743931,0.003506042010436174,15.508541162704061,10.498874596239213,0.011867217983812186,4.459684315281086,0.011494344599148764,64.33068740832852,0.039356039245877175,-0.4922165387778632,2.3267952652393324,4.640907182699338,0.9656610637413097,0.00668789479947355,0.758567982121683,1.0300869921837172,0.004320467849548767,0.08190960089281495,0.0018117995976537364,0.06629033267659047,0.8693005495404574,9.969695641088956,1.8890704192671164,0.0011632498561521508,0.0034019284099976333,15.409771623039877,Lopen
36.53798444167001,0.0,0.051439285725320895,0.03104887342102588,2.60584249361274,0.0,1.6015620710849874,0.0,0.8974667033323187,0.01470536954344202,0.0,67.92377356931568,0.00707408320424552,30,0.0,2.573309932648617E-4,0.0,21,0.0,7.173252838028187,1.0965436526989378,0.0,0.0,0.0,0.0,36.53798444167001,0.0,3.370720475689585E-4,0.013247498904225287,0.8974667033323187,0.014107923657483439,1.6015620710849874,80.43938922376715,20.002865462970092,0.0,0.018703268353892626,0.0,17.668627679810406,0.0,18.949926428815438,-0.0751297987891372,5.723914233314929E-5,0.0,-0.3056996209291309,-0.07600102285076302,-0.024835812034867802,9.298865492973873,0.0,0.0,0.0,0.9835635551179928,-15.772954602349962,-0.9070491804759753,-4.652495948558041,0.6932373046666667,5.956230581728934,-0.5516853729341289,0.0,0.03027045916731875,0.11287118919869701,0.35656623334245546,0.0,0.20132159154624063,0.023655493915608197,0.0,0.0,0.4452702497700913,0.025783212236525438,0.005504933404335557,7.822896496834256E-5,0.0,0.6838350109427672,0.0,1.6332890095096708,1.0272986792223617,3.178685810984429,1.892578553652446E-5,29.278132392680387,2.951258673737886E-4,0.0020488956039943994,0.0164928804825681,0.0,0.0,0.0,0.0026529240513039156,13.284805924366946,1.401755223330415,0.33422870657833625,0.09050619180626461,0.0,2.8947368421052633,5.7894736842105265,4.473684210526316,11.06102522250962,0.028105636654356163,0.0,0.09917020676267066,0.0,0.0,0.0,0.0018683152613626988,0.020542097923751435,156.72278137226948,0.01885850989975207,0.0,0.0,0.052031112361218934,0.0029908337041747728,0.0,0.0,0.0,0.0022563878271300167,8.850176181841356,0.025650661556159776,0.0,1.0,0.9697295408326813,0.0,0.0,0.0,0.055021868521437534,0.029238656284912096,0.8568583516339844,0.5002921182915289,11.366182971577336,0.023655493915608197,23.6729561011649,0.023733722880576538,0.4141837333629457,82.94757751696461,0.0,0.0,32.17314972527622,0.0,3.159272520121601,0.9100539146499721,5.7894736842105265,0.047607810826112415,0.005705213292945243,0.0,0.03871198873249605,16.538327019077656,1.3157894736842106,2.8947368421052633,22,0.04826081292224269,0.9463560009043646,39.54737813107366,0.0,0.0031568842811554917,0.0,0.0,0.4141837333629457,1.6332890095096708,0.003051601893413416,19.23757800776607,0.011761337564048624,0.004734691112306863,0.0,0.0,0.0,2.8947368421052633,-0.2548565600284011,0.005704148039256534,0.0,20.002865462970092,0.02202028773681454,1.4911096469738927,0.04102823881109358,0.004228944516743495,0.0,-1.5893429054922148,0.0,1.0505499784504193,0.7079798825978972,1.392793101725233,2.20345846995851,0.0,0.0,0.0,4.7794271182703495E-4,0.005093024516274129,0.0,11.836478050582452,0.018308795295528004,4.335608548558191,0.0070646753634082985,78.36139068613474,0.011667178101444511,-0.9494965174633467,1.0965436526989378,2.60584249361274,0.0,0.0637620140266414,1.0385343479835452,0.41387267329578603,0.0,0.05481709878483067,0.0,0.10451855643426532,0.0,0.0,2.0693549669918245,0.0025916975247380807,3.9093135693020535E-4,0.0,Lopen
38.78114616588482,0.03329991613144269,0.0803238755209887,0.023902571924304745,2.91634572765743,0.002677533503762268,1.1709112987405559,9.419633641413451E-4,1.0088484210416837,0.008923267100208842,28.148124508364607,81.70307701930193,0.01917747450441526,44,16.00887102377045,9.966580998798325E-6,0.6814187338581926,27,0.004340642069875519,14.93191041018265,1.4960811029981869,6.34022622867159E-4,0.016114985545232337,0.6992539215116451,0.08349038866391134,20.16223540401553,0.008316664269086798,0.006105056329062014,9.029490826118234E-4,1.0088484210416837,0.03765091164893419,1.1709112987405559,92.00649928332304,26.55834442490433,0.004331341334441841,3.2416098945142714E-4,0.3232351923470588,26.55834442490433,0.015719044244237205,24.4910909918734,-0.08704050774497704,2.0020067361089625E-5,1.8494987911730993E-4,-1.0776130244012867,-0.33438683560691274,-0.11510152343781203,36.24383096685221,0.0,0.001221577524640808,0.0,1.7517734127922306,-54.92775698494119,-16.718882484023602,-0.2345995142458559,0.5904693603333334,-1.0913722655175933,6.348274934011657,0.0,0.027071773652882578,0.09966419296081092,0.3533561601857616,0.0,0.046649374091335086,0.18512976613994128,0.019272959386018515,1.2870906338420958,0.24382590760700093,0.037789224231669825,0.036011281473979896,0.017151693747952987,0.026293337689924964,0.7088431023045604,0.013264466249171485,8.648327508077134,1.1141190311004816,6.002724028574376,3.1902136833194807E-5,27.566441273535315,0.0014223010559297504,0.00575354317146405,0.014556508144795368,3.1892320003721255,1.7517734127922306,1.3848966085268422,0.00323700449913978,36.24383096685221,8.648327508077134,1.7987481902287752,0.07090877282554424,0.007089366826315507,1.8072289156626506,5.020080321285141,3.4136546184738954,22.81374664163675,0.018175271512742702,0.02508796369403412,0.13248535226334274,1.9201802547185431,6.19886924995396E-4,2.3992567278838294E-4,8.664505641057176E-4,0.00403559108854422,228.52827737157662,0.012940750541407453,3.7300474374642546E-5,1.34601967149401,5.343462251654617E-4,0.0203321976614933,6.827309236947791,0.7545492369561795,1.3848966085268422,0.004273360146158688,9.128690815731494,0.0011606324434479997,2.887671649822497,1.0,0.9729282263471174,0.0,0.0,0.00600059518728869,0.27608196559354403,0.2382927413618742,0.8732640333863065,0.519907873200545,1.3406161706737396,0.18512976613994128,26.992027084096247,0.20228145988789428,3.4768060618695062,128.827587451646,0.006681471596705417,30.35416014266705,38.78114616588482,0.5040222852290657,0.36854488013314024,4.908041357341974,3.0120481927710845,0.0725417688296943,0.004550651027967338,5.020080321285141,0.03150267819110924,19.223240993707904,0.6024096385542169,1.606425702811245,29,0.006085464513974971,0.9129813818551633,5.559440559274302,3.5645063609374295,0.0029483386756817727,30.35416014266705,0.00422428714893267,3.4768060618695062,3.6461810587675485,0.0033726771895106773,7.6474290299625824,0.08421506321854809,0.004520852464258621,0.0,0.0,3.4136546184738954,1.606425702811245,-0.04416455054083382,0.003259993379681338,0.004456381474905382,16.21028573717331,0.24479155919587786,4.195124786549899,0.006464514781609329,0.007738769745358313,1.6826055711526648,-3.0013620142871886,16.00887102377045,0.7552299274969323,0.008276321778689037,1.102443585984758,1.3406161706737396,0.002562979366441085,0.058480928529605083,16.64001289321532,0.019123066249274644,0.0016471129795443049,42.96469267129396,13.496013542048132,0.2361117290069051,4.92194552982717,0.001720668602991337,114.26413868578834,0.0212509282927359,-0.5916196132081799,1.4960811029981869,4.195124786549899,1.3935762037106403,0.025537370096885843,1.102443585984758,0.7552299274969323,0.02324219196170004,0.12361775541677412,0.0029536591337629963,0.11057531287310249,0.29142221600981805,16.64001289321532,0.6265794076906399,0.0018770449207774714,0.015645536350776687,42.96469267129396,Lopen
32.07111597074091,0.02401723906592147,0.22942199099214886,0.004207005708045641,4.340642473455509,0.002675298980065877,1.1224341324288152,0.004327359038824608,1.0149317765258141,0.018830645476550813,15.45187955205798,50.69708629564769,0.019499926168044114,43,18.952624179384653,0.001344711638355679,1.0091110499091054,28,0.002579847618527049,12.968035518433311,1.792839015927707,0.0022865027195710912,0.007747220823033639,0.8127379923560251,0.17693917321605387,32.07111597074091,0.3421904913337963,0.0025199870060515824,0.01697330990857306,1.2823183891188914,0.004700966210992893,1.1224341324288152,80.25361980945081,18.382917119343276,0.028667792725355606,0.01850769160814074,1.0091110499091054,15.45187955205798,0.02206503780425127,18.952624179384653,-0.11685442896244516,4.911686069294141E-4,0.002990149292056301,-0.4521125364731691,-0.12082542993345742,-0.04022797310864979,19.682970805378563,0.0,0.0017509378156620786,0.0,0.7141686728477249,-32.295928973092444,1.6232893243621032,0.41124712048882905,0.7200500487999999,2.2914034704424937,-2.5660533960382295,0.0,0.02642564871935715,0.09896094183757739,0.24466668486902124,0.0,0.5700342305000452,0.1051491200800391,0.009163195375785827,1.0081970540113154,0.4558836406823793,0.04229276823018529,0.026355550398432938,2.6564518300743E-4,0.002906964381654249,0.5696164292683407,0.002724976621794724,1.365989699591402,1.1951076429705476,5.18006635699915,3.270478800744523E-4,10.93873509539643,0.0015122019801674018,0.0090524182431143,0.016205086361928096,2.669845078032605,0.8918910235614309,0.7519815211202142,0.007343489268453824,19.682970805378563,1.365989699591402,1.0081970540113154,0.32258695888609445,0.0051372004438525656,1.4,5.6,2.8,18.314792833135083,0.006780833531958689,0.008537375786549367,0.09163423986074609,1.1951076429705476,0.0019719590349670402,0.0010928338298342825,0.002581097443115768,0.029226067972877842,105.83447063594127,0.019129648947139324,2.0630233123037183E-4,10.101507552768847,0.005742293280846557,0.020081254274786606,0.0,0.8918910235614309,2.9553605318783163,0.00199957572325202,8.593061781860394,0.015915014162704556,1.564248747991555,0.9999999999999998,0.9735743512806426,0.0,0.0,0.004165228817344493,0.17406308389166475,0.13177031566147945,0.8746134094430652,0.6299467245740441,10.101507552768847,0.1051491200800391,21.394728153248863,0.10541476526304652,0.6685667942032927,94.50210839514271,0.01631938733581713,10.377076750655323,6.806490471774785,1.1648368251042016,2.9553605318783163,2.2842952621315917,3.4,0.06135398917325259,0.0074211445243777905,4.2,0.05987456893051466,17.529976108268,1.4,2.4,28,0.009959648447245993,0.9055527274939135,10.590701705776842,1.2619903863270543,0.003369179234581228,10.377076750655323,0.020087180128840133,0.6685667942032927,1.1648368251042016,0.0066260133299401265,18.314792833135083,0.007288110991077492,0.00549575574963477,0.0,0.0,2.8,1.4,-0.0079933361697282,0.0026155360340117152,0.016892731712768963,18.382917119343276,0.006296695091109144,1.2619903863270543,0.05803293253689826,0.020619529896341585,0.7802736488754627,-2.590033178499575,14.515636656858598,0.8213766970682451,0.3215618339397927,0.703441897383123,1.6218721717760958,0.018377261117105078,0.006482910199743216,15.590777570673414,0.0013946222801129657,0.0013221187366644017,7.58663795912007,10.69736407662444,0.0075229619850590655,4.337338696417004,0.003794958568622929,52.91723531797064,0.013941082716175645,-0.9447344769340122,1.792839015927707,4.340642473455509,1.0149317765258141,0.053615732350497776,0.4173903073644478,0.8213766970682451,0.00916058427765212,0.09510648552622913,0.0018126138645051426,0.05738974884517563,0.5700342305000452,12.968035518433311,1.6218721717760958,6.72548735573038E-4,0.0015784532975944444,10.590701705776842,Lopen
26.252860853765874,0.04730721339198771,0.17157495601485936,0.017161394583920655,3.797693738058947,0.0024130982065354747,0.9216102373566745,0.01214479888758536,0.8158193708500875,0.027332102634381517,8.713978746204187,61.28172028532129,0.0201963364709902,61,16.510604688325753,8.491988962955446E-4,0.8006899144253307,42,0.003496526617069352,8.27837616473354,0.8933617540941087,0.0023608289502614695,0.012102023156385262,0.9216102373566745,0.1399489780964497,26.252860853765874,0.1605762205712472,0.0014757691875643669,0.00889739150977059,1.0419399711072672,0.024497874217735454,0.7861130573269347,52.95050188354951,12.350240286858,0.0158194297511619,0.00942954561326809,0.8006899144253307,12.350240286858,0.005032367647687864,25.938054045665663,-0.18735229594614972,6.866673460426155E-4,0.0023350307625664615,0.3575742389294977,0.07966481869485928,0.020360554658582927,15.855295227660056,0.006696479721854165,0.00413636888683741,0.0,0.8933617540941087,-38.18880631609789,7.750581503933558,5.345527825283862,0.795085907,5.429658606625409,-0.9876463859768658,0.023418969343782466,0.0875719507595195,0.27846759260253057,0.3723272172002356,0.0,0.29586701605530014,0.1040028419590407,0.015125954277993391,0.6844319975826727,0.09179118258447393,0.031995792403575724,0.006140530554809279,0.004283922592032403,0.013993704482681234,0.6121776516812032,0.013983603453258527,1.9133294862745416,0.7327375629454094,2.9836528707901424,4.210801184241639E-4,25.938054045665663,0.001910142573927844,0.004061099661468029,0.011778289375353189,2.8660185365580726,0.866117737873067,0.6879100543522403,0.004192551817963941,16.46034503593449,1.7017920762989236,0.6844319975826727,0.23277212144737836,0.013288241931051306,0.5,2.25,1.625,11.585200352875637,0.027763823731470703,0.02190045992541791,0.09781266311812362,0.9772250025519764,0.0030388870786949487,0.005327493833877458,0.0016733733603989285,0.016214656865689,139.09030906434845,0.00978515854297113,2.3758458414881877E-4,4.83232665289554,0.02304126892154242,0.011345389143512529,2.875,0.866117737873067,1.917441427491155,0.005257694555153963,7.131064856328885,0.014553599531528568,1.5360461975834352,0.9765810306562177,0.8890090798966982,0.0,1.0000000000000002,0.004088725027912074,0.1464230875094581,0.11442729510588238,0.6105414872941676,0.238214270093932,4.83232665289554,0.1040028419590407,20.94148378096573,0.1082867645510731,0.793233670779378,61.16505413921814,0.0064344600768724775,18.91789149242301,18.529178842456073,1.0136461482638564,1.917441427491155,2.02597840255322,2.0,0.08969773903095218,0.009152475862925937,2.875,0.08023646776939251,14.089858369826786,0.5,1.375,40,0.10200808335117435,0.922300476029792,20.546657366329374,1.5360461975834352,0.0029176172494962548,18.91789149242301,0.01751160619495289,0.793233670779378,1.9133294862745416,0.0010468060828676135,12.208317793365932,0.028766387311476332,0.005013255315207971,0.0,3.625,2.875,1.375,-0.04594595638620128,0.002579960099953795,0.018373374579245372,20.92569921451344,0.03570749931523061,1.5360461975834352,0.03434786610420442,0.008101777029360832,1.4803303722368657,-1.4918264353950719,17.040090905959833,0.7451217359128163,0.2218426088502277,0.8610302174838111,3.554931147813387,0.008397738825444919,0.02180930204685387,20.92569921451344,0.0028043558930612817,0.0017172104787760835,16.46034503593449,10.470741890482868,0.027002361707204863,3.5904664462804448,0.003529629007815041,69.54515453217411,0.27331766679374264,-0.6877517320056086,0.6351349206088815,3.797693738058947,1.4803303722368657,0.0415024136517631,0.8610302174838111,0.8427915269913111,0.02875919161955174,0.05613105105661923,0.0013234903054744206,0.06561773656005078,0.882665615380926,9.65832372931899,1.1600376216664483,0.004051732154543253,0.0035224412346210243,20.546657366329374,Lopen
24.382550567398322,0.18910499623826846,0.1774027658136079,0.055298670077749155,2.6180249103994995,0.0011681351860036693,1.2934626780723095,0.0035854959021814725,1.8233278445525358,0.03461568939308148,29.69051099595231,93.03828389281608,0.008010254642835023,47,24.386901669527145,3.33003931167883E-4,1.107178675611678,34,0.002853628741815879,11.799328771248012,1.1729388170246637,0.0037592387364359125,0.052997367870640105,1.2934626780723095,0.13235750572805757,25.055854443943193,0.1337239190543938,4.250363864872879E-4,0.011683336861989326,1.8233278445525358,0.006487590329598589,0.7710787707230861,88.7208777107733,22.12894676048866,0.015172521188636743,0.0020143996657563464,0.9848134401628577,29.69051099595231,0.022099610920111003,32.26631982457878,-0.21066381418909355,2.83526251324376E-4,0.0020676894731491377,-5.579171956164949,0.22617129165580074,0.08021607398275633,14.674283206340691,0.02828020702511149,0.001181499366383583,0.0,1.2019753005248444,-45.08553317228464,-7.40157825077376,-6.197897048257239,0.613037109375,-5.9070564666675125,-11.835454610451205,0.029413617914871674,0.10874056038666098,0.33827445955763374,0.33598143152535076,0.0,0.268052522234299,0.09532667709945021,0.007666600141060425,0.8349712386648283,0.0678349531525835,0.012100512194160059,0.009758642645395702,0.0025691455238932145,0.014518248759784245,0.5838521772933025,0.003961009502635416,4.593900829985198,0.7710787707230861,5.264889603464453,2.0408205433410223E-4,32.26631982457878,0.0023381497668223962,0.0032117549750360895,0.022651041473879426,6.63541437619674,1.2019753005248444,2.554766933010079,0.001968400471200569,14.674283206340691,4.593900829985198,0.5382962055875646,0.2133535196278758,0.004637869261289964,1.8461538461538463,4.3076923076923075,3.076923076923077,20.607968346257476,0.036742785488516325,0.01740830086594486,0.11944100185894413,1.0588066471320616,0.0035079691545402748,0.0012253821375001004,0.0022016390974124284,0.011070926686214302,188.9697377480009,0.011913110540553164,8.932905514869203E-5,6.63541437619674,0.0074368227034120795,0.0075178850440321245,5.076923076923077,0.7404894974371268,2.554766933010079,0.0021116704893673704,9.057789674117325,0.013174189262940257,0.5875150315107766,0.9705863820851282,0.8618458216984671,0.0,0.9999999999999998,0.0016243365720423886,0.11975497746289919,0.10765446526873913,0.5235713621408334,0.18758993061548268,1.2212977222457961,0.09532667709945021,25.450613450732625,0.09789582262334343,1.6212994291912082,109.77725240082458,0.00630979404078066,51.199532124341715,51.199532124341715,0.9506351355478808,1.1119887693050627,1.9878716707071307,4.3076923076923075,0.03262083148128314,0.012689110945463884,4.923076923076923,0.021799067660633487,18.127262606586008,1.6923076923076923,3.076923076923077,38,0.016426704117222402,0.9134868009231275,18.74746175326333,4.8599445972948105,0.0013666049448952877,21.2156697649334,0.013077166465450632,1.6212994291912082,1.175982361683425,0.004331040912134609,20.607968346257476,0.10156452402118153,0.01320592396843634,0.0,0.0,3.076923076923077,1.6923076923076923,-0.014615745442471536,0.001925289240950178,0.021609521675280203,22.06705408504383,0.10309894367897508,4.8599445972948105,0.013726275106402853,0.010341176657610553,0.7528493184049277,-2.632444801732227,25.055854443943193,1.0771972624127537,0.006916808477400079,1.1751638691037936,1.5324823224486093,0.011227359595315307,0.08896428523090928,22.06705408504383,0.007417834453020431,0.0040402402896162455,25.959236158116223,12.725306725366327,0.1572413777298109,4.619304127717653,0.002960548096728256,94.4848688740004,0.03386373264259333,-0.9381492466087549,1.1729388170246637,2.6180249103994995,1.0333922760978531,0.011068961127696585,1.1751638691037936,1.0771972624127537,0.0015537945225297597,0.08710823518537102,0.012434463114059702,0.07904119248818965,0.4649130216073073,17.01899364531404,1.5324823224486093,0.003629458423408019,0.009958566899327533,25.959236158116223,Lopen
61.56969562500531,0.33861022152915987,0.08654085531833997,0.031620987781817024,1.1214311500181233,7.215695905053608E-4,0.5542965879803899,0.006861252927118231,0.8411764125830482,0.005404185995766459,13.301649502667729,135.30418749246337,0.00439102857867722,144,11.963783102071442,2.532953844854229E-4,0.7216810595859642,76,0.0010744563783076447,21.16774346942351,1.1438100870082477,9.453904383038984E-4,0.0038241869884557736,0.46246161894649324,0.07483837157282143,14.007991386564049,0.3568205173492911,0.0010853831803436292,0.011224868480487826,0.7694660283530184,0.008271135195819072,0.5975794970653577,117.75871936609542,78.6665915389799,0.0027512604124827105,0.001735159640198394,0.7216810595859642,18.120180068128448,0.0022929192023526885,17.367829747598385,-0.2821874330342757,1.0469750738763171E-4,9.487337036497103E-4,3.078120293754541,-3.1758726793770142,-0.058124680026499065,21.16774346942351,-0.016310836568869697,5.636668331081794E-4,-0.005423280948071506,1.1438100870082477,-18.45337495757233,-5.167348492183075,6.515363049852946,0.6848130409411765,-1.072940470550023,-2.3384735912667454,0.10793562805721028,0.29380082924688533,0.4471201270875175,0.10115907554808515,0.02885997336787931,0.20736256487742935,0.005844096148083577,0.0017041090670183116,0.46246161894649324,0.004935283837805678,0.007241336529495298,0.0026454014750552173,4.5824870198262656E-4,0.04529628414693848,0.6489408839057685,0.005172100198701099,0.8200964611289517,0.5975794970653577,1.0348631467426381,6.223750435020698E-5,17.367829747598385,0.001402614321671123,0.005328484923241516,0.0037733020271636594,12.27021915428255,0.7126047702003904,1.4130351222890651,0.001954782336530216,15.450229388815055,1.0523425134126865,0.5249554509943078,0.12123757677264943,0.00432553188423155,1.4728682170542635,2.945736434108527,2.3255813953488373,17.62855476461476,0.006856221582498645,0.044958591099190856,0.1391109062279992,0.527751819891881,8.357752821319666E-4,6.682990806201657E-4,0.0021235632693420237,0.05667857526875294,302.969681213252,0.05432791613845303,5.5058983481035834E-5,12.27021915428255,0.008565016633022402,0.006674126620924742,5.891472868217054,0.5048080693622896,1.4130351222890651,0.0026803635933605706,10.856377048330195,0.008433834290325124,1.0165844202315644,0.8632043985749104,0.569403569328025,1.0000000000000002,0.9711400266321207,0.00102328856719924,0.016189082854616718,0.008947746325121419,0.12228344224050754,0.021124366692422396,2.3266234331460494,0.005844096148083577,31.25328109722193,0.006302344850066203,0.5564935631352929,125.61960897541728,0.004015763596279163,16.700533242423308,61.56969562500531,1.5359930512086155,0.7888571713043323,2.149795468404109,4.4186046511627906,0.09577680965933058,0.003596208930458173,5.891472868217054,0.006635008814010388,20.097685305796187,1.4728682170542635,2.945736434108527,76,0.009049229246794766,0.968955077075848,25.636714356946175,0.919265818121176,8.318595000179162E-4,11.33050713845234,0.008491095236807937,0.5564935631352929,1.5359930512086155,3.994517647351042E-4,25.636714356946175,0.09485158894849617,0.0038799074368475925,0.0,0.0,2.945736434108527,1.4728682170542635,0.40424404523874125,0.0012151008475584347,0.004482847573324822,78.6665915389799,0.0043580073158100245,6.469915279151779,0.0037799586915712342,0.005707666466253388,1.0367078460101593,-0.28377255534519563,14.007991386564049,1.0295648725931952,0.0264934943151449,0.571194037857652,1.1327981288633404,0.0034085670644425003,0.0057103004899977505,22.32058685958909,0.0012576482809804042,8.683151427543404E-4,73.74576989052547,15.626640548610967,0.005920514881163516,5.009048336597862,0.0012220043654098066,151.48484060662602,0.028376495036742208,-0.8856050087660425,0.4555767705488813,6.469915279151779,0.8411764125830482,0.028909719582750595,0.571194037857652,1.0295648725931952,0.007120507126337618,0.006970241000638135,0.0029721492406184716,0.1217721396436467,0.3398177333000377,16.735865415823984,1.0165844202315644,9.712053021143822E-4,8.03874280868575E-4,73.74576989052547,Lopen
64.81166127259323,0.2920271567885887,0.30471749108066687,0.026251126255779068,3.7333186182367233,8.356750701519339E-4,0.8255802851290183,0.0030582973886507663,1.0805354342170488,0.0070675063508651645,12.383275519367446,155.43804496662767,0.002891466181097805,80,40.27487626996113,0.0015569812931688024,1.1639760476347327,43,9.365567056440934E-4,20.109145282586308,0.9242875789333418,0.0025801691167480966,0.005721942699889235,0.8255802851290183,0.23333819197546912,35.4708197324824,0.2316830667155759,0.0011349756367605198,0.00266598979656952,0.7587591480618414,0.0017558784999029938,0.46227016926640774,109.7757856964896,96.36504268535106,0.010764877745688335,0.0011433586917502152,1.0267154081685386,96.36504268535106,0.0015165015650398749,30.397061974331983,-0.24626230703731802,6.595433953518265E-4,0.0014125563024595376,-17.095086722919948,-0.3785731914790994,-0.1106212842571735,17.20579408315346,-0.03764773057043087,5.082071338769891E-4,0.0,0.9242875789333418,-9.606278349465562,2.7251527994912204,-6.611237577563223,0.652067232,-2.461839754634404,10.939899369635306,0.028590019891225334,0.10678382758557428,0.3389428484726299,0.4511836876081618,0.0,0.6073639381532946,0.003430158546046042,0.0016544603219792219,0.7692352857144875,0.0629060789102022,0.004410645059412568,0.003476685308566939,2.7604861818101157E-4,0.014274097055865374,0.7297808951628476,0.005514508933844529,0.6979153205580266,0.4677230102083884,1.0491664501850197,4.968672528359483E-4,30.397061974331983,0.0015084231407160563,0.004444664143626158,0.047504517629538244,9.07391798651565,0.7969417151484465,1.4965578971377749,0.0011689812413838924,17.000204917539257,5.676414982093798,0.7692352857144875,0.35454743408995726,0.002709502913911546,1.1494252873563218,6.17816091954023,3.0172413793103448,17.111192210929293,0.010230881882311863,0.01473536611166862,0.15123847594604864,0.7504333442975252,0.0014439870491933199,0.0036846178244874144,0.0020782370655969854,0.004438720352544422,380.59105567747065,0.04854753529450321,3.0837095857870505E-4,9.07391798651565,0.004337200583355379,0.0028692408275926774,0.0,0.5764525221283726,1.4965578971377749,0.0014872354239593476,10.479320675493787,0.012209747314361873,1.1478406543428836,0.9714099801087747,0.8646261525232004,0.0,1.0,7.369649109517835E-4,0.011593537532206561,0.007182892472793992,0.5256833040505705,0.07449961644240875,3.75303882624945,0.003430158546046042,32.936073839876904,0.003706207164227054,0.7292239063331651,126.42196011739287,0.0032290502306745674,26.093328317780543,64.81166127259323,1.0284329585131584,0.9853123566388202,3.1999384026131676,3.0172413793103448,0.11180500595903986,0.00233368568685589,4.597701149425287,0.03926466190285526,20.191264128844896,1.0057471264367817,1.5804597701149425,43,0.01860195943187761,0.9709303470066497,21.8176048830287,2.0296196787975718,3.6593147519589425E-4,17.111192210929293,0.004209276104795509,0.4352393970192496,0.6979153205580266,0.0016156395554653103,16.872401372065035,0.08837643658362021,0.004537237972248303,0.0,0.0,3.0172413793103448,1.5804597701149425,0.3399116510880122,3.614061942121253E-4,0.013141976621597303,22.596250323877896,0.0012673391205923088,5.845609085715553,0.009806861664803782,0.002706053412727485,1.5479780469295745,-0.5245832250925102,40.27487626996113,0.9853123566388202,0.053114683131143516,0.6392541513418325,2.0291683916322745,0.0022756327680763175,0.01245677071096529,22.596250323877896,7.599033799594878E-4,5.671270587342207E-4,48.89630366357031,16.468036919938438,0.10421384155943748,5.3812904592839566,0.0013270383042642778,190.2955278387352,0.018455566110187154,-0.7569413039851778,1.1639760476347327,5.845609085715553,1.0805354342170488,0.02720979200463967,1.4155313628874453,0.8478546202109865,0.005099017292858148,0.0032648213692468993,0.002176759269050631,0.148404419186216,1.0284329585131584,20.109145282586308,1.495448849983622,0.0023137860992888614,3.3110139991097417E-4,48.89630366357031,Lopen
66.41107898938816,0.24460902030684084,0.3207634320173709,0.018926897399940124,2.5105304694551425,3.532235522949976E-4,0.5515966436803081,0.005052596416726759,0.4596619431947172,0.004839297252997605,13.980379278568169,101.62353400947157,0.007975106992891468,106,20.683993879443356,0.0013659067635399828,0.7844498555977294,57,0.0011776837180565893,8.922867529188917,1.1028965298632185,0.002379225793432324,0.011666689828471945,0.4866688826756762,0.28394188391941616,66.41107898938816,0.4043435197509737,3.8008885663909516E-4,0.011559721433970641,0.647180189016986,0.0033054947960252015,0.5739364657094306,128.95979343786578,21.803226260949895,0.012203438929987502,0.0014526722232585103,0.7844498555977294,13.980379278568169,0.004933650177930092,15.242522722748893,-3.3777371413025854E-4,8.969698117687198E-4,0.0017738176908273545,-4.19533202279946,-0.14421859465588271,-0.03908139460693208,12.422642241898265,-0.013075275911975777,5.966236284729446E-4,0.0,0.8376674005708905,-4.941528755098499,-12.598826468428861,0.9678548898226285,0.6999155626666668,-2.358012829513239,7.373354769374152,0.03139581290276551,0.11763102975200941,0.3222140574357042,0.47856044614855275,0.0,0.5045773010348406,8.252811073683347E-4,0.004469884501666198,0.3240598345464801,0.036239465113525215,0.004444557593844037,0.0033247240991047646,0.005364625847125794,0.009756905815362003,0.6115137697946732,0.002499295807178037,0.942556501218142,0.5739364657094306,0.647180189016986,6.793412887255781E-4,15.641553881802976,0.001242181814382746,0.0017547885393478634,0.006207704493048017,9.30778550651616,0.7767866189701935,0.691847678195072,0.002292990572437473,17.28287848066869,3.274673545502798,0.42915630244016467,0.3775997149467652,0.0017005364844715394,1.4112903225806452,0.0,5.745967741935484,18.889368813848975,0.004910763510082801,0.006428322331870004,0.11870631659215627,0.4718459107630433,6.471648885034781E-4,0.00463597064838843,0.0015133233666711691,0.05688040499758826,225.16664835426795,0.013204188561659008,5.455473444363205E-4,9.739403186887348,0.00655100322179143,0.0031848266805148315,0.0,0.48431923093878176,0.9440614059252825,0.001635141627165587,11.365982625997617,0.009187432325483877,1.3888345431959777,0.9686041870972346,0.8509731573452252,0.0,1.0000000000000002,6.991660679989125E-4,0.01395918864744293,0.009514631053598894,0.5287590999095209,0.05019865376096814,9.739403186887348,8.252811073683347E-4,29.328381599734605,0.006189906954494128,0.46732236092947244,115.44897740296997,0.00229981459184337,20.32039235393709,22.73571057637356,1.2274565854946164,0.9440614059252825,1.8450606378262238,4.334677419354839,0.019632113481281126,0.002138537998099046,5.745967741935484,0.013521402969812343,18.67658372776321,1.4112903225806452,2.4193548387096775,57,0.014475070492277182,0.9700716233078663,14.55396913118752,0.894979666088741,9.212600627690276E-4,13.221425712295744,0.04882198820016587,0.5390751412758401,0.942556501218142,0.002498008453476876,18.889368813848975,0.008643114461871267,0.0010047098491279118,0.0,0.0,2.8225806451612905,1.4112903225806452,0.04557506636139317,0.0010933950751854298,0.01744251829422883,55.66499450353392,0.0039607639404776905,1.6214164029286153,0.061912161787698455,0.008960933008792388,0.775799163384243,-0.18624484845662675,22.75831942952881,0.8407933541268077,0.20661997464707843,0.6372728965119685,2.0787860051684084,0.0017384332377845737,0.0031962875864318383,55.66499450353392,5.942949014862673E-4,8.037397764841998E-4,17.28287848066869,14.664190799867297,0.037579196967054855,5.153461991581287,0.0010705661136923349,112.58332417713409,0.015187986931373267,-1.2015224680456849,1.1028965298632185,2.5105304694551425,0.586233305703354,0.06359521965347849,1.0452677389668825,0.8407933541268077,0.007815127467712112,0.002592068394217099,0.001430924632154835,0.10677476585412958,1.2274565854946164,9.48380877672389,1.3888345431959777,0.0025493340934633893,0.0010851165454952977,15.503721576474247,Lopen
43.42952949597124,0.017558005922286454,0.1382710176632366,0.009035299536417764,3.9858297247957926,0.0015182306858068466,0.7170904816043393,0.002755130515842703,1.1399162719159803,0.0038776408578156045,12.774504056727256,67.09588929777573,0.014319554895237173,49,23.263769822633428,4.1771702416702083E-4,1.0937550086326926,36,0.0015338523253465072,11.432655095118633,0.6053636032320239,0.00422079462223824,0.005106380108487585,0.7170904816043393,0.12923074853519018,43.42952949597124,0.26907282701424146,0.0010081666154822234,0.004645436917191992,1.1399162719159803,0.008594803310865323,0.8466111056637355,49.08565328702864,14.292164925125133,0.022221739692898684,0.011368388768595673,1.0937550086326926,14.292164925125133,0.0077961047040494055,9.767616134989916,-0.2437508982407081,3.540502329634109E-4,0.004409145482849144,0.9198886693479109,-0.05839268895289845,-0.021835011480014002,13.305332644227304,-0.007850178929303557,8.886575416119285E-4,0.0,0.568523347214854,-32.13571147648587,-4.615129080561919,-9.567784060227172,0.709972381625,-3.983185406802325,-6.399431401750415,0.02124970824249851,0.07946254786767024,0.2922118413700962,0.35328906675541777,0.0,0.177538178397094,0.07374126641314188,0.007826276047010512,0.5825445786214385,0.1570098526732194,0.007439138947138664,0.014075671436003979,0.001520906294813312,0.017875082187404332,0.6517239996953719,0.00983122190417367,1.0460719132074126,0.8466111056637355,3.1710511928271092,2.603160426389852E-4,18.252973307288187,9.986877385584284E-4,0.007231502321710686,0.010700143950735402,1.541929780732019,0.568523347214854,1.2456307540471265,0.001558971455742811,16.10887693249715,0.7545939332655296,0.5610472830019071,0.16485517745111383,0.006298832057746693,0.8571428571428571,5.571428571428571,2.857142857142857,15.138713463718265,0.011016657715765103,0.02092547694927277,0.09579301138373938,0.6460288316509416,0.0022580212163427153,0.0019614235807330063,0.001426817493450591,0.005774820760682889,162.908701918377,0.010279588150404799,2.3034206247946377E-4,5.91994059149985,0.017304289318292657,0.010458574212455045,0.0,0.4743178300766875,2.149912548600322,0.0016442919884262586,6.834120668666897,0.010101352116938784,1.1137906886216395,0.9787502917575015,0.8992877438898312,0.0,1.0,0.0015030188523480555,0.09677698309109785,0.08933784414395919,0.6070759025197351,0.25378683576431726,5.91994059149985,0.07374126641314188,21.746206487446027,0.0752621727079552,0.5610472830019071,61.17453036588355,0.015175101700192995,11.67646961162237,13.827973232091223,0.5721507789070688,2.149912548600322,3.0876550764109547,2.857142857142857,0.1088787360676054,0.013505694521357,4.142857142857143,0.08785487530983503,13.385367916029388,0.8571428571428571,1.4285714285714286,38,0.02318244072992261,0.9354259896934677,21.923049893341318,1.360251508838172,0.0026285441149730424,15.138713463718265,0.014553906800375728,0.5497853882734665,1.0460719132074126,0.0014891778255371735,13.202577029469994,0.03970018373060072,0.010031852813263603,0.0,0.0,2.857142857142857,1.4285714285714286,0.08722354440231289,0.0023479563539661025,0.024895241271675188,11.898709631115175,0.010562652893415776,2.2304738323311826,0.04931211922301493,0.007589448386763088,0.9380909813932653,-1.5855255964135555,23.263769822633428,0.6704314408099046,0.2763086888420299,0.5768398557649477,1.9460058358806733,0.013546331711572792,0.02052721906910098,23.16712439151677,0.0010255809662997385,9.902375279388165E-4,18.014673286208186,10.87310324372301,0.008274978155742123,3.5143873485923,0.0019477247840207737,81.45435095918853,0.024194624643399165,-0.7501742034057881,0.6053636032320239,3.9858297247957926,0.7919346003600647,0.05035561459677362,0.6238664734232984,0.5220563007979739,0.01273010213471349,0.061006553947336374,0.003965987070078676,0.09440097844387633,0.5721507789070688,23.16712439151677,1.0320487203254778,0.0011018207969847142,0.0011936043683610372,21.923049893341318,Lopen
73.94780284839844,0.021967904761451017,0.15075023446781627,0.006730484222728429,2.5120530724415318,8.851318029241763E-4,0.46585629537519707,0.006436700730967344,0.596268025131137,0.0021775416715616412,14.816140211360494,93.77557044008184,0.0026443975452197003,165,9.467665486144307,5.346977955300033E-4,0.5068561234071031,82,7.654959774181166E-4,10.38394384890971,1.1035297909420985,8.562472436212388E-4,0.005250224271847006,0.5702079885717425,0.12653941046715692,73.94780284839844,0.3624483666199565,5.040704281211344E-4,0.002755210265221509,0.596268025131137,0.008762440159862106,0.46585629537519707,140.21716402997848,10.891812028394883,0.0021129016552224105,0.0013091983938596434,0.5068561234071031,10.891812028394883,0.005985336488499123,8.677271064875502,-0.09050233134308647,2.7686837205856846E-4,8.277689695729448E-4,0.6001951062118717,0.6259372011293522,-0.15725349690333756,10.38394384890971,-0.04949520904378085,6.806102563651855E-4,-0.01715899608125676,0.6437353174648498,-9.695796235721529,3.9757945792944773,-5.020744420667876,0.7261754168888888,-8.664435553289096,1.4429911230947492,0.10973559928395198,0.3634278522136337,0.4670980299705437,0.020425717435700177,0.029274120115209874,0.3105611712367009,0.0012817110643724952,0.005506085375946614,0.5702079885717425,0.002292947033781165,0.005486923352536819,7.615877333289788E-4,2.1551179694121546E-4,0.0023067983988816305,0.6280915945269866,0.0027423356851198296,1.551617594054614,0.4468555649791035,0.4831746202398736,1.8640024649284301E-4,8.677271064875502,6.935015773515068E-4,0.005590119809635524,0.004476086467185012,2.4559210490363896,0.6437353174648498,0.27629608501756003,0.0018385862210368697,9.124877848055574,1.496414077407965,0.4613337999920732,0.1928855624742765,0.0018065513793173696,1.4093959731543624,6.375838926174497,5.570469798657718,9.1311966316881,0.0026183922587045094,0.0053493720177166535,0.11133108720578963,0.8146067292672021,7.632994760244159E-4,0.003079922960050416,0.0010119238737780532,0.016446850443893348,214.45959727693432,0.0043534170080041,1.3932966830824427E-4,11.136230097665093,0.005808146674472667,0.0049813376708454996,0.0,0.5469313402983171,0.49453401729547186,9.065906736242431E-4,11.846821729261537,0.007646690316949921,0.9789129567067109,0.8609902806008383,0.49756242838720455,1.0000000000000002,0.9707258798847903,0.0017988099396439462,0.007745733947179509,0.0022588105946426897,0.03046439841666085,0.010038680980960673,11.136230097665093,0.0012817110643724952,29.862452424864554,0.0014972228613137108,0.49531460479804296,118.50894662331913,0.04641466545542308,12.774426249117175,16.003238812153555,1.0485760447490649,0.529165070341412,1.7758892655077538,4.1610738255033555,0.016594316289169905,0.0016100884894857197,5.570469798657718,0.016676924859620954,19.583680794003346,1.4093959731543624,2.8187919463087248,82,0.0860648427978608,0.9802593108624434,15.392305892514123,1.0877306338657435,5.993950985907682E-4,12.774426249117175,0.05986469254292733,0.49531460479804296,1.551617594054614,0.0017949571808062398,9.1311966316881,0.005052240315773732,0.002319327062489897,0.0,0.0,2.8187919463087248,1.4093959731543624,-0.01465760702304836,6.653408258855901E-4,0.003362461298447871,30.874818174425712,0.006406830340046874,1.0877306338657435,0.08525262607556185,0.0035486169509527,0.6712967132546279,-0.2415873101199368,9.467665486144307,0.529165070341412,0.42833542452385465,0.3982208559091205,6.305376918111155,6.590035875606312E-4,0.005873789551367705,42.66049993432893,7.486757341239268E-4,5.689660396319744E-4,9.124877848055574,14.931226212432273,0.007827926920485926,4.953623309221345,5.811881472621761E-4,107.2297986384672,0.02338568144473549,-1.2906518465179875,1.1035297909420985,2.5120530724415318,0.5241790070131465,0.08837264090411526,0.3982208559091205,0.5469313402983171,0.005669445248851888,0.001540634904927735,2.1164141842177112E-4,0.08542402678450323,0.9848610376985065,42.66049993432893,1.299517174773772,4.6041861215303506E-4,6.098676597789544E-4,15.392305892514123,Lopen
47.37026711389491,0.29654849058638544,0.2781174788807328,0.015268465190032323,3.432770909468579,5.197694489941827E-4,0.4552824056456569,0.003106021678031491,0.4436192610371808,0.002329513223033485,8.743363610464785,93.07870614977172,0.002988295598019545,113,6.600060692471453,0.0010223293987633765,0.47344205371074366,57,4.4691695629214356E-4,7.384593502654297,0.6798249760674937,3.9276693646999954E-4,0.007143165745038502,0.5081912955073445,0.24194472953769836,47.37026711389491,0.4022562070875827,5.744470922402939E-4,0.007486181471386546,0.746290935405819,0.0036647016176551803,0.4552824056456569,133.3348996336646,8.404838119820367,0.0011762560306997154,9.909627710033813E-4,0.5203760301767028,8.410818274357718,0.0028356159323928913,9.4994960737476,0.11790639308804222,6.519354153231958E-4,5.572520123800414E-4,3.003632240447721,0.8086155632654515,0.25500367462018125,8.969391180311543,0.087951732405795,2.9320557431339957E-4,0.0,0.6348250641919203,0.9183957465260408,2.507494466956778,0.1906787792149266,0.7016074453333334,0.3726594856925529,6.3496117168885755,0.029824230030570862,0.11130822046186008,0.3202256946938174,0.504832464955991,0.0,0.44775202267304837,2.312729000914594E-5,0.003584283483433289,0.5081912955073445,0.03256799715264366,9.540597069349898E-4,9.180264186625786E-5,1.72403066306674E-4,0.005565838844389835,0.7902535754897061,0.004405942453742309,0.9724520533808925,0.3996170537690649,0.746290935405819,4.808736809741483E-4,26.59571600249269,5.697791148889793E-4,0.0012497089597397286,0.0024472136045575114,12.089842262265382,0.38034546039109934,0.37404516653784453,0.0011185987676244806,12.499867212855019,1.6620947551017435,0.43207924086208244,0.33144677071711376,0.0026141720258188506,5.73440643863179,0.0,0.0,13.228264908165652,0.012843075639331354,0.005728127833165186,0.13692865377337476,0.456512788942931,5.409193305808673E-4,0.002033705904825485,0.0011045424594288726,0.02600052512508782,259.5238429891552,0.002007691831692113,3.754145031118115E-4,12.089842262265382,0.00606625136138268,0.001779678668356281,0.0,0.3357104079281566,0.5469228206896701,8.885222461776048E-4,11.556739931518207,0.007852501621503962,0.9644006361501443,0.9701757699694293,0.8588675495075692,0.0,1.0000000000000002,4.808397064547144E-4,0.0012413927051170676,2.8733299818207774E-4,0.5386418548137517,0.033809389857760726,6.778231727390417,2.312729000914594E-5,30.729395600391182,1.9553035631581994E-4,0.43207924086208244,116.43789992610198,0.001752361734055061,15.954466585571716,30.943321047475553,0.8800221000713441,0.7229563237674953,2.0195170991757068,5.73440643863179,0.03228349624539971,0.0016608371458894874,0.0,0.02617812102833653,19.462026841467363,1.408450704225352,4.325955734406438,57,0.03303958848017183,0.9861856540155735,16.567540263739023,1.123542999108898,4.278955223071204E-4,15.954466585571716,0.026133925969674624,0.34810942643025516,0.9724520533808925,6.529946236832929E-4,16.567540263739023,0.010670630911481356,5.430885628467747E-4,0.0,0.0,2.9175050301810863,1.408450704225352,0.19505748924900776,4.764726389800966E-4,0.001522367518906297,46.51567038465201,0.004028539545296836,1.9156620695974105,0.029808886948830177,0.003863653546804782,0.9301650774015877,0.2130507866667855,8.352214827203737,0.7229563237674953,0.1432894943776702,0.5203760301767028,3.139998706275039,6.12744201128783E-4,0.004495066603682415,46.51567038465201,5.611356103699924E-4,4.557704242850926E-4,12.64616881612515,15.364697800195595,0.011639945225595125,5.203591476579081,5.465748385354215E-4,129.7619214945777,0.020712827259157487,-1.2304780409370086,0.6798249760674937,3.432770909468579,0.8647207611390588,0.04016534025028392,0.800854042777859,0.4727098312934115,0.004704826693531858,0.002454069206379888,3.7417304395781525E-4,0.09898152970570682,0.6302584142985997,9.312307791239519,1.2412131951689345,9.354396382394172E-4,2.9262302609065063E-4,12.64616881612515,Lopen
