t_freq_m_0.75,z_dwt_norm_-10,xy_e_freq_m_1.25,z_dwt_norm_-11,xy_e_freq_e_3.00,z_dwt_ar_-7,z_dwt_ar_-6,z_freq_e_4.25,z_dwt_ar_-9,t_freq_e_0.75,z_dwt_ar_-8,z_dwt_ar_-3,z_dwt_ar_-2,z_dwt_ar_-5,z_dwt_ar_-4,xy_e_freq_m_0.75,t_freq_e_4.75,t_freq_e_3.75,z_dwt_ar_-0,z_freq_m_2.50,z_dwt_ar_-1,t_freq_m_0.00,z_freq_e_3.75,z_freq_m_1.00,t_freq_e_1.75,t_freq_e_4.00,xy_e_freq_e_3.75,z_e_stddev,z_freq_m_4.50,xy_e_freq_e_1.50,xy_e_stddev,xy_e_freq_m_4.75,z_freq_m_3.75,t_freq_m_2.50,xy_e_freq_p3,z_peak_stddev,xy_e_freq_p4,z_freq_e_1.25,mcr_t,xy_e_freq_p1,z_peak_mean,xy_e_freq_p2,z_freq_e_0.25,z_freq_e_1.00,mcr_z,t_freq_m_1.25,zcr_z,t_freq_m_4.25,z_freq_e_2.25,xy_e_freq_m_1.50,t_freq_e_0.00,xy_e_freq_m_3.50,t_freq_m_3.25,xy_e_freq_m_2.50,z_freq_e_2.75,z_freq_e_1.50,t_freq_m_0.50,xy_e_freq_e_2.25,z_freq_m_4.00,xy_e_freq_m_0.50,t_freq_e_4.50,z_freq_e_3.50,t_freq_e_0.50,z_freq_m_0.25,t_freq_e_3.50,z_e_mean,z_freq_m_4.75,t_freq_e_2.50,t_freq_m_1.50,t_freq_e_1.00,xy_e_freq_e_1.75,xy_e_freq_e_4.75,xy_e_freq_m_2.25,z_freq_m_3.50,corr_z_e_xy_e,xy_e_freq_m_4.50,z_dwt_avg_-5,z_dwt_avg_-6,z_freq_p4,z_dwt_avg_-7,z_freq_p3,z_dwt_avg_-8,z_freq_p2,z_dwt_avg_-9,z_freq_p1,xy_e_freq_m_1.75,xy_e_freq_e_0.50,z_dwt_avg_-0,z_dwt_avg_-1,corr_z_xy_e,z_dwt_avg_-2,z_peak_d_mean,z_dwt_avg_-3,z_dwt_avg_-4,t_freq_m_3.00,z_freq_m_1.75,z_freq_e_2.00,z_dwt_norm_-8,z_dwt_norm_-7,z_dwt_norm_-6,z_dwt_norm_-5,t_freq_m_2.25,z_dwt_norm_-9,z_dwt_norm_-0,z_freq_e_1.75,z_dwt_norm_-4,t_freq_m_3.75,z_dwt_norm_-3,xy_e_freq_e_4.00,z_dwt_norm_-2,z_dwt_norm_-1,xy_e_freq_e_0.00,z_mean,t_freq_e_3.25,t_freq_m_4.50,xy_e_freq_e_3.50,xy_e_freq_m_0.25,xy_e_freq_e_2.00,z_freq_e_2.50,xy_e_freq_m_4.25,t_freq_m_1.75,xy_e_freq_m_3.25,xy_e_freq_e_1.00,z_freq_m_0.00,z_freq_m_2.25,xy_e_freq_e_0.75,z_freq_m_3.25,z_freq_e_3.25,z_freq_e_4.50,xy_e_freq_e_2.75,z_freq_m_0.75,t_freq_e_2.00,z_freq_m_4.25,z_freq_m_1.50,xy_e_freq_m_1.00,t_freq_e_2.75,z_freq_e_0.75,t_freq_e_1.25,z_dwt_ar_-10,z_dwt_ar_-11,t_mean,t_stddev,t_freq_e_1.50,t_freq_m_2.00,xy_e_mean,xy_e_freq_e_3.25,z_peak_d_stddev,t_freq_m_3.50,z_kurt,xy_e_freq_e_4.25,z_freq_m_1.25,t_freq_m_1.00,t_freq_p1,t_freq_p3,t_freq_p2,xy_e_freq_e_1.25,t_freq_e_3.00,t_freq_m_4.75,xy_e_freq_e_4.50,angle_mean,z_freq_e_4.00,xy_e_freq_m_3.00,xy_e_freq_m_4.00,xy_e_freq_e_0.25,t_freq_m_0.25,t_freq_e_4.25,xy_e_freq_m_0.00,z_dwt_avg_-11,z_dwt_avg_-10,z_freq_e_0.00,z_freq_m_2.00,t_freq_m_4.00,angle_stddev,z_freq_e_4.75,xy_e_freq_e_2.50,t_freq_e_2.25,z_freq_m_2.75,z_freq_e_3.00,t_freq_p4,xy_e_freq_m_2.00,xy_e_freq_m_3.75,z_freq_e_0.50,xy_e_freq_m_2.75,t_freq_e_0.25,t_freq_m_2.75,z_freq_m_0.50,z_freq_m_3.00,z_stddev,label
0.021931677231114412,0.0,5.081739297627582E-4,0.0,0.028165540516024462,1.0,0.9974867800464948,2.7578337255643164E-5,0.0,0.011260600442851057,0.0,0.9187666221061124,0.7679382350005536,0.9879053054016972,0.9509806235127732,2.757487471958795E-4,1.5482371325901032E-4,0.0010075067368761237,0.4328354311303106,0.014466847134942678,0.5712403799035363,0.22617981022406147,0.0010048133717005996,0.015113090231165619,0.0068710691566543506,7.025218602856655E-4,0.013325570643007472,0.023361037051162586,7.106360965369773E-4,0.08331004240702948,8.168898781099956E-4,2.3775694056894198E-4,0.005113749141921627,0.016694842007727077,4.838709677419355,0.2371460307890811,0.0,3.780710834219447E-4,6,1.6129032258064515,0.09071615224965603,2.620967741935484,0.119624931993764,0.006476974699035445,5,0.009131839208440223,5,0.003230687310839831,0.010494693306392574,5.081739297627582E-4,0.7841228931737632,9.601926034646894E-5,0.0058196994909219075,4.321254168748968E-4,0.008065654996009884,0.002672913845587421,0.04720045478450904,0.05847319143314798,0.004382156156082023,1.0163881716300862E-4,2.3698769392899307E-4,9.7700763370798E-4,0.03130991348826773,0.06421072379204633,5.636066879029769E-4,0.01885131616866252,6.0318690282374E-4,0.005403760343393873,0.014195652052194033,0.010288568703931725,0.032619999693189725,0.016002641876091028,4.321254168748968E-4,0.005113749141921627,0.055558349653027556,2.3775694056894198E-4,0.007255477445201412,0.002604731724158712,0.0,9.228307512556843E-4,0.0,0.0,2.217741935483871,0.0,0.6048387096774194,2.727804943784728E-4,0.004369920817771181,1.0673948089683662,0.6035864668307978,-0.18514591838750172,-0.06288650019782066,2.276000256,0.039429229868056005,0.04051944903288323,0.010704565198519887,0.01905611436025439,0.020876397090814264,0.0,0.0025132199535052332,0.009581474644797574,0.03692468188892395,0.016694842007727077,0.0,0.4328354311303106,0.017483940386778696,0.03221400140666088,0.005812923553737155,0.15082838710555882,0.01861078857475047,0.19669785509701726,0.13840494877322565,0.42396023484501055,7.512263195585221E-4,6.78223270214856E-4,0.003230687310839831,0.002800758765715215,2.056536276087989E-4,0.025691960209502762,0.008766576173714897,1.8697928068920898E-4,0.014195652052194033,1.227752450348455E-4,0.03469817544030765,0.16961530645816789,0.016735592743457903,0.027029690291677903,0.007086746882378772,0.0014932298892681418,1.863251615130764E-5,0.038865403015774846,0.03531646816220485,0.007590009656918021,8.837306928466715E-4,0.011040339811169114,2.757487471958795E-4,0.004091945147096342,0.03290561122923363,0.0020604956077422566,0.0,0.0,0.11308990511203079,0.08189217344841314,0.0036110235990887557,0.016009015904331146,6.172968962385461E-4,0.006084140901882912,0.0,0.005013671930845771,-0.47357894113816723,0.014532783420798322,0.0038574743158306976,0.021931677231114412,0.6048387096774194,0.0,2.620967741935484,0.07493041620755894,0.0027912116463166122,0.002759968397777319,0.02291298659320133,7.081770251690978E-4,4.607572436430419E-4,2.3990398305753481E-4,2.2628048239365262E-4,0.0123748403269187,0.08318416650504315,1.6196433057471502E-4,0.0012345937924770922,0.0,0.0,0.7054359844217817,0.01905611436025439,0.005812923553737155,0.00159414317147252,1.8607749314456766E-5,0.0612409140206393,0.007022517950447381,0.01412436205070208,0.00486439064924563,0.0,2.1620851838792987E-4,2.2628048239365262E-4,0.057953233383178704,2.4041090912001675E-4,0.12007035679048637,0.011531023710204454,0.03814601416204031,0.009864219254768497,0.1375756906615037,LiftAU
0.03480402014375677,0.0,0.0057140081043913,0.0,0.04253077443752468,1.0,0.997509227247839,3.5356394557324575E-5,0.0,0.010388856709187363,0.0,0.9104998538854459,0.822515659884782,0.988183805668122,0.9477326647416225,0.009684554613018788,8.781380156068993E-4,0.006280494943941469,0.33034519959973657,0.02338089957513953,0.4319466267313712,0.3860587836824001,0.0017562585619354852,0.018291172282100348,0.0035862714126392438,0.0038169731751407456,0.035376677529706864,0.022969567750941226,8.235131119236441E-4,0.009750174809402252,0.024936371413364248,0.002481715842133145,0.008040351867048665,0.04258141363105346,4.444444444444445,0.13927487997777235,0.0,0.003578820698291304,18,0.6666666666666666,0.1126086940632679,2.6666666666666665,0.06386652381907944,0.005850327670121757,8,0.009950284661394674,10,0.015572062122343784,0.010599643934673136,0.0057140081043913,0.8891007039667321,0.007698524438808795,0.02408877692618469,0.011431698435892488,0.022769110570893786,0.007952791422942874,0.03480402014375677,0.03912766739727313,0.005880250526029962,0.011238978576457353,8.228805976270988E-4,0.007951231490384871,0.010745672803462577,0.06105266558602672,0.00721245128184427,0.025162392997479414,6.376953168889697E-4,0.012826640296627084,0.009942897096211321,0.003968636231243623,0.010704353600548345,0.0029576091417626784,0.011431698435892488,0.0200919850598852,0.18366714703825215,0.003569678788028083,0.00689898722146282,0.0025229163518951684,0.0,8.970067743056739E-4,0.0,0.0,3.111111111111111,0.0,0.8888888888888888,0.005112884247909702,0.059091706018060075,1.117725627092876,0.6198707055137842,0.12523517734761044,0.354671190700237,1.077718099,9.158759532709795E-4,0.0661711809672771,0.017245004596127468,0.016360132883078735,0.012958583427737985,0.0,0.0024907727521611125,0.00932542157971687,0.040451140926499506,0.04258141363105346,0.0,0.33034519959973657,0.008084925879179323,0.03723281085617665,0.02587078486786994,0.08798419400066383,0.0323939697127281,0.3905690331534109,0.10160142713163461,0.4391934208464467,0.007799891621182952,0.004760260382228219,0.009620588850397887,0.029173573391034827,0.012485308709573985,0.013762677461203262,0.01046296426387218,0.006939543623159139,0.02286950845900784,0.007549461154210584,0.0263317279399732,0.20430789451147102,0.023552431466235348,0.04878833055733979,0.0228313703814151,0.015703639267204143,1.8417853794673504E-5,0.033036635905528286,0.026040054513963597,0.003773241590015573,0.0011850533872945312,0.016360132883078735,0.009377448901631436,0.004077577781993499,0.017192445121119792,0.001142094449374965,0.0,0.0,0.19302939184120008,0.08320825816461846,8.707029063176492E-4,0.02286950845900784,0.01899079572510819,0.028563363404030078,0.4331344812871354,0.02587078486786994,-1.2275028126442866,0.016349803367943994,0.014169440897817806,0.024260323348417975,0.8888888888888888,3.7777777777777777,2.6666666666666665,0.011488905232000097,0.003127493629545399,0.010105896806726045,0.004725134818556522,0.0019254855857160358,6.825423975410275E-4,0.01007097758169021,0.007406491663477737,0.075761650260804,0.05261777033430702,0.001933866098942204,0.037981591450216394,0.0,0.0,0.7760909411134697,0.023552431466235348,0.01901736559395761,9.795770552812409E-4,1.1687510763548496E-5,0.040891844168133164,0.010952637310800695,0.028186093624470002,0.022337963201596228,0.0,0.005112884247909702,0.007698524438808795,0.012095825400841656,0.01007097758169021,0.01973440641672961,0.020225121444310056,0.026040054513963597,0.028186093624470002,0.15878795672272508,LiftAU
0.0,0.0,0.013882821700210027,0.0,0.0313453029725533,1.0000000000000002,0.9978623120162624,1.9467649482702334E-4,0.0,0.0,0.0,0.9150654593429451,0.8539810467266188,0.9899359099199327,0.976269463092765,0.0,0.0,0.0,0.022091855424389305,0.0,0.755053599897763,0.48910513505857733,0.0,0.02538171041166589,0.0,0.0018063659945489721,0.0,0.04818084785450986,0.0,0.0,0.026570810408905465,0.0,0.0,0.0,4.666666666666667,0.3515819879856707,0.0,0.003972078157394375,8,1.3333333333333333,0.08956367942552831,3.3333333333333335,0.4812376776634213,0.004894190194298265,1,0.04447923827688886,1,0.02059864324756561,0.009434367500850287,0.0,0.9046590804792285,0.0,0.034699067473076654,0.0,0.0,0.0,0.0,0.041032962848845514,0.02256618899816253,0.0,0.0,0.0,0.0,0.3041062390027637,0.0,0.04977964485514205,0.0,0.0,0.0,0.009317990400542646,0.0,0.0,0.011364401710307217,0.0,0.010589850230698594,0.0,0.012035992027359534,0.0040324267648547485,0.0,0.0014123722977348152,4.0,0.0,2.6666666666666665,0.0,1.3333333333333333,0.0,0.0,0.3969621225662603,2.286512747476001,0.04161069653354862,0.1511641454465381,1.512237549,0.08479035919419105,-0.030665372922201783,0.034699067473076654,0.0,9.594699231331377E-4,0.0,0.002137687983737691,0.007926402096329567,0.013666446827167781,0.005016972298289844,0.0,0.022091855424389305,0.0,0.061204003749819956,0.0,0.06108441261632624,0.02333913118891746,0.09892744682885586,0.7329617444733737,0.5357948459282806,0.013886401978161747,0.004925338878597492,0.0,0.0,0.017600645044473402,0.04342618962639204,0.0,0.011106204630770906,0.0,0.009356557156759801,0.06743920006718299,0.3041062390027637,0.040892043563557585,0.0,0.035268188254607556,0.009969219614389768,0.0,0.0,0.0,1.5687919178577182E-4,0.005363080655460461,0.0,0.013882821700210027,0.0,0.0,0.007623414015530672,0.0,0.0,0.24455256752928856,0.10596529991730154,0.0,0.004731063864742205,0.021180100584678473,0.04140199084644077,0.0,0.0,-1.1311498505061424,0.038814632907679364,0.02538171041166589,0.04447923827688886,1.3333333333333333,0.0,3.3333333333333335,0.06476755529049728,0.008688682692941891,0.0,0.0,0.0026496100974386302,0.0027661372693334927,0.009356557156759801,0.008309842966354302,0.1126381883232107,0.12427823588169172,0.002673479379374176,0.042360201169356924,0.0,0.0,0.4794605872629783,0.012757870123358538,0.016851267722306988,0.0019421838655911724,0.0,0.0,1.794965512733372E-4,0.0,0.007111595919374129,0.0,0.011364401710307217,0.0,0.0,0.0,0.05996927241617659,0.0,0.0,0.035268188254607556,0.22342696814816732,LiftAU
0.054804006569296924,0.0,0.005986580480601618,0.0,0.006791448774506576,1.0,0.9993436269093744,1.4298371268625651E-5,0.0,0.030461911371214026,0.0,0.9403448377362792,0.8837996753764726,0.9967710278357673,0.9878334230321912,0.008819625011780977,0.001324390538093611,0.002262051498834295,0.5004250343161195,0.005268184468044504,0.5328294328282721,0.2848515131564932,0.0011134082546875332,0.013241237520005451,0.002874119952487898,0.0018273417953697858,0.024471377289160174,0.02310749198252028,4.7343793471683513E-4,0.03853715970802486,0.018258552649477518,0.0037412684759504443,0.0067325990127520855,0.009003650999024452,4.424778761061947,0.18847057992205174,5.530973451327434,0.004463079952592703,6,0.6637168141592921,0.05139158280504799,1.5486725663716814,0.08650633176447887,0.00682950985469533,4,0.01626337145955177,4,0.011020166611964364,0.002037429737505964,0.005114216261914558,0.7959008479610272,0.0033287203889286352,0.004410636274726711,0.0016539569868175919,0.0018648045343236646,0.0034207538510477972,0.06028794770907234,0.0038249113243065814,0.001197298434106953,0.009571922850189511,0.0015405549743396933,0.0013927942293181807,0.060943595469013664,0.05275555240514736,0.0016067544746549939,0.021003468162397454,3.628873076133396E-4,0.0011505636825465803,0.01626337145955177,0.004320163070951559,0.02369219982784187,0.019317858110896438,0.0016539569868175919,0.0067325990127520855,-0.188278784871838,0.0037412684759504443,0.0031560991361062668,0.0011370686213410509,0.0,4.0347793064825894E-4,0.0,0.0,0.0,0.0,0.6637168141592921,0.003947858261928086,0.12991369837221453,1.1435150297218086,0.29098750819363595,-0.14780043285079558,-0.2117407514054401,1.2872161865,0.0447475245633012,0.026900570536946278,0.004410636274726711,0.010063257245359442,0.001736931919143575,0.0,6.56373090625542E-4,0.002572599073607001,0.008937604803576148,0.009003650999024452,0.0,0.5004250343161195,0.0027958769555859854,0.04748858529591209,0.011278200534439684,0.05654516235980656,0.021370799644372076,0.35097024254820053,0.03240439851215263,0.281521450234016,0.0017858371283292563,2.3568580420177754E-4,0.009378768564711395,0.020180449721160905,0.009668767724033744,0.006939790516685756,0.0010267975446156517,0.003873910204290982,0.013597352382771351,0.0026953620951800056,0.07053610731113139,0.19128486814393672,0.008699496635982053,0.10270376999406522,0.0038318295238031347,4.199366576919855E-4,7.503294153654018E-6,0.004111330838861668,0.02358968560305794,8.993100774438897E-5,6.73744694006937E-4,0.010063257245359442,0.007492660022976748,4.137285807562904E-4,0.014866555152158071,0.003861077456122113,0.0,0.0,0.1424257565782464,0.08427009194809919,0.00524221600319837,0.0025610182323663674,0.00635165403339002,0.01019667745565421,0.12690719547254034,0.011278200534439684,-0.8037831058881437,0.021563895009781744,0.013241237520005451,0.017734201593690838,0.6637168141592921,0.0,0.0,0.04754167403987042,1.860195935509904E-4,0.00893529354420996,0.020789285895857046,8.426060321586365E-4,3.980020391408705E-5,0.0024559097928848798,0.003873910204290982,0.14195302444474805,0.07357123796446138,0.0019225208943979822,0.012703308066780031,0.0,0.0,0.7996481255946349,0.008699496635982053,0.011020166611964364,7.54781894675789E-4,4.577506134962146E-6,0.004043091486844623,7.739684000797606E-4,0.0077898231250196825,0.0013898916117125264,0.0,0.002607177955896487,0.0035861326459659055,0.07042159301033588,0.0016806420930360016,0.08306255747141496,0.006652540561663321,0.05275555240514736,0.0077898231250196825,0.1452364056332001,LiftAU
0.031068115072442677,0.0,0.0026620989138841705,0.0,0.05084673753817852,1.0,0.9993860871855159,3.840842609132905E-5,0.0,0.011816639278864336,0.0,0.9697301975772814,0.8843949041875935,0.9970092042173015,0.9905777336235299,0.0040784214898065664,5.043774981682064E-4,0.0017791792598912733,0.5609145321548538,0.00438298933331794,0.5686501123898872,0.2647585674847314,0.0032465907192191076,0.009466053012068175,0.0025001944243724446,9.757995383248668E-4,0.033120326875632114,0.0222787629810093,7.692314059268966E-4,0.04735167106118482,0.010091218230461179,0.0019511006521740434,0.012027322047733793,0.015551442702657283,3.110047846889952,0.19174399959782368,4.0669856459330145,0.0031888950132649392,9,0.9569377990430622,0.1490809991576987,1.9138755980861244,0.08415630235253505,0.003630432934261189,6,0.009572302632904773,4,0.007631186813125284,0.0019630005808772264,0.003319948742361899,0.8373605471878993,0.0022504540446052906,0.014912334417103733,0.002912547739182849,0.001285403460511759,0.001367032023953673,0.031068115072442677,0.04277512366179748,0.0018778412840580792,0.0040784214898065664,4.320912878731407E-4,0.005318721136896371,0.013875397660829894,0.058680476809182126,0.003745411354395631,0.020386682188797703,5.978952556524273E-4,0.0031385094059379584,0.009572302632904773,0.002003613193406338,0.0514807655746013,0.01537108297107424,0.002912547739182849,0.012027322047733793,-0.13921116092387137,0.00143930953512858,-3.3179571870781046E-4,-6.656938389863499E-5,0.0,-2.00586690176473E-5,0.0,0.0,3.827751196172249,0.0,0.7177033492822966,0.003319948742361899,0.07789609268214268,1.1526026737014496,-0.13535606624724628,-0.19756847904837035,-0.09916658020462432,2.799621632,0.01865184702823611,-0.008953911577647236,0.008946240378033068,0.003490308806164356,0.0020258955045050083,0.0,6.139128144840354E-4,0.002376882968214342,0.00643147059377162,0.015551442702657283,0.0,0.5609145321548538,4.082568722091686E-4,0.02084753604624841,0.01161300342968175,0.08533529338968805,0.042681362602836094,0.31574479179770626,0.007735580235033462,0.21895770926030703,0.011556468634190985,0.0031705917979900616,0.004739609306080021,0.022754826279334353,0.0036271884304126495,0.04325347522156736,6.249026074032378E-4,0.002700759320801738,0.01404665993139005,0.0030584346919702208,0.03754941525007998,0.1894783687146452,0.00896018046126198,0.06913056586311052,0.009904729066742057,0.0022751472371994276,2.079627787291289E-5,0.046118069427531584,0.010920026183466774,0.0031693232250745327,0.0010776560442418719,0.007479520255931212,0.003131177301095487,0.001417446758692916,0.004279844401380958,0.0012673906722912656,0.0,0.0,0.13237928374236566,0.08076101685978143,0.0013922156298659082,0.01404665993139005,0.003628727042324865,0.03770222548999866,0.0,0.014912334417103733,-0.8023240441126176,0.02433505819434703,0.009466053012068175,0.012722040732009124,0.9569377990430622,3.588516746411483,2.6315789473684212,0.030443589222284028,0.001653655076014975,0.005418357516714714,0.010679091681776364,0.007622055912259223,1.0270302100031966E-4,0.0031767019745591396,0.0030047712748402424,0.05564071271977624,0.09842162678290088,8.460725988418367E-4,0.007257454084649731,0.0,0.0,0.8070090560391491,0.00896018046126198,0.007631186813125284,0.01048874939243903,1.3033738226636072E-5,0.041912098422439634,0.0036362810432916367,0.006281602470359421,9.902695314497052E-4,0.0,0.0029437852572022755,0.0030047712748402424,0.0780553081219931,0.0031767019745591396,0.10531526310797351,0.008814271919121918,0.058680476809182126,0.006281602470359421,0.14265518230992272,LiftAU
0.039615693971439526,0.0,6.276476591808037E-4,0.0,0.01205822690254753,1.0,0.9988583555062993,1.0039416000904214E-5,0.0,0.017474071296121153,0.0,0.9337557692271994,0.9037587084182978,0.9945156891151675,0.9799096395106817,0.001027947509921042,5.155026720020858E-5,6.690414937247944E-4,0.5336021086379719,0.009036840594848872,0.5859755214761504,0.2623749227369531,0.0017718867805627129,0.013170014759426814,0.0023125326476482536,4.651026918081924E-4,0.02500330676318601,0.02326175816266907,5.582431513443209E-4,0.036757422120416196,0.0021495134870101657,2.4360189884923276E-4,0.009109117962014534,0.007808169673065095,2.8846153846153846,0.23387099370733164,3.8461538461538463,0.0027526045302635376,8,0.9615384615384616,0.09957394444645955,1.9230769230769231,0.06569268344762587,0.005442569322505009,4,0.005095242153258563,3,0.00320370670763993,0.0017131613805269705,7.681928859448534E-4,0.8497559698038544,7.879662235210799E-4,0.012463670261110648,7.351379171694082E-4,0.0033147488310503116,0.002525528481932232,0.039615693971439526,0.02839347216228623,4.323176621509437E-4,0.001027947509921042,7.89881042820976E-5,0.004332226378644373,0.01856099651996558,0.05426773521759678,7.599330764524201E-4,0.021317687111523223,5.594777533579806E-4,0.0011372763825224664,0.006115546218311592,6.282059804814364E-4,0.031170781777525067,0.003928081016202176,7.351379171694082E-4,0.010962771743621568,-0.19067376728131027,4.652242850180021E-4,0.003932099369063115,0.0014018011743174364,0.0,4.966336089963533E-4,0.0,0.0,0.0,0.0,0.7211538461538461,7.681928859448534E-4,0.042824358409184894,1.1349628467038064,0.3555726217707123,0.1931455783926216,-0.17686685681626518,1.551025408,0.002207183125200289,0.021771048420352553,0.012463670261110648,0.010806477534977535,0.003743868977447345,0.0,0.0011416444937008131,0.004342666391131706,0.014606049604485843,0.0065860513687516905,0.0,0.5336021086379719,0.004007055021093765,0.04615387028348228,0.005692873873356834,0.02999706080890164,0.00591642983510249,0.3177831869421473,0.052373412838178604,0.5195953368568128,0.006148733514109552,0.0021372635459211446,0.0022028934255303367,0.02532198527384601,0.0012175735407452108,0.017335169787874142,0.0022009967368703575,4.652242850180021E-4,0.01322013125536312,3.592185862796386E-4,0.02414303444402882,0.1958600657975867,0.007667307365320415,0.0590354711505103,0.010962771743621568,0.002856475046325303,1.2699351837759354E-5,0.024305904989262744,0.013170014759426814,0.0023477275336591654,5.328195724907834E-4,0.008433838333056283,7.237465063877952E-4,0.001205290512921047,0.0072449504833053836,5.425594186916009E-4,0.0,0.0,0.13118746136847667,0.07655981951280245,6.905975177813162E-4,0.01322013125536312,0.0017256890362506048,0.0069499293674775975,0.0,0.006383415545665833,-0.8296033261503961,0.012189495811319296,0.009043134906741392,0.00581544925508845,0.9615384615384616,0.0,2.1634615384615383,0.019292128563027554,0.0022339220025645113,0.0015473569166335529,0.009795890561673787,0.003338943411933128,6.460053137482372E-6,4.4020710528659327E-4,3.3151313131481744E-4,0.05872950646679775,0.09405195786774903,1.6475963577419991E-4,0.0034513780725012096,0.0,0.0,0.8241454902706944,0.010806477534977535,0.005692873873356834,0.0019043291996160984,1.3320289141145691E-5,0.03725406774091867,9.155998590308055E-4,0.009036840594848872,0.0018669653183251166,0.0,4.943452598851196E-4,7.879662235210799E-4,0.06634626988270997,6.759661440091741E-4,0.09786861170959521,0.007808169673065095,0.05426773521759678,0.008589506192127274,0.14622818312917468,LiftAU
0.106170301547757,0.0,7.156346484119375E-4,0.0,0.011472207711412661,0.9999999999999997,0.9992879758036429,3.485487103929906E-7,0.0,0.06020375796497998,0.0,0.9515431804756284,0.8288525663365854,0.9965014288483268,0.9845233913695995,3.9728182525840104E-4,1.513574877756964E-4,4.220856113640675E-5,0.015616447067700467,0.004312566860858632,0.6846132671656711,0.3906389009975862,3.3681897112040394E-4,0.0342750054809565,0.001115364701239068,1.106840109342872E-4,0.003284013705362169,0.05509871870838341,1.6386204493891104E-4,0.01779438262850408,0.0017247049593312103,3.6211364629936625E-4,0.007263296190615283,0.01937871807031211,0.0,0.17352540683557277,0.0,0.010771585733269019,6,2.0,0.25743951629318346,3.5,0.4783662864806864,0.009840414800093913,4,0.01744667858835483,4,0.0038054366710385213,0.0014514853439977558,7.156346484119375E-4,0.7772718155395142,0.0010495924942139367,0.018529091486197944,5.628252691785857E-4,8.433170115821948E-4,0.006552292871935279,0.106170301547757,0.016732473689365288,0.0038488681378767544,9.676848922499944E-4,5.465514280129326E-5,2.9046170738020915E-4,0.071150911117914,0.2304790882052907,0.0016413150063308796,0.05015281028769198,1.559732985229251E-4,0.002357986576953955,0.01744667858835483,0.007379930391583931,0.01919094823545249,0.007894264244485997,5.628252691785857E-4,0.007263296190615283,0.14663759104185253,3.6211364629936625E-4,0.006375253367323088,0.002285922385379421,0.0,8.104091081598027E-4,3.25,0.0,2.25,0.0,1.25,7.44278436619247E-4,0.036544263374273946,0.3789463752784019,2.480268326434655,0.33353264229027785,-0.06204250384447357,1.421020508,-0.005803936980039698,0.020168739405989573,0.012368657491223532,0.018120254233086074,0.001620758042593134,0.0,7.120241963567319E-4,0.002786546955316158,0.011978037478727312,0.016051994269087853,0.0,0.015616447067700467,0.0018764760912971818,0.032980210893971316,0.0029464456587628015,0.12269061413904295,0.009749276208175686,0.14423929917091433,0.6689968200979707,0.6499521888406696,0.0077826146718952575,0.0023716247228341273,0.003337617222696824,0.03757089084230235,9.676848922499944E-4,0.02465344585331747,1.6318582834267903E-4,4.657602078432526E-4,0.01232769689401773,0.0010495924942139367,0.007443861360346682,0.2304790882052907,0.016644639164394348,0.008031436225461408,0.012425457916245115,7.970990998927533E-4,2.551140861475063E-7,0.013443278958162828,0.028272066079320847,0.0019574606683139557,2.0753696260689524E-4,0.03140241919858641,3.7448506244910793E-4,0.0018429876118160912,0.004952551824950256,0.0024946408167842733,0.0,0.0,0.195319450498793,0.11945449430628502,0.0018436782280475288,0.016051994269087853,0.0021949067843789263,0.043549384766585555,0.0,0.018529091486197944,-0.8444959311629958,0.008404481727500017,0.0342750054809565,0.03642434942697494,0.75,0.0,3.5,0.021787089036723575,7.795261918156645E-4,0.004531551327696205,0.005538832998797896,0.0012683348303985564,7.405840546488479E-5,4.4984134174344846E-4,4.657602078432526E-4,0.037654982367072785,0.10030580287662605,7.062328303573025E-5,0.004389813568757855,0.0,0.0,0.26600310823614515,0.016644639164394348,0.0038054366710385213,0.0012366808546069973,2.42243947152396E-7,0.019308297226027542,0.001794752700652543,0.012271088053849718,0.0015202212739087078,0.0,7.44278436619247E-4,2.7384401672202527E-4,0.2145390323705966,5.112505531508279E-4,0.06536471927553673,0.01937871807031211,0.20698902358412372,0.012425457916245115,0.22437459972458693,LiftAU
0.048605885465740434,0.0,5.725745372182247E-4,0.0,0.024614564082733475,1.0,0.9994607655847415,2.154324899752149E-6,0.0,0.014184433559456101,0.0,0.9589691155969147,0.8461149204326022,0.9973275601626076,0.9889699867122376,6.279855276438804E-4,2.2999962207771503E-5,2.2653528116598927E-4,0.025640017711069288,0.006076235611684453,0.6125427073855788,0.3503846916740459,1.7514320693328144E-5,0.009624348878176843,0.0012570106109244619,1.1362447202968493E-4,0.00670618268345742,0.05458880513204409,3.2956957479269314E-4,0.02513372766085604,0.0016822481559798591,1.7274783127441153E-4,0.0010273348084047342,0.005853035093059556,0.0,0.0,0.0,2.3705156233439056E-4,4,1.7777777777777777,0.0,3.3333333333333335,0.2704473751500325,9.372049695849285E-4,1,0.010490984828510833,1,0.002824349509898292,1.621210423042872E-4,7.804245146536135E-4,0.8352733656426695,6.252580779130927E-4,0.005641043354853366,3.14997066357595E-4,3.1815551590228577E-4,0.001035017010362932,0.09607689385251046,0.00801245992146101,8.913725482867885E-4,6.518648969702072E-4,1.1628755303520098E-6,1.2191724527621007E-4,0.06766165046788689,0.17632044192698812,1.7324687469882604E-4,0.04486132690327409,2.8762083461801336E-4,2.735491241524752E-4,0.005022180372528413,0.0010384003367853807,0.040788081805751865,0.0015612828527896382,3.6424189907470635E-4,0.003747661332882238,0.33360345132098335,1.7274783127441153E-4,0.010247639190790515,0.003562148905076336,0.0,0.0012559175103666964,0.0,0.0,0.0,0.0,0.6666666666666666,7.804245146536135E-4,0.028308280959053356,0.49347766519903813,2.3609750127354205,0.4473931933152987,0.13176717069250382,0.0,0.0805132018139765,0.025067762832290987,0.009271123257550773,0.011058301026151926,5.689205238117659E-4,0.0,5.392344152584991E-4,0.002133205422133798,0.008357573450370111,0.008225926242190136,0.0,0.025640017711069288,0.001555357345606785,0.03000087111532289,0.005227173798465159,0.11285419516431262,0.005714444210890429,0.23357221304702339,0.5869026896745094,0.6858429987499809,3.562172513883906E-4,1.994985630985708E-4,4.0664822640794026E-4,0.015435986901671866,8.878944891814578E-4,0.024327818618477222,4.5933608997145603E-4,1.6460688487608503E-4,0.011734034971533067,7.87202763744211E-4,0.012983909719906936,0.23576681758569368,0.004468964629470516,0.015282458397313261,0.007427682786150549,5.588305819547141E-4,1.5448530195142792E-6,0.004859061674538827,0.013882052084520622,0.0015047227705198717,3.977605978922863E-4,0.011058301026151926,5.725745372182247E-4,7.015883321246201E-4,0.0023037695649529804,7.151343933481912E-4,0.0,0.0,0.175192345837023,0.1280317095532089,2.1999410631171182E-4,0.011734034971533067,0.0021502959270505847,0.03491954703873972,0.0,0.005227173798465159,-0.5283539864348348,0.0014957476487097447,0.004842716633774104,0.010490984828510833,0.6666666666666666,0.0,0.0,0.01541696995312999,6.87367384250165E-4,0.001976607967259398,0.0015906409554453198,8.206626829556841E-4,1.0270493704825194E-5,7.87202763744211E-4,3.700805181862562E-4,0.04192147332363434,0.09607689385251046,4.752074509297915E-5,0.004300591854101171,0.0,0.0,0.699798559722205,0.007171714779102603,0.0030997992995231405,8.315271656478318E-4,1.204901466900863E-6,0.005084362841458508,4.6852634891245414E-4,0.006076235611684453,4.6550074518153604E-4,0.0,6.877838905302232E-4,3.700805181862562E-4,0.020998194036734003,3.04470888685651E-4,0.07522966814883392,0.009271123257550773,0.04907214472038986,0.007427682786150549,0.21227687869121686,LiftAU
0.06922160673105286,0.0,0.0011062040966077662,0.0,0.00899707719049334,0.9999999999999999,0.9987124829479834,1.1618643188588835E-5,0.0,0.04708082697830287,0.0,0.9349260630596148,0.7509499426498772,0.9936833579078268,0.9752953282237143,0.0011266886476819734,6.0082693750838886E-5,2.3395375308795876E-4,0.05660868638174947,0.006570095493648419,0.6206921740115817,0.34913348255636967,4.053276664471381E-4,0.03184886951491882,0.005318972432288556,9.642311297731634E-5,0.01962957449078621,0.05393664685549304,8.240972367249993E-4,0.014894613105065686,0.002218407411197146,7.217076325003639E-4,0.008058424907493417,0.009784024914044837,5.05050505050505,0.08806086327265772,0.0,0.010174867621904,6,1.0101010101010102,0.31328799942218544,3.787878787878788,0.4409832787051652,0.01114330868786997,2,0.039625885395846334,4,0.0012144183055737225,0.0015819231003304018,5.176457876354318E-4,0.7319591575414761,6.270602351604747E-4,0.013190569575572379,3.3086499591575296E-4,4.1356483159180085E-4,0.009081186163725287,0.07400827166469655,0.0075301988839665155,0.0026933693523139342,9.213475610304743E-4,2.2884388487220552E-5,8.472013104570741E-4,0.055681702096570584,0.23907121157102312,0.0010889747840749405,0.04452796224334751,6.383809522827737E-4,7.020755773738536E-4,0.025934451314747264,0.029613042176865677,0.013470163253259598,0.026423501385088727,3.268038760835734E-4,0.009271237862049975,0.014447956347062498,5.338104036213887E-4,0.006402038242135099,0.002312803107418064,0.0,8.196580398921234E-4,0.0,0.0,3.282828282828283,0.0,0.7575757575757576,4.7930425631051877E-4,0.049454294910771704,0.6687524508666688,2.1110355237683156,0.04684448715026845,-0.27987883842071004,0.604217344,-0.09419824109017572,0.053474409598708916,0.01484591276150876,0.02862789071236829,0.003965222842922768,0.0,0.0012875170520165204,0.005029125040156594,0.018388029684112538,0.01224895176759067,0.0,0.05660868638174947,0.00702216169230101,0.040369265164099506,0.005180569508379618,0.18397612040973765,0.017889705184934372,0.13025776863829544,0.5640834876298323,0.4348818902255592,0.0049228923595427245,0.001261222379597401,0.0017257708655001901,0.022322473205772717,0.0012386286038100392,0.012541007098774487,2.797865402271906E-4,5.886559108442118E-4,0.022799053538790484,4.536638339864698E-4,0.09290660541538474,0.23907121157102312,0.016585783643119967,0.07893935077850474,0.018751682953085217,0.0024568202490974148,6.101136506139146E-6,0.009027014698870264,0.07457758165309476,0.003632097053867216,0.0011790873974454493,0.02862789071236829,0.0011266886476819734,0.0013781061046055114,0.03667525066235468,0.01216136417041642,0.0,0.0,0.1745667412781849,0.12540202561116306,0.006147507259438238,0.022799053538790484,0.0015918303787250758,0.011719151830593683,0.0,0.013190569575572379,-0.587658947601974,0.023531877247683172,0.03184886951491882,0.06237824448145065,0.7575757575757576,3.0303030303030303,2.0202020202020203,0.05558654644262406,0.001512875340467138,0.002846437023483083,0.017632311829482914,0.002403243343018065,4.8534841759349195E-5,3.643693124173067E-4,5.886559108442118E-4,0.07499291315908307,0.11442983585577579,1.4731975271601988E-5,0.0031836607574501513,0.0,0.0,0.3214437631201478,0.020764226914136458,0.004038266997622849,0.0011715755653298903,3.814632480865674E-6,0.007629729663300669,0.0013326272129354838,0.006570095493648419,0.002145423936347431,0.0,4.7930425631051877E-4,6.270602351604747E-4,0.15131084361517588,3.643693124173067E-4,0.100701372968145,0.01484591276150876,0.14624632259029732,0.018751682953085217,0.21149381697751374,LiftAU
0.0778213318278586,0.0,4.840007683359934E-4,0.0,0.03119933425909612,1.0000000000000002,0.9990154172339009,3.832667134167065E-6,0.0,0.050892805821823706,0.0,0.9336804437189125,0.820495081071152,0.9951519108969431,0.9818767465061019,3.734588464085629E-4,2.1148568832992667E-5,3.0162657025039794E-4,0.05092491242693363,0.012583448300011365,0.3693962538020522,0.31985638001543115,0.0013745760781392782,0.03881641856347159,0.006091069618548423,2.628272677619603E-4,0.022929468415109858,0.055453085135791065,3.834544453049317E-4,0.03468463957278938,9.258167548920324E-4,8.684189222182129E-5,0.011740905392947507,0.011376540380356239,4.222222222222222,0.09506202091630744,0.0,0.015754600135263103,6,1.3333333333333333,0.3144591591248656,2.6666666666666665,0.27012505739409937,0.017406549810124964,6,0.03497939259988848,6,0.0030990887088988023,0.001674991618561415,3.9248310345607064E-4,0.776877920215693,1.3528615956290562E-4,0.011792348963029874,4.500353592851922E-4,5.438677266503926E-4,0.013799674511161689,0.0778213318278586,0.041141082438644214,0.005461442640502321,3.734588464085629E-4,7.73962206080057E-5,0.0011655254401184648,0.06764243908247446,0.1532673550974975,9.775246853270568E-4,0.04193153370500865,2.832633970438294E-4,0.001178666481729569,0.023103678442507502,0.019910545020198508,0.040842716899000445,0.002197859398976051,4.500353592851922E-4,0.011740905392947507,-0.10996356878600055,1.002059186355484E-4,0.001830207484361402,7.276497583372401E-4,0.0,2.6317476400121887E-4,0.0,0.0,1.5555555555555556,0.0,0.6666666666666666,3.9248310345607064E-4,0.04013254561517697,0.6582953656241357,1.6462312093734566,-0.11496191565273003,0.07180272320876147,0.619384766,0.0984683542500148,-0.012408963594600739,0.009954913417524362,0.02246642026378574,0.004929301786278454,0.0,9.845827660993004E-4,0.003863506336957831,0.01327516439084111,0.008981567924982921,0.0,0.05092491242693363,0.00771967138388337,0.0481963027871894,0.005708956374466046,0.11318536264776047,0.022902853025419858,0.4510988272690997,0.31847134137511857,0.4829986733028893,0.002850984341445198,0.0015268646626670642,0.0030990887088988023,0.006776002054976691,3.277189776067897E-4,0.014657381346059727,0.001371616978273817,1.3207505615925097E-4,0.023103678442507502,1.3528615956290562E-4,0.05286620871155228,0.2121163554371281,0.012583448300011365,0.03496940256945472,0.007773050544290726,5.346528981107214E-4,1.8517957444175292E-6,0.034263965560155756,0.03881641856347159,0.0031861301978141476,5.686434634007668E-4,0.036110476151595766,4.840007683359934E-4,0.001035037396862935,0.018836972137068364,0.008688181640496275,0.0,0.0,0.1599281900077156,0.13118877818741054,0.004265950866471783,0.01573890497312552,7.794966852307024E-4,0.003910795026148886,0.0,0.011792348963029874,-0.2876995192111611,0.0051895694186490805,0.036110476151595766,0.04338296520583117,0.8888888888888888,0.0,1.7777777777777777,0.049830142791694176,8.40618621842096E-4,0.0015709498842508686,0.002669840711120393,0.0011559170928284056,2.54045339869048E-4,4.0351971983102717E-4,2.5663382708604265E-4,0.0340769350905914,0.06704239986148333,1.0877638395517072E-4,0.0015589933704614047,0.0,0.0,0.5582609345992364,0.02246642026378574,0.005708956374466046,0.0013727588615696476,1.0515734507363057E-6,0.04176058379249462,8.660801102108979E-4,0.007533356608074668,9.546925726975409E-4,0.0,1.9739774791595408E-4,2.5663382708604265E-4,0.08528653355413426,4.0351971983102717E-4,0.055248390566431736,0.011376540380356239,0.09829665856156686,0.007773050544290726,0.20520858572188894,LiftAU
0.030502893989577277,0.0,1.6157715890507108E-4,0.0,0.001633231291466962,1.0,0.9992806499602429,2.078818709018374E-6,0.0,0.009963321139403306,0.0,0.9550754704306641,0.8502124061744252,0.9964688154921857,0.985684537384029,1.9008514603372672E-4,1.5037984349403056E-5,2.0358314931302607E-4,0.40181873439976484,0.005817009549854041,0.5946534667696738,0.2621825590300862,5.554745210248859E-5,0.010704465291308167,0.0014439385009117614,9.67945509538178E-6,0.01408474661588245,0.024260393944637266,2.0296342768401238E-4,0.019541345147099473,4.8208466393887347E-4,1.7734820074695625E-4,0.0015905379163816365,0.004475380482342602,4.975124378109452,0.27642978704486776,0.0,0.002982415188198146,6,0.9950248756218906,0.06623298513571438,3.9800995024875623,0.054430563392084616,0.003692886327344708,2,0.008190014868371478,2,0.0010442653729346803,4.1620269228390344E-4,1.3706933810348865E-4,0.8448339327572104,1.5316583637113741E-4,0.006602377069172987,1.1608991765030333E-4,0.0015756736348385772,7.164148610067573E-4,0.030502893989577277,0.013326249149445484,5.10902030833578E-4,1.9008514603372672E-4,1.9128994836291973E-5,0.0011126136802660585,0.010077141502730634,0.052088031010492586,3.746763489252983E-4,0.02348310122644415,1.962269157878431E-4,3.1753735791602045E-4,0.010686390891821525,2.633965668722855E-4,0.02037995393947151,0.01766307787304469,1.1608991765030333E-4,0.007305508836503487,0.4834283064499449,1.7734820074695625E-4,0.007834855145072395,0.002822197894529358,0.0,0.0010002462739532793,0.0,0.0,0.0,0.0,0.746268656716418,1.427834072005041E-4,0.03734016055812588,1.05321881770374,0.729619023608094,-0.167230930211671,-0.07375001596573016,1.616241455,0.09363207721198621,0.03156646228705261,0.006602377069172987,0.006652175066887425,0.0011517225304932218,0.0,7.193500397571383E-4,0.0028118344680571317,0.010784278108156813,0.004475380482342602,0.0,0.40181873439976484,8.954196422969547E-4,0.030609066953364922,0.004397257023848579,0.10486306425623886,0.0059596389909144475,0.25555893940475144,0.19283473236990897,0.6113609675022172,0.005930915909633712,6.275768612674971E-4,0.0010442653729346803,0.024302071577686452,3.1919921415401737E-4,0.01695015582539733,8.187289390450625E-4,8.925493524345932E-5,0.010686390891821525,1.512631399732363E-4,0.030045522369881218,0.20901620415984548,0.0036896823285972207,0.035302991416214395,0.007305508836503487,0.0011933951621043114,1.5856177238803958E-6,0.003962577401702699,0.00842339155397351,3.2265153367400307E-4,2.514964812661682E-4,0.005937829671780216,1.7659277883399704E-4,2.656377022502984E-4,0.0022764729641168756,7.005556894723729E-4,0.0,0.0,0.13109127951504318,0.08274013749503561,0.0018900698367445643,0.004928305486524271,5.136933361558668E-4,0.01342498259155725,0.0,0.004397257023848579,-0.9527392718009642,0.00810723458714769,0.010704465291308167,0.005014849324611571,0.9950248756218906,0.0,1.9900497512437811,0.02354420800329805,6.114396327233854E-4,8.626462345913947E-4,0.020423876486677848,0.0010166344658553519,6.454150500444093E-6,5.2142482476519596E-5,8.925493524345932E-5,0.07182420980221911,0.11053339962517411,1.9072079555751672E-5,0.0010273866723117344,0.0,0.0,0.8727711597221004,0.006652175066887425,8.594764806388551E-4,6.827359594078502E-4,1.5320940893793483E-6,0.01082279887054964,2.7824328479689056E-4,0.006732597362169882,0.0010333190483262813,0.0,1.427834072005041E-4,1.5316583637113741E-4,0.05486581408236914,8.46199921770431E-5,0.12776337962195153,0.0038796095549890257,0.052088031010492586,0.006732597362169882,0.1535094951142489,LiftAU
0.04465562953230149,0.0,4.3350963460824025E-4,0.0,0.010292965030931299,0.9989430177898008,0.9948078044859086,6.405356017675205E-7,0.0,0.016869648952180474,1.0,0.7915004018852652,0.40801932946141667,0.978875020004069,0.9438944257176426,7.196903780107495E-4,4.856388330782319E-4,2.814928162770556E-4,3.8560921794243926E-5,0.007988839573722317,0.05288110699499096,0.2996829071493037,4.996807129942792E-4,0.02797176092500082,0.002245708716852516,2.957073922976241E-4,0.02422966721600409,0.050779377058087896,1.4243354783043683E-4,0.026443147210880067,0.0019487108532379382,7.073248500964224E-4,0.007115962757220429,0.01435850372770448,5.128205128205129,0.17186799597300798,0.0,0.011846834053069235,6,0.5494505494505495,0.2653189212994862,1.8315018315018314,0.3787214371124607,0.016472657833809367,8,0.014303000607781866,8,0.00348528123218441,3.674867217294852E-4,5.994183347854638E-4,0.7939085569352019,4.6842093729042365E-4,0.009281500179413312,4.805467898479259E-4,9.16947152703361E-4,0.003011016331474552,0.07489791526531646,0.022995374279050115,0.003155450720241612,0.0011416443286619918,3.743058423790753E-4,6.852464453035976E-4,0.08259273404910118,0.17437095683303644,4.0839954944629976E-4,0.03597220472588387,9.111577366135637E-5,0.0024967542552566616,0.006330569109050921,0.0047605539652567875,0.0298211309189483,0.039620362049464834,4.805467898479259E-4,0.007115962757220429,0.12228308633061935,5.692919591343867E-4,-0.005292274192031398,-8.087302350721578E-5,0.0,-1.7904600625803308E-5,0.0,-5.773526781506695E-6,0.0,0.0,0.5494505494505495,5.994183347854638E-4,0.07936547030600201,0.01945744344617406,0.720284286822591,-0.14908971252228106,0.9031382718422329,1.42861952,-0.10683171483772444,0.0671772462414938,0.010215205104844237,0.016237907488171572,0.0029628843304837357,0.0010569822101992139,0.004135213303892161,0.01593278448183939,0.034980594286426456,0.01435850372770448,0.0,3.8560921794243926E-5,0.004538012554636212,0.1523940238323775,0.0037350304865497934,0.3834810724238485,0.0214527056634094,0.3551382224664257,0.05284254607319672,0.4561705104685586,0.001045758202067568,0.0011787958001143856,0.005502804010726803,0.017514075928752777,0.0011416443286619918,0.019941154271846923,7.127723420015115E-4,5.692919591343867E-4,0.01302651197337014,4.6842093729042365E-4,0.02860383399346073,0.17437095683303644,0.004668584016170046,0.03170277754328885,0.005746045311363966,6.694170173390165E-4,2.653984638992931E-7,0.006510467753958853,0.02675809756413385,0.001994184189061307,2.401550324538502E-4,0.014611976658697463,7.196903780107495E-4,9.91946081583633E-4,0.011324893497885659,0.002783951397302404,0.0,0.0,0.14984145357465187,0.1227614180856773,3.8852352041564986E-4,0.01302651197337014,0.0014954194488673155,0.015224163700563386,0.0,0.006692337750887253,-0.025178801484193603,0.019795180973094222,0.02797176092500082,0.016689926680348046,0.7326007326007326,0.0,0.0,0.012656578406335498,0.0016209204745730552,0.005502804010726803,0.031105373834750642,6.173316177930226E-4,8.412040083544208E-5,3.4259087506719317E-4,4.960901030402598E-4,0.09020271874040182,0.07489791526531646,1.1995038838903709E-4,0.0029908388977346314,0.0,0.0,0.4320391740100785,0.016237907488171572,0.0037350304865497934,5.760112189916755E-4,1.1339473427457521E-7,0.01635234171029745,0.0023253333313490816,0.007988839573722317,7.927924820718713E-4,0.0,4.792777031657589E-4,4.960901030402598E-4,0.13435360767232357,3.4259087506719317E-4,0.08387689350988377,0.010215205104844237,0.12474204471890848,0.006912538061361972,0.1900088362358698,LiftAU
0.010915375164918459,0.0,0.0018809798588295449,0.0,0.02003249654466357,0.9966060158722806,0.9837632407003458,2.1183761940953325E-4,0.0,0.0011900354115597874,0.9999999999999998,0.7409278752865135,0.6189831356110336,0.9568882877169648,0.8414657660425032,0.003933612308494741,9.32499429892219E-4,5.775486243953574E-4,5.665777676109121E-6,0.02189828057113319,0.46081811474262774,0.2782833428623343,0.004823105036804077,0.01638631992378322,0.0079638097103789,0.0010683738324302674,0.028109521196992098,0.02725280930612205,0.0013761230027241758,0.00980792042391059,0.009617266341305365,0.0023340983387253023,0.012143089265945263,0.02702868725809458,3.776978417266187,0.15681297752952336,4.496402877697841,0.013446181257040736,14,0.7194244604316546,0.07514392944120821,1.618705035971223,0.17606858392070077,0.011699264490449838,12,0.01251799800036609,12,0.009347765914869242,0.034081644466013715,0.001859911719462339,0.8390366737354736,0.0028002308428646287,0.004458696215209597,0.0016115652709092494,0.011657205153248626,0.025426035995634644,0.04698646305278918,0.008477090362666669,0.004498614490804226,0.004362979910732033,4.636645761710061E-4,0.005797053444675329,0.02470473544416002,0.08204082323107226,6.675771979865581E-4,0.017917047888416207,0.0011541619415856687,0.01012782868802803,0.020042425568534,0.0033912311280069043,0.00417969952243602,0.015671401542239644,0.0016115652709092494,0.012143089265945263,-0.012200314611420694,0.002253933354379584,-0.04400686677470848,9.851845622190604E-4,0.0,2.2060704657447913E-4,0.0,7.083956103564297E-5,2.338129496402878,0.0,0.7194244604316546,0.0012247785608743241,0.07306635231431394,-0.005305053584015673,1.5129414172945719,0.15875803750560014,-0.11456476434322682,1.128082304,-0.12091995365595949,-0.009460014209228752,0.0065579323068190665,0.022180612709119002,0.023560429444907202,0.003393984127719251,0.012842775171934846,0.02687495298338112,0.11542252167446161,0.02702868725809458,0.0,5.665777676109121E-6,0.024323513558725796,0.10053789075598972,0.006904920317471208,0.12194473967547992,0.03226109871062261,0.15816502086840586,0.4608124489649516,0.5340241966609695,9.592476922610443E-4,2.6595913885801533E-4,0.0063235076541151404,0.02346939228426421,0.005438109320841532,6.216251918615752E-4,0.018944624785165405,0.0032502147633783826,0.020042425568534,0.002134045854574902,0.01719797624697904,0.1488173903619121,0.029426731249426866,0.036010396373574685,0.010754339292932251,0.0037190259155887155,6.516200467317951E-5,0.016535331746697753,0.01638631992378322,0.005793190582002404,0.0023706774028029558,0.022180612709119002,0.002249685243143379,6.548946721122743E-4,0.007903421581539907,0.0027279132380825808,0.0,0.0,0.1391416714311671,0.08211355857679244,0.005808961979094674,0.0177992050241572,0.008161739254249753,0.012837061449008943,0.1422929643400713,0.006904920317471208,0.29197192850617526,0.03167934050283153,0.018841218195985946,0.01251799800036609,0.539568345323741,2.5179856115107913,1.2589928057553956,0.014388937863883974,6.01792826612622E-4,0.006962524372733143,0.011054718325765473,0.001067819752888243,5.823870480161113E-4,0.002134045854574902,0.0032502147633783826,0.09779252034898386,0.07455438813398717,0.0013567992915194432,0.01632347850849951,0.0,0.0,0.583402841793886,0.029426731249426866,0.009347765914869242,9.633094612721414E-4,6.286646144790204E-5,0.012782922387334665,0.013130959948235791,0.016451370148546442,0.01163845929810038,6.654676258992806,4.998628660433765E-4,0.0028002308428646287,0.04258635672397192,0.0021047492600143516,0.07953555054499936,0.0065579323068190665,0.042745106653925634,0.016451370148546442,0.1340925310886833,LiftAU
0.07662893578249852,0.0,9.528672999609491E-4,0.0,0.02691704308444406,1.0000000000000004,0.9988455622241538,2.670189049968745E-5,0.0,0.05006001620562204,0.0,0.932849027280983,0.727706048363709,0.9943609053310002,0.9783544610044035,3.442429279998765E-4,6.716284084145318E-4,8.813701379796708E-4,0.053395459562979905,0.01023869279640941,0.5897565357742144,0.33883847550413926,0.001395399506877797,0.03610046842856205,0.004407914699268642,7.732744367100566E-4,0.009653222941924312,0.05335645370988171,0.0010751933549613523,0.0334054000247333,0.003436616456222354,0.001344342591569689,0.01276632694026116,0.015274734401299924,4.794520547945205,0.07766880214223784,6.392694063926941,0.017016253336519148,6,1.5981735159817352,0.30292677678021096,3.4246575342465753,0.2658221899960283,0.018728148619982968,6,0.03477985445235107,6,0.008146331959902959,0.0020483073678732463,9.528672999609491E-4,0.7951412523079598,4.886008571869814E-4,0.013971611440386944,6.380512489576536E-4,9.680772539235868E-4,0.01344183834197924,0.07662893578249852,0.003634480794928125,0.0021743244418885423,0.001146850571156158,9.055506076835819E-4,0.001746012951758611,0.06087457821933079,0.15000410152616642,0.001448516973142161,0.041312049889875115,8.573933355881016E-4,0.0017926465381339959,0.024807049004687307,0.021181720196850884,0.018286766675633354,0.06503029478116007,3.521079932148295E-4,0.01276632694026116,-0.2549029825349143,0.001344342591569689,-2.3237826845452824E-4,8.286893002607486E-5,0.0,4.037573411896513E-5,0.0,0.0,0.0,0.0,0.684931506849315,8.092079519323052E-4,0.030647843805006326,0.6582005193883981,2.0860978863684125,-0.0015730498179066662,-0.2768134051067926,0.684905984,-0.1407772600665685,0.01561893699343261,0.01122871945346748,0.022759948665756518,0.002778147956359707,0.0,0.0011544377758466095,0.004484656893153457,0.01600644432659667,0.01480117857867179,0.0,0.053395459562979905,0.006539691405135265,0.045505433723420426,0.010180420456921158,0.20514297891727395,0.020893526705608623,0.13794951258949456,0.5363610762112345,0.4833022674901723,0.0022640920732407734,0.0019900476502203047,0.008935155209002659,0.007953015901783043,0.0018325855191556927,0.00453548753031582,0.0017633288437713137,0.0010663811843479236,0.024807049004687307,9.38708211578237E-4,0.009873307966954554,0.2122677601025824,0.01023869279640941,0.0035450305535675427,0.010700153490971087,0.0013425880961840176,1.5735376146626343E-5,0.01678359325660071,0.03610046842856205,0.001953169271236934,0.0014328780008801454,0.033128519837519424,6.438579655564007E-4,0.001516005123512957,0.01729703179481526,0.007935633437932325,0.0,0.0,0.1694192377520696,0.12058252516077865,0.004254900221711699,0.01480117857867179,0.0018645802468941217,0.02393874447801416,0.0,0.013971611440386944,-0.3628214629468429,0.038398073229189866,0.033128519837519424,0.0470118833277935,0.91324200913242,0.0,1.82648401826484,0.02826957652453326,8.518093111687486E-4,0.008935155209002659,0.06293920166803595,0.001563280288333113,5.641966815576701E-5,9.38708211578237E-4,8.118942872506964E-4,0.09990230019004484,0.06289762492887976,5.423757125495554E-4,0.003729160493788243,0.0,0.0,0.5622919215762061,0.016369509206144425,0.010180420456921158,0.0010521137682973694,1.0319066684888792E-5,0.01209082239734953,0.0017044287474818902,0.009201459802219066,0.0016571062548288744,0.0,4.4796785688054733E-4,5.641542290801244E-4,0.08505478069626968,6.380512489576536E-4,0.041113161793089416,0.015274734401299924,0.09719435627498046,0.010700153490971087,0.20370666429620865,LiftAU
0.04804070583900624,0.0,2.876823060720251E-4,0.0,0.014725201190940434,0.9999999999999998,0.9994039234559655,1.5162180714712332E-5,0.0,0.01572957705230419,0.0,0.9577185246977238,0.8759462734550557,0.9970497211686583,0.9884850142946582,2.594870188265534E-4,3.880799081549711E-5,2.260247679812426E-4,0.05790150073481599,0.007436745598044808,0.3632132508995697,0.32763971503253914,1.5097550876907033E-4,0.015487113444538651,0.0012515965870259454,1.4109408710056792E-4,0.012017366948446366,0.05308402456872986,5.013678100435468E-4,0.0133535369073798,5.14519495303196E-4,8.6469933154342E-5,0.0032369499868350623,0.010877683150016236,3.811659192825112,0.0,0.0,4.8398230118398535E-4,4,1.345291479820628,0.0,2.4663677130044843,0.2655602882448418,0.0023491509019712645,4,0.01184309736501485,4,0.002568778550522621,2.4869567284836893E-4,1.4109023376117675E-4,0.8233673022402278,1.4832820330283524E-4,0.004162301133062118,1.226758099991246E-4,7.348996394094846E-4,0.001108199214955815,0.09299581229031328,0.015530169651734349,0.0032369499868350623,2.594870188265534E-4,3.762287009296044E-5,2.5655558293837894E-4,0.06972062747349093,0.17123002204289717,1.5423037933697036E-4,0.04322609724823292,3.9902505928684985E-4,8.653038926551136E-4,0.005088650005116755,0.001935477932606201,0.03354361488590771,0.005150375937055038,1.713946885182296E-4,0.004800614295062971,0.37887999492244767,7.29386564280816E-5,0.012367379579052432,0.004426673224367453,0.0,0.001568291705417071,0.0,0.0,0.0,0.0,0.672645739910314,2.0046528700612323E-4,0.052256149633644056,0.7040947109093827,1.6168060708752334,0.05561454420608511,0.23960555505548364,0.0,0.12439431471046297,0.027106926856859392,0.005099617398471106,0.01150276665328397,0.0016870818147256856,0.0,5.960765440342543E-4,0.0023542022873072484,0.008564706874000178,0.010877683150016236,0.0,0.05790150073481599,0.002481823737582581,0.03076648959693449,0.004893171203111134,0.08177225124266808,0.005420797263211678,0.512733022555486,0.3053117501647537,0.554612875161792,0.0025035292689476077,1.1211357848487008E-4,0.0017466747071097802,0.016459091232290803,2.0933227133353358E-4,0.037995559533920684,5.495771415089065E-4,8.831689697036823E-5,0.011315446453714587,1.1405571444475767E-4,0.059014329151373265,0.23208841801326602,0.0044146148171026025,0.05176141595001031,0.004800614295062971,3.2186032268028016E-4,3.449237238643063E-6,0.017770769047341563,0.015487113444538651,0.00159259198171235,0.0010475312460844167,0.010681451200091865,2.876823060720251E-4,2.7782810257632237E-4,0.0036439932494226187,0.001006054331722953,0.0,0.0,0.1638198575162695,0.13037117543237703,2.7828174804923894E-4,0.011315446453714587,5.31273720272464E-4,0.010145254133785355,0.0,0.004893171203111134,-0.5157318456644076,0.006247883793905078,0.0063077570202969765,0.012801892951055514,0.672645739910314,0.0,0.0,0.04290314072859328,2.757409588118693E-4,0.0017991960236181386,0.0041363134680378584,6.294244527781849E-4,1.0107143792337447E-4,1.508332316867671E-4,8.831689697036823E-5,0.03816137893921318,0.09299581229031328,8.684879930475996E-5,0.0010625474405449279,0.0,0.0,0.6990183686243747,0.01150276665328397,0.0034022282223113943,4.5876167760252294E-4,2.2595171131828607E-6,0.00879477644141717,0.0012587458547656596,0.007436745598044808,3.9855828817548947E-4,0.0,2.0046528700612323E-4,1.4832820330283524E-4,0.020884047381621966,1.508332316867671E-4,0.08164412937093479,0.005099617398471106,0.04787561099692804,0.0056723785485383255,0.20836149717858607,LiftAU
0.14175500108027736,0.0,0.0,0.0,0.009338433386113848,1.0,0.9990770457594942,0.0,0.0,0.10870281988184863,0.0,0.9341162716421694,0.7662736779329079,0.9954389684206426,0.9810265630346624,2.9326404843043474E-4,0.0,4.3832696601850597E-4,0.06326454753847204,0.0,0.4930693842029256,0.42434946737140533,2.5836263808559867E-4,0.0,0.0,0.0,0.09318508135410034,0.058241431755334847,0.0,0.0345014222432324,0.0011056469323756566,0.0,0.005825299613475214,0.0,5.769230769230769,0.0,0.0,0.0,4,1.5384615384615385,0.0,3.8461538461538463,0.0,0.0,2,0.0,5,0.0,3.48763207587357E-4,4.698179768401424E-4,0.8855704879616614,0.0,0.0,0.0,0.0,0.009164196022663456,0.0,0.018766103367771056,0.0,0.0,0.0,0.0,0.0,0.0,0.0,0.062102528818452095,0.0,0.0,0.01659916419104009,0.0,0.0,0.0,2.934267728587496E-4,0.0,-0.08805758886234172,0.0,4.445751359275418E-5,5.164281592492298E-5,0.0,2.0860435554125224E-5,0.0,0.0,3.076923076923077,0.0,1.5384615384615385,0.0,0.0,0.7146687720105412,1.8627743608830372,-0.2751194681907209,-0.11854051498175305,0.0,-0.060358648533042014,0.0057425197215913715,0.010300221528448675,0.0,0.0,0.0,9.229542405057507E-4,0.0036380773388516733,0.014412405385980227,0.017845377434809358,0.0,0.06326454753847204,0.0,0.046910291392493066,0.008042638290174427,0.1678425937092614,0.0,0.2732042937299823,0.42980483666445357,0.8322675782723838,0.06211282849988069,0.0,0.0,0.0,0.0,0.0,0.0,0.0,0.0,0.0,0.0,0.32488343882239473,0.006649151262079269,0.0119413813763984,0.0,0.0,0.0,0.0,0.09008954786047196,0.0,0.0,0.03170285500646309,0.0,0.0,0.07058465848775826,0.0,0.0,0.0,0.21217473368570264,0.13559676432240977,0.0023173069787288964,0.0,0.0011606368101253488,0.0,0.0,0.0,-1.1681871813987668,0.0,0.0,0.0,2.3076923076923075,0.0,0.0,0.0,7.039800394048134E-4,0.0,0.0,0.0014547442858929094,0.0,2.0808157228666957E-4,0.0,0.0,0.0,0.0,0.0023212736202506967,0.0,0.0,0.9170802479917091,0.0,0.0,7.852146927897727E-4,0.0,0.0,0.002267078172337576,0.0,0.0025637716521963363,0.0,0.0,6.582425592125663E-4,0.0,0.0,0.0,0.0,0.0,0.018154645489815324,0.2422726424974117,LiftAU
