z_mean,z_stddev,xy_e_mean,xy_e_stddev,z_e_mean,z_e_stddev,t_mean,t_stddev,z_kurt,corr_z_xy_e,corr_z_e_xy_e,mcr_z,mcr_t,zcr_z,z_peak_mean,z_peak_stddev,z_peak_d_mean,z_peak_d_stddev,angle_mean,angle_stddev,z_freq_m_0.00,z_freq_m_0.18,z_freq_m_0.36,z_freq_m_0.54,z_freq_m_0.71,z_freq_m_0.89,z_freq_m_1.07,z_freq_m_1.25,z_freq_m_1.43,z_freq_m_1.61,z_freq_m_1.79,z_freq_m_1.96,z_freq_m_2.14,z_freq_m_2.32,z_freq_m_2.50,z_freq_m_2.68,z_freq_m_2.86,z_freq_m_3.04,z_freq_m_3.21,z_freq_m_3.39,z_freq_m_3.57,z_freq_m_3.75,z_freq_m_3.93,z_freq_m_4.11,z_freq_m_4.29,z_freq_m_4.46,z_freq_m_4.64,z_freq_m_4.82,z_freq_e_0.00,z_freq_e_0.18,z_freq_e_0.36,z_freq_e_0.54,z_freq_e_0.71,z_freq_e_0.89,z_freq_e_1.07,z_freq_e_1.25,z_freq_e_1.43,z_freq_e_1.61,z_freq_e_1.79,z_freq_e_1.96,z_freq_e_2.14,z_freq_e_2.32,z_freq_e_2.50,z_freq_e_2.68,z_freq_e_2.86,z_freq_e_3.04,z_freq_e_3.21,z_freq_e_3.39,z_freq_e_3.57,z_freq_e_3.75,z_freq_e_3.93,z_freq_e_4.11,z_freq_e_4.29,z_freq_e_4.46,z_freq_e_4.64,z_freq_e_4.82,z_freq_p1,z_freq_p2,z_freq_p3,z_freq_p4,xy_e_freq_m_0.00,xy_e_freq_m_0.18,xy_e_freq_m_0.36,xy_e_freq_m_0.54,xy_e_freq_m_0.71,xy_e_freq_m_0.89,xy_e_freq_m_1.07,xy_e_freq_m_1.25,xy_e_freq_m_1.43,xy_e_freq_m_1.61,xy_e_freq_m_1.79,xy_e_freq_m_1.96,xy_e_freq_m_2.14,xy_e_freq_m_2.32,xy_e_freq_m_2.50,xy_e_freq_m_2.68,xy_e_freq_m_2.86,xy_e_freq_m_3.04,xy_e_freq_m_3.21,xy_e_freq_m_3.39,xy_e_freq_m_3.57,xy_e_freq_m_3.75,xy_e_freq_m_3.93,xy_e_freq_m_4.11,xy_e_freq_m_4.29,xy_e_freq_m_4.46,xy_e_freq_m_4.64,xy_e_freq_m_4.82,xy_e_freq_e_0.00,xy_e_freq_e_0.18,xy_e_freq_e_0.36,xy_e_freq_e_0.54,xy_e_freq_e_0.71,xy_e_freq_e_0.89,xy_e_freq_e_1.07,xy_e_freq_e_1.25,xy_e_freq_e_1.43,xy_e_freq_e_1.61,xy_e_freq_e_1.79,xy_e_freq_e_1.96,xy_e_freq_e_2.14,xy_e_freq_e_2.32,xy_e_freq_e_2.50,xy_e_freq_e_2.68,xy_e_freq_e_2.86,xy_e_freq_e_3.04,xy_e_freq_e_3.21,xy_e_freq_e_3.39,xy_e_freq_e_3.57,xy_e_freq_e_3.75,xy_e_freq_e_3.93,xy_e_freq_e_4.11,xy_e_freq_e_4.29,xy_e_freq_e_4.46,xy_e_freq_e_4.64,xy_e_freq_e_4.82,xy_e_freq_p1,xy_e_freq_p2,xy_e_freq_p3,xy_e_freq_p4,t_freq_m_0.00,t_freq_m_0.18,t_freq_m_0.36,t_freq_m_0.54,t_freq_m_0.71,t_freq_m_0.89,t_freq_m_1.07,t_freq_m_1.25,t_freq_m_1.43,t_freq_m_1.61,t_freq_m_1.79,t_freq_m_1.96,t_freq_m_2.14,t_freq_m_2.32,t_freq_m_2.50,t_freq_m_2.68,t_freq_m_2.86,t_freq_m_3.04,t_freq_m_3.21,t_freq_m_3.39,t_freq_m_3.57,t_freq_m_3.75,t_freq_m_3.93,t_freq_m_4.11,t_freq_m_4.29,t_freq_m_4.46,t_freq_m_4.64,t_freq_m_4.82,t_freq_e_0.00,t_freq_e_0.18,t_freq_e_0.36,t_freq_e_0.54,t_freq_e_0.71,t_freq_e_0.89,t_freq_e_1.07,t_freq_e_1.25,t_freq_e_1.43,t_freq_e_1.61,t_freq_e_1.79,t_freq_e_1.96,t_freq_e_2.14,t_freq_e_2.32,t_freq_e_2.50,t_freq_e_2.68,t_freq_e_2.86,t_freq_e_3.04,t_freq_e_3.21,t_freq_e_3.39,t_freq_e_3.57,t_freq_e_3.75,t_freq_e_3.93,t_freq_e_4.11,t_freq_e_4.29,t_freq_e_4.46,t_freq_e_4.64,t_freq_e_4.82,t_freq_p1,t_freq_p2,t_freq_p3,t_freq_p4,z_dwt_ar_-0,z_dwt_ar_-1,z_dwt_ar_-2,z_dwt_ar_-3,z_dwt_ar_-4,z_dwt_ar_-5,z_dwt_ar_-6,z_dwt_ar_-7,z_dwt_ar_-8,z_dwt_ar_-9,z_dwt_norm_-0,z_dwt_norm_-1,z_dwt_norm_-2,z_dwt_norm_-3,z_dwt_norm_-4,z_dwt_norm_-5,z_dwt_norm_-6,z_dwt_norm_-7,z_dwt_norm_-8,z_dwt_norm_-9,z_dwt_avg_-0,z_dwt_avg_-1,z_dwt_avg_-2,z_dwt_avg_-3,z_dwt_avg_-4,z_dwt_avg_-5,z_dwt_avg_-6,z_dwt_avg_-7,z_dwt_avg_-8,z_dwt_avg_-9,label
-0.0018441965897061255,0.22403635452757514,0.0013400933058593132,0.0015024525854655884,0.04994219280626878,0.05457313417671947,0.18537504762251641,0.13040037546568212,-0.8262710747815594,0.44847377601661054,0.10891131467787438,4,4,4,0.2591395868871188,0.2273865663372162,0.522571264,0.0,4.914241445695162E-4,3.540416282314138E-4,0.26829289125539885,0.26829289125539885,0.0,0.0,0.02916683575456668,0.0,0.0,0.01697884638815231,0.01656887916485929,0.0,0.0,0.01984348068004863,0.0,0.0,0.0016608516435974293,0.0013634596812784558,0.0,0.0,0.011458755111309804,0.0,0.0,0.013720872181769478,0.0,0.0,4.455093957351247E-4,2.5997270627912316E-4,0.0,0.0,0.4182126597233857,0.5636921964436906,0.0,0.0,0.007633415260518568,0.0,0.0,0.0032693227040027813,0.0018027419558515026,0.0,0.0,0.003413124679308106,0.0,0.0,2.682248542777937E-5,1.666962887300274E-5,0.0,0.0,7.655700654729159E-4,0.0,0.0,0.001165321612712951,0.0,0.0,1.5455518824450925E-6,6.098888732812307E-7,0.0,0.0,1.0101010101010102,2.0202020202020203,3.787878787878788,0.0,0.0026801866117186273,0.0012038172501380973,0.0,0.0,4.606056795746598E-4,0.0,0.0,2.1477421714566317E-4,2.1477421714566317E-4,0.0,0.0,6.394226649287283E-4,0.0,0.0,4.6200767792859516E-4,2.758752733347741E-4,0.0,0.0,7.796426455604687E-5,0.0,0.0,4.522250574625411E-4,0.0,0.0,2.6481876261976904E-4,4.6749846535974667E-4,0.0,0.0,0.6680602711984115,0.14248797320582476,0.0,0.0,0.031086167415889182,0.0,0.0,0.006113482500113778,0.005282200010992994,0.0,0.0,0.05712343573999674,0.0,0.0,0.02240841723351299,0.006047060102960412,0.0,0.0,7.621695416376775E-4,0.0,0.0,0.02937307144089414,0.0,0.0,0.009884665271837291,0.021371086337928547,0.0,0.0,2.272727272727273,4.797979797979798,0.0,0.0,0.3707500952450332,0.12110685449852378,0.0,0.0,0.0906743166028906,0.0,0.0,0.01679937800317488,0.014881508441397654,0.0,0.0,0.017526349294994022,0.0,0.0,0.013848512188616213,0.006762052450660441,0.0,0.0,0.008336529649996307,0.0,0.0,0.013010463530865574,0.0,0.0,0.0035272119258324456,0.004829534918329897,0.0,0.0,0.8170830295067623,0.12728326814616422,0.0,0.0,0.04566177342809135,0.0,0.0,0.002705366133853626,0.0022236245974081754,0.0,0.0,0.0016625737357202235,0.0,0.0,0.0011191663761902285,3.346681957500635E-4,0.0,0.0,5.094488972643315E-4,0.0,0.0,0.0011253770511927394,0.0,0.0,9.959895110329633E-5,1.9210498049943632E-4,0.0,0.0,0.7575757575757576,2.272727272727273,0.0,0.0,0.015353232961833139,0.7465033006495221,0.7992518155801189,0.9508372332473409,0.9847263474411346,0.9961056480694241,0.9992037886169679,0.9999999999999998,0.0,0.0,0.015353232961833139,0.731150067687689,0.0527485149305968,0.15158541766722206,0.033889114193793805,0.011379300628289506,0.003098140547543748,7.962113830319847E-4,0.0,0.0,-0.38255816418996447,-2.639981096330782,-0.07969104571333013,0.024629788349675774,-0.021496542392663,-0.006445952253933596,-0.0022659035041253436,-8.008782945258461E-4,0.0,0.0,LiftAD
-0.0035446185124794497,0.24380595648579453,9.046266215766395E-4,8.161794159075754E-4,0.05911229181640986,0.05856706204227826,0.2080142022124167,0.12978371871155464,-1.0468754798130293,-0.2785822839596253,0.04043443073793493,3,4,3,0.3528484004276725,0.11438464596780841,0.522857728,0.0,0.003182360087728564,0.002710648166981984,0.3103318620983886,0.0,0.0,0.13384084227307283,0.0,0.0,0.0,0.0,0.02706820902109223,0.0,0.0,0.023555991388976273,0.0,0.0,0.0,0.0,0.0072496929486769585,0.0,0.0,0.01409503791516478,0.0,0.0,0.0,0.0,0.0033546112530439213,0.0,0.0,0.001737900885546149,0.8212325103832557,0.0,0.0,0.16250023737329655,0.0,0.0,0.0,0.0,0.0064407504025836265,0.0,0.0,0.006867307064884813,0.0,0.0,0.0,0.0,8.159197170096818E-4,0.0,0.0,0.001960990860420376,0.0,0.0,0.0,0.0,1.3900393434568972E-4,0.0,0.0,4.3280264203431125E-5,0.8620689655172413,2.0114942528735633,3.735632183908046,0.0,0.001809253243153279,0.0,0.0,3.85070179362205E-4,0.0,0.0,0.0,0.0,2.7525322814280265E-4,0.0,0.0,3.322491638573171E-4,0.0,0.0,0.0,0.0,2.781223320130726E-4,0.0,0.0,4.201836877713065E-4,0.0,0.0,0.0,0.0,1.1541527723259138E-4,0.0,0.0,2.176370341921614E-4,0.7872725849162366,0.0,0.0,0.047187589819304945,0.0,0.0,0.0,0.0,0.027050307329048864,0.0,0.0,0.044971577879559,0.0,0.0,0.0,0.0,0.027951328340917184,0.0,0.0,0.04518540466835412,0.0,0.0,0.0,0.0,0.004885954379717998,0.0,0.0,0.015495252666861291,2.2988505747126435,3.735632183908046,5.172413793103448,0.0,0.4160284044248336,0.0,0.0,0.1334919848661251,0.0,0.0,0.0,0.0,0.02237570133723035,0.0,0.0,0.018185923872532074,0.0,0.0,0.0,0.0,0.004861859666740279,0.0,0.0,0.005901915765175672,0.0,0.0,0.0,0.0,0.009838162060003455,0.0,0.0,0.005167060306889893,0.8833700295199808,0.0,0.0,0.10926076963377433,0.0,0.0,0.0,0.0,0.00465137170544168,0.0,0.0,0.00163741516088078,0.0,0.0,0.0,0.0,1.9202479278050208E-4,0.0,0.0,2.1969520409477895E-4,0.0,0.0,0.0,0.0,4.7759530474216394E-4,0.0,0.0,1.9109867830523856E-4,0.8620689655172413,2.2988505747126435,4.022988505747127,0.0,0.010456789218814773,0.770577680474217,0.7950093029218191,0.9386083462080081,0.9814293411196858,0.9954779880240067,0.9990743171911692,1.0,0.0,0.0,0.010456789218814773,0.7601208912554023,0.024431622447602018,0.14359904328618894,0.0428209949116777,0.014048646904320908,0.0035963291671625487,9.256828088308154E-4,0.0,0.0,-0.3240894903903966,-2.7631668210014038,-0.12920786608592522,0.060276656851000004,-2.6048822140498085E-4,-0.007154381803846033,-0.0024179506225721174,-8.487657474556961E-4,0.0,0.0,LiftAD
-0.001776683672779927,0.13114922244017843,7.510282529401755E-4,8.537064946648816E-4,0.017136608025386676,0.020174400841847358,0.10934518564953338,0.0771644057332799,-0.6179739197670653,-0.05767529606538874,0.08232367969578233,8,4,8,0.07804558987333399,0.15941993027896625,1.389236352,0.20019018876111586,0.004614267521952991,0.0043463309953673465,0.16321964380461862,0.16321964380461862,0.07032034578020659,0.03429211314061458,0.03429211314061458,0.008275359072276812,0.012601380251933457,0.012601380251933457,0.005425602510746539,0.004775971826883536,0.004775971826883536,0.0,0.0,0.010317463606054305,0.010317463606054305,0.00723653435907855,0.00723653435907855,0.005720155346353392,0.0024312895895503383,0.001960448038171613,0.004185630714707825,0.004185630714707825,0.0010028488317187715,3.3766963488737154E-4,0.0,0.0,1.9277279711367725E-4,1.582621670401003E-4,0.3893534998277479,0.46140534315078563,0.08495192327838354,0.029894001608279895,0.018178754455226785,0.0013708036218601659,0.002690107243727618,0.002749709277601196,4.637136410373987E-4,3.669020911150598E-4,5.532643788383316E-4,0.0,0.0,0.002662572824727674,0.001792740376893158,0.0010026964963795414,0.0012429674425739666,5.643301946113397E-4,9.187363585011816E-5,6.166684327503745E-5,3.1207060247453804E-4,2.706179443466301E-4,1.6357066726491485E-5,2.5471422232462385E-6,0.0,0.0,9.087439501257079E-7,6.281113644627803E-7,0.7751937984496124,0.0,0.0,0.0,0.0015020565058803507,3.7951827896877876E-4,3.7951827896877876E-4,1.8961228569475255E-4,1.8961228569475255E-4,4.7017791252018713E-4,4.7017791252018713E-4,2.2771859936751785E-4,2.2771859936751785E-4,2.212647222059665E-4,2.4691488207353784E-4,0.0,0.0,2.6103465403415257E-4,9.945768464263521E-5,1.0702553757491264E-4,1.776216362575954E-4,3.0664074371685536E-4,3.0664074371685536E-4,1.2383924300940675E-4,8.027110619575189E-5,2.2903671768299786E-4,2.2903671768299786E-4,2.35150813124791E-4,0.0,0.0,1.2904440886632158E-4,1.2657806291425244E-4,0.5338304630967561,0.04096280793039646,0.03766781685741301,0.012447050730407925,0.013957853626634155,0.05715429963263699,0.05172497678056652,0.012239481252343313,0.02227632340563155,0.021600149202342107,0.025651000668722543,0.0,0.0,0.018208510917019718,0.003667502322329501,0.004032143026863818,0.010034960154309892,0.029303616807012232,0.02552024712118046,0.00437986031337278,0.002304747520119104,0.013744607504596761,0.02197511883996192,0.022637386241148937,0.0,0.0,0.007413096161448067,0.007265979886785984,1.1627906976744187,1.937984496124031,3.294573643410853,5.232558139534884,0.21869037129906654,0.07827204616467286,0.07827204616467286,0.0484723925611315,0.020677319887717545,0.020677319887717545,0.00760689456164343,0.010242086076730572,0.010242086076730572,0.0025254309060790212,0.00547581862142094,0.0,0.0,0.009356582630479239,0.007187144596926469,0.007187144596926469,0.0037842489019669226,0.004630315258241589,0.004630315258241589,0.005654796766755659,0.005654796766755659,0.0031374982619213447,0.0031374982619213447,0.0029755630719394857,0.0,0.0,0.0022359178885717444,0.0022359178885717444,0.7020160753354309,0.11792756148499947,0.11872679503738641,0.03439480498201612,0.00747254091770127,0.0067993568483206935,0.0010806085561595275,0.001739447085682832,0.0015587023857742601,1.6620072457659583E-4,4.968672964552559E-4,0.0,0.0,0.0019212385783907372,0.0014185095094352911,9.241376234913856E-4,3.908695797163626E-4,4.905912259275566E-4,5.168368914338063E-4,6.644301555816011E-4,5.022524887312434E-4,1.9223202773045007E-4,1.982484798148757E-4,1.8438241022011067E-4,0.0,0.0,1.1209831327363138E-4,1.0521206174971138E-4,0.5813953488372093,1.550387596899225,2.3255813953488373,0.0,1.8085213862690204E-4,0.6040763146206982,0.7077865102203009,0.8815438957276278,0.9682096293774923,0.9891148109611954,0.9967881375444962,0.999342743252054,1.0,0.0,1.8085213862690204E-4,0.6038954624820713,0.10371019559960279,0.17375738550732683,0.0866657336498645,0.020905181583703008,0.007673326583300969,0.002554605707557695,6.572567479460112E-4,0.0,-0.028276981216063368,-1.6340001880346797,0.408602552067293,0.05936451236603383,-0.019721345122219562,-0.013972567000083298,-1.63506190910244E-4,-7.020652734475067E-5,-2.5518435842756995E-5,0.0,LiftAD
-0.004132958722527361,0.1491445891705413,7.750474026237889E-4,7.33151069963304E-4,0.022155265500561894,0.02261754494291755,0.1303264723520382,0.07729016775384967,-0.95920184097589,-0.17077248083592633,-0.20073148129422072,2,6,2,0.08130586006560142,0.16746773877733334,1.4260406495,0.18370361302719643,5.325371326062639E-4,3.521629134514866E-4,0.2003742136177219,0.2003742136177219,0.0,0.0,0.053741667551679084,0.013499158200296835,0.0,0.0,0.0073420703996971886,0.006296907211528043,0.0,0.0,0.010906989450568767,0.012796768987587002,0.0,0.0,0.011585429303078189,0.00817552207980647,0.0,0.0,0.007043773445784412,0.004747572610436043,0.0,0.0,0.0011218523064322758,8.376325116987452E-4,0.0,0.0,0.4737474726700292,0.47614067418281963,0.0,0.0,0.03616753667060281,0.0024255118150322747,0.0,0.0,7.526177330933279E-4,5.847022556719414E-4,0.0,0.0,0.00229731874846965,0.0033302811723557777,0.0,0.0,0.002368390800827039,9.869360339246462E-4,0.0,0.0,8.499362709204187E-4,3.119168385583365E-4,0.0,0.0,2.3089841036041275E-5,1.3614966658677637E-5,0.0,0.0,0.7142857142857143,0.0,0.0,0.0,0.0015500948052475775,2.1849324067511457E-4,0.0,0.0,3.8945244043126506E-4,2.6799288066936354E-4,0.0,0.0,2.5882142952221186E-4,6.698855888411134E-5,0.0,0.0,3.7527006821711683E-4,1.961215719783256E-4,0.0,0.0,2.6393967550877997E-4,1.2013795081521243E-4,0.0,0.0,2.871859201825353E-4,2.096049560776712E-4,0.0,0.0,2.7767922019935584E-4,1.0889382611006228E-4,0.0,0.0,0.6975385243425496,0.01855616829924046,0.0,0.0,0.06361686819277364,0.0279576181555924,0.0,0.0,0.02034547547376666,0.0014323051212037704,0.0,0.0,0.046055662944294626,0.01691800394366575,0.0,0.0,0.02376341065892139,0.008042028997926855,0.0,0.0,0.035982307069796826,0.013769863211091951,0.0,0.0,0.022297210310856373,0.003724553278319752,0.0,0.0,0.7142857142857143,2.142857142857143,3.5714285714285716,5.0,0.2606529447040766,0.10083648717765738,0.0,0.0,0.022946490001922837,0.022946490001922837,0.0,0.0,0.009888707425253468,0.004995396031687317,0.0,0.0,0.010400962640965733,0.009868646799689691,0.0,0.0,0.009107242780895735,0.007554827980290918,0.0,0.0,0.005647867027541019,0.005647867027541019,0.0,0.0,8.121240981059873E-4,0.0014839242898655128,0.0,0.0,0.8440628225782771,0.1283291892224575,0.0,0.0,0.008943491293156143,0.008330920608612138,0.0,0.0,0.0015206254877386327,4.113510566943746E-4,0.0,0.0,0.0025467980438523474,0.0021717680120355966,0.0,0.0,0.0013738641773810001,0.0010534062128791358,0.0,0.0,7.790990033253739E-4,4.2889280131223884E-4,0.0,0.0,1.2319584434140619E-5,3.5451917844310975E-5,0.0,0.0,0.9523809523809523,2.142857142857143,3.3333333333333335,0.0,0.3451261316920879,0.6674388089966609,0.8205881534542244,0.9157615202361745,0.9822909141757026,0.9941106801252491,0.9987802167749215,1.0000000000000002,0.0,0.0,0.3451261316920879,0.3223126773045729,0.15314934445756356,0.09517336678195007,0.066529393939528,0.011819765949546488,0.004669536649672447,0.001219783225078636,0.0,0.0,-0.978264748762522,-0.9453794903295227,-0.1322618805237174,-0.061243300751264974,0.004087229621239152,-0.00798285876268994,-0.0028723747779932345,-0.001019742821292256,0.0,0.0,LiftAD
-6.506447570276776E-4,0.18922599634888757,0.0016983854837797246,0.0017175299581708113,0.03567669565939548,0.048890574362994224,0.15362117157831814,0.11758355650239537,-0.13584802944341767,-0.05711554073811953,-0.11098798202508472,7,6,7,0.312614436036307,0.16384627040410205,2.37890625,0.0,0.00119631437570909,0.0011363693686559462,0.1439559170548231,0.183556821758887,0.183556821758887,0.10972985088404283,0.03261620319071409,0.036639660799340605,0.036639660799340605,0.021600625577016086,0.020417592311215964,0.013858733330062246,0.015388071468539105,0.015388071468539105,0.006967775515296841,0.006967775515296841,0.004308149786563477,0.004708948988981624,0.010193700432826936,0.010193700432826936,0.008494064186857995,0.0036963821703331567,0.004411422258750643,0.004432638986127097,0.004432638986127097,8.084263427106155E-4,5.09783620608677E-4,3.7518890023752427E-4,2.988778083704134E-4,2.4973254682790963E-4,0.14522876512423624,0.38131863298781826,0.32047555073567113,0.09182842679596859,0.012000470440036718,0.01395307410118244,0.012676784652143948,0.006190810582369755,0.00426711601013152,0.0026460732098158917,0.0029595028494151503,0.0017118237313714865,3.927271272042559E-4,4.3084477316299765E-4,2.2069407676218744E-4,2.8544271494323505E-4,8.835355974907266E-4,0.0012337308675609345,5.22376748924953E-4,1.1254161571833086E-4,2.321129753415977E-4,2.7405271206077444E-4,1.4226352036582053E-4,6.400804657869713E-6,2.8074949506993188E-6,1.6123697750624163E-6,1.0629855216619185E-6,7.623953977516737E-7,0.5454545454545454,0.0,0.0,0.0,0.003396770967559448,3.6937571894524776E-4,5.063440129247218E-4,8.61721763506774E-4,8.61721763506774E-4,6.996042306745651E-4,7.863888565589634E-4,7.863888565589634E-4,5.586711086584675E-4,5.586711086584675E-4,4.511502780988619E-4,5.298897636352475E-4,5.298897636352475E-4,5.337532305158381E-4,6.44669976779965E-4,6.576146096720153E-4,6.576146096720153E-4,2.4393220075144984E-4,5.43028927712742E-4,5.43028927712742E-4,3.1670075001575344E-4,3.1583955481981064E-4,4.001044211788411E-4,4.001044211788411E-4,2.109592583767629E-4,3.907845930195856E-4,3.907845930195856E-4,2.9035689768566926E-4,0.5151951397877512,0.007735521725863799,0.013028729827633553,0.0440835899560654,0.05436860474711646,0.024238567756032933,0.029929630470454494,0.033548615535652984,0.02003186454453661,0.013822498134771181,0.009031003993022847,0.021373022982283097,0.013585859205485879,0.013767204739312857,0.030912697092212515,0.037424714768426647,0.021632703637518784,0.005174246465885768,0.015638931502023952,0.017439278102635854,0.004944898111074112,0.004920858713017807,0.011466654825609343,0.009028437119009958,0.0036970806518410444,0.008472332982957768,0.010459677127216018,0.005047635494587093,0.7272727272727273,1.6363636363636365,2.909090909090909,0.0,0.30724234315663623,0.11937127308816695,0.049007733109390744,0.0751937702610347,0.0751937702610347,0.03635142233760808,0.01737490451719033,0.01623299095799584,0.01623299095799584,0.01116548410285116,0.011172726407534703,0.011172726407534703,0.013692829343754015,0.013692829343754015,0.010170558644074108,0.01731998111512772,0.01731998111512772,0.007431351266870802,0.012662630009963162,0.012662630009963162,0.0038926840858478965,0.0012300719298850367,0.004210693925598961,0.004210693925598961,0.001954098732608999,0.002263071671040541,0.002263071671040541,0.0018293779401090178,0.7268689173262951,0.10904325739704845,0.02977988443817334,0.0538950513823625,0.046667450429454714,0.01086023568724975,0.002934174566804798,0.0026774239625263793,0.0017897365466870824,8.608607148820023E-4,0.0016691821637843482,9.394135124977997E-4,0.0013586445012358245,0.0019463958224822436,7.74707163027707E-4,0.0020896024077482825,0.002142737830013724,5.052743240154413E-4,0.0014421803304081858,0.0011740920299351469,1.1038565956395122E-4,1.9132374205920854E-5,1.2873900981812066E-4,1.441626862953338E-4,4.168291749806686E-5,5.04001478005804E-5,5.665311296972897E-5,2.962155521471941E-5,0.7272727272727273,2.909090909090909,0.0,0.0,4.064253946616068E-5,0.03343352296871058,0.568093626523323,0.7840820145608641,0.9361015491307194,0.9815597767831663,0.9950081757722159,0.9989852150841005,0.9999999999999998,0.0,4.064253946616068E-5,0.03339288042924442,0.5346601035546124,0.21598838803754114,0.15201953456985537,0.04545822765244692,0.013448398989049603,0.003977039311884694,0.0010147849158991837,0.0,-0.019966893052358436,-0.5723306639602822,-1.1805314449677273,0.19294065376073477,-0.03327818586981018,-0.025767103701210083,6.394060715997308E-5,1.0418241100714203E-5,2.972690946792421E-6,0.0,LiftAD
-0.0023743761727693926,0.22800667035306932,0.0019246182909000943,0.0026623096239370273,0.051739084062212795,0.0579318303815547,0.18951807314814903,0.13354248556871848,-0.7702844096899493,-0.20290438289733712,0.12266442593727532,3,4,3,0.3606472407274676,0.0935147073584619,0.520233154,0.0,0.0017779379848712662,0.0013585512401214617,0.2656916483851171,0.2656916483851171,0.0,0.0,0.028112559789856564,0.028112559789856564,0.0,0.0,0.02148820762138503,0.017118820897591123,0.0,0.0,0.01595107586063571,0.0,0.0,0.0025440707374037447,0.00983166148473285,0.0,0.0,0.0034999184846933266,0.0034999184846933266,0.0,0.0,0.002444049765320245,0.0014446467309377662,0.0,0.0,0.001048501441342114,0.40360053020695363,0.5734818140534965,0.0,0.0,0.008502283697569071,0.00659662851920457,0.0,0.0,0.0031010426719561847,0.0021368938621624646,0.0,0.0,0.001661549303084248,0.0,0.0,4.776400864633547E-5,5.894656403004275E-4,0.0,0.0,1.1977115983846315E-4,8.471508178393736E-5,0.0,0.0,4.6069437538857144E-5,2.0029777947332924E-5,0.0,0.0,1.144257951777969E-5,0.975609756097561,1.951219512195122,3.1707317073170733,0.0,0.003849236581800188,0.0011039393470083543,0.0,0.0,5.328607911854751E-4,0.0011877809459388193,0.0,0.0,0.0013197221427582691,0.0012988099888141837,0.0,0.0,6.273132957005424E-4,0.0,0.0,0.0010624423379053992,0.0011172601651754641,0.0,0.0,9.130141190887576E-4,4.5578167859416024E-4,0.0,0.0,4.482107926539006E-4,0.0013288734189503219,0.0,0.0,5.813960954591976E-4,0.48976657396736156,0.0427175814194316,0.0,0.0,0.009277301348569612,0.0517632118017974,0.0,0.0,0.10471899172385994,0.05358124410407835,0.0,0.0,0.01497912873143521,0.0,0.0,0.039233287117725675,0.0726024007871361,0.0,0.0,0.0318054124827557,0.008326867740695612,0.0,0.0,0.009887097644892965,0.06007192890823786,0.0,0.0,0.011268972222022623,1.4634146341463414,3.1707317073170733,4.634146341463414,0.0,0.37903614629629834,0.12822314574939242,0.0,0.0,0.09173462749389932,0.02334309531680287,0.0,0.0,0.02168943242755485,0.02168943242755485,0.0,0.0,0.01723191894787133,0.0,0.0,0.015246343619883806,0.015246343619883806,0.0,0.0,0.0027018452010194945,0.0027018452010194945,0.0,0.0,0.004571044504284645,0.004571044504284645,0.0,0.0,0.0032437259268646573,0.8134031206706194,0.12428432710422295,0.0,0.0,0.04552012229522143,0.00354742792325538,0.0,0.0,0.004766561168496778,0.002895571918875059,0.0,0.0,0.002660115141978808,0.0,0.0,0.0012215887656284205,0.0012016450277148281,0.0,0.0,3.9431528762419404E-5,6.868573385685751E-5,0.0,0.0,1.0641667688018952E-4,2.018923372708005E-4,0.0,0.0,8.309370721648668E-5,0.7317073170731707,2.926829268292683,0.0,0.0,0.027736785882334507,0.5572448193175581,0.8095235974433206,0.9459101836984803,0.9862518424565563,0.9966795982810923,0.9993301859909361,1.0000000000000004,0.0,0.0,0.027736785882334507,0.5295080334352236,0.2522787781257624,0.13638658625515973,0.040341658758075875,0.01042775582453605,0.0026505877098438467,6.698140090641948E-4,0.0,0.0,-0.5258994695915947,-2.2977932140431863,-0.10278705497241691,-0.083510570310012,-0.044902788246448014,-0.01072512118131912,-0.003771937149646438,-0.0013323187664848312,0.0,0.0,LiftAD
0.004103932055318485,0.22851943943165165,0.0022584827743743698,0.002263409994224062,0.05197687078548019,0.05710394885235385,0.19459609589679336,0.1282574085024306,-0.7661218132941343,-0.26641493874903005,-0.0017474693099242692,4,4,4,0.35595223749176086,0.09316512639604667,0.520019531,0.0,0.002493475708228472,0.0025030270088112756,0.2635926990922959,0.2635926990922959,0.0,0.0,0.03718958343634442,0.0,0.0,0.025592372007128297,0.025592372007128297,0.0,0.0,0.020046960114624937,0.0,0.0,0.007703620191135436,0.007703620191135436,0.0,0.0,0.005410187769569391,0.0,0.0,0.01111595898419389,0.004510067070694825,0.0,0.0,4.396249265409382E-4,0.0,0.0,0.39923889874873947,0.5701985450217553,0.0,0.0,0.013309615449209245,0.0,0.0,0.007213040879038379,0.0037609070005335922,0.0,0.0,0.0039547272671364205,0.0,0.0,6.649258804384602E-4,3.983898766303123E-4,0.0,0.0,3.139419998021122E-4,0.0,0.0,8.260794936617097E-4,1.1909426472268615E-4,0.0,0.0,1.834118332470536E-6,0.0,0.0,1.0,2.0,3.75,0.0,0.00451696554874874,0.0014693714213967449,0.0,0.0,4.915611431970036E-4,0.0,0.0,9.108391156874687E-4,9.108391156874687E-4,0.0,0.0,7.681388351532617E-4,0.0,0.0,6.136697742057346E-4,0.001215280958538084,0.0,0.0,5.973531519617021E-4,0.0,0.0,5.475009389286484E-4,4.8184652249695734E-4,0.0,0.0,5.973296981678494E-4,0.0,0.0,0.6832050161458756,0.07279644070958428,0.0,0.0,0.010055287332440497,0.0,0.0,0.0292995306251501,0.04737892006295386,0.0,0.0,0.01999517748957205,0.0,0.0,0.020984104909298158,0.05612612855610522,0.0,0.0,0.02072894660594488,0.0,0.0,0.016107572334937217,0.0122782790563213,0.0,0.0,0.011044596171817033,0.0,0.0,1.5,3.0,5.25,0.0,0.38919219179358694,0.11710828536883287,0.0,0.0,0.08714298626129628,0.0,0.0,0.020515622295465902,0.027251144400970675,0.0,0.0,0.013939607582896855,0.0,0.0,0.01203133471265141,0.010217784325964431,0.0,0.0,0.005632930385832282,0.0,0.0,0.011198384340244014,0.011198384340244014,0.0,0.0,0.00404968688987866,0.0,0.0,0.8321746305475239,0.11193330850428702,0.0,0.0,0.04112420227516013,0.0,0.0,0.003553504631441554,0.0058616018461552545,0.0,0.0,9.864037129826777E-4,0.0,0.0,0.0012552079263580605,0.0010368978282602431,0.0,0.0,1.993242526592795E-4,0.0,0.0,7.295371392148407E-4,0.0010543073918738719,0.0,0.0,9.107394408307867E-5,0.0,0.0,0.75,1.75,0.0,0.0,0.02497565418135226,0.38306840999242614,0.838667293117668,0.9321082425654862,0.982812434687087,0.9956101168928203,0.9991062650943572,1.0000000000000002,0.0,0.0,0.02497565418135226,0.35809275581107386,0.4555988831252419,0.09344094944781824,0.05070419212160091,0.01279768220573321,0.00349614820153685,8.937349056429004E-4,0.0,0.0,-0.4873594596505997,-1.845392416635257,-0.045673112603123234,-0.18509780292295622,-0.0054283191907088454,-0.010566224642054813,-0.0036949875413167885,-0.0013045516126126513,0.0,0.0,LiftAD
-0.0011735136374341343,0.14443594310289495,0.002708064206346301,0.004083228535055247,0.020780004285674294,0.020876562335631055,0.13642376948552806,0.06997235243884264,-1.0036646311882484,0.04207387052942493,-0.2602710072011242,8,8,8,0.2298695195877951,0.04043934058149295,0.856506348,0.0,0.0030771651967272046,0.0021120035141012324,0.17668094142579185,0.17668094142579185,0.09339495929408945,0.009724987944493295,0.025524981139187913,0.025524981139187913,0.004755109518187541,0.005179406349943304,0.0,0.0,0.011056917599271875,0.0022296801628863966,0.0038184794854823774,0.0047646330752504,0.00737170646856411,0.00737170646856411,0.012460253905585073,0.012460253905585073,0.0,0.0,0.01172080507933029,0.00974253443911062,0.0074030206242414924,0.0025754230850014003,0.0016782701971582489,0.0013237344572517506,0.0011226705812694942,0.0,0.3773112719244415,0.48265683775193646,0.10567718899496015,0.0014079888668594716,0.009016558613393042,0.008146875595670905,3.973602931506971E-4,4.4830044511863054E-4,0.0,0.0,0.0015375267710744235,1.0878429600416331E-4,2.2491205144568624E-4,4.505561564214632E-4,9.31067887149384E-4,0.001125223799617907,0.0023447839160232586,0.002622776663425553,0.0,0.0,0.002807257155650169,0.0018093744983771094,7.424674264472495E-4,1.141951710960416E-4,5.521434801253305E-5,3.640777766549004E-5,2.7069596058695932E-5,0.0,0.9960159362549801,1.792828685258964,3.187250996015936,0.0,0.005416128412692603,0.002653596141549934,0.0011988800052575807,0.001111140244385467,0.0013920956545640446,0.001706018114360966,0.001706018114360966,0.0012548684868717447,0.0,0.0,8.518547831089787E-4,0.0012316911169544626,0.0012316911169544626,8.535062826653905E-4,0.0012689028456240865,0.0012689028456240865,7.35414946769974E-4,0.0011112052899812513,0.0,0.0,0.0011107272259687022,0.0014139174250550636,0.0014139174250550636,7.833431189753704E-4,6.396572295515947E-4,4.6015982327589155E-4,0.0010883628900509414,0.0,0.4262665964444767,0.09935847360970922,0.03131077301902557,0.016101482813627586,0.024342964645843474,0.05681553348448264,0.05255901733510263,0.028315881679001592,0.0,0.0,0.010171180048697898,0.01944515045203201,0.026313956127411466,0.010578264393119603,0.020909639533125114,0.025205560371347486,0.009467626047938944,0.017599475580096058,0.0,0.0,0.016897754119138287,0.037883960089294226,0.030617551328586356,0.011985376258780036,0.006902527937855873,0.0045891597752221736,0.01636209490608508,0.0,1.1952191235059761,2.7888446215139444,3.9840637450199203,4.9800796812749,0.2728475389710561,0.04896277009903572,0.053600876923002534,0.053600876923002534,0.019992967841002754,0.021867069167402508,0.021867069167402508,0.01579177879082391,0.0,0.0,0.006971097008312347,0.006971097008312347,0.009126841038710391,0.009126841038710391,9.702649102050115E-4,0.011360846398084531,0.011360846398084531,0.00795082216717239,0.0,0.0,0.012288833052962085,0.012949263055727255,0.012949263055727255,0.004104779428271269,0.0030020923104820507,0.002200075090179404,0.0053431222531794085,0.0,0.8225575497881492,0.0510983072690808,0.05643293371080705,0.03504324686731566,0.00499257668544878,0.005832580311924884,0.005448588434843111,0.0029988339827724344,0.0,0.0,6.33397374852594E-4,5.490010316889607E-4,9.205841105008867E-4,9.020075019746292E-4,1.5209209541173075E-5,0.0013871347955513173,0.0019051849109294606,0.0012000605010132326,0.0,0.0,0.0019072150089855654,0.003412470896415974,0.0019758849412880863,2.7691518420849966E-4,9.873777244415982E-5,5.4063601520458335E-5,3.575161087431321E-4,0.0,0.5976095617529881,1.593625498007968,2.9880478087649402,3.9840637450199203,0.35883026603481677,0.40502742251570506,0.8756313565309899,0.9511973697470163,0.98546351107319,0.9955921146108471,0.9990897674770094,1.0000000000000002,0.0,0.0,0.35883026603481677,0.04619715648088829,0.47060393401528483,0.07556601321602639,0.03426614132617361,0.01012860353765717,0.003497652866162226,9.102325229907831E-4,0.0,0.0,-1.0853573464696875,-0.38943576975211047,-0.2900791319998322,-0.0035333824884958565,-0.06679613897018345,-0.006583564692190538,-0.0023879472969919454,-8.473550822206138E-4,0.0,0.0,LiftAD
-0.002300818722307654,0.134651766948864,7.695250748579189E-4,0.0014375177568330755,0.018063282841734214,0.02170514108129727,0.11393090229181187,0.07665671519193482,-0.5696084800919246,0.12915553598799104,-0.22291851458754736,3,4,3,0.1542227811924078,0.17799815551161136,1.329315072,0.0,3.893138291932736E-4,3.1548008297315003E-4,0.1716999964082847,0.1716999964082847,0.061362463909670754,0.03690234923996395,0.03271749787629684,0.014260269224385688,0.014260269224385688,0.0,0.0,0.00582614024012502,0.004007874741253223,0.0025702298917238396,0.0025938239097662514,0.0025938239097662514,0.003544492477820122,0.003544492477820122,0.0,0.0,0.0038494793093143474,0.0038494793093143474,0.003305016766700758,0.0031259729750708763,0.0015094389339216753,9.237358596057156E-4,7.873344176868005E-4,0.0,0.0,6.321645942752948E-4,0.40911620314275193,0.46103811104388087,0.07109991225923089,0.033728481440934883,0.014992679290229226,0.0029685636411508945,0.0040227261605973235,0.0,0.0,6.934654412102372E-4,3.143615039155069E-4,1.64975577759381E-4,1.666651896114553E-4,9.876106911889275E-5,1.79684201739084E-4,2.046537145907399E-4,0.0,0.0,3.1027180620324044E-4,3.569688097314858E-4,2.869831611416577E-4,1.6710344332654216E-4,4.342837497100177E-5,2.0429188011731333E-5,1.5348547747470752E-5,0.0,0.0,1.0222992145458462E-5,0.6048387096774194,0.0,0.0,0.0,0.0015390501497158375,8.185861971361138E-4,7.495758000848621E-4,7.368967078423952E-4,4.785390435941639E-4,4.785390435941639E-4,3.2388430703803885E-4,0.0,0.0,1.8802992793301633E-4,1.7218742813966735E-4,1.7218742813966735E-4,1.2296851959442244E-4,1.2296851959442244E-4,8.759987085030048E-5,1.9862969623774866E-4,0.0,0.0,2.642346788747395E-4,3.027607971059247E-4,3.027607971059247E-4,4.0726389764077876E-4,4.0726389764077876E-4,3.9012913804820055E-4,4.071779629252851E-4,0.0,0.0,3.4431082585327266E-4,0.33339810365394584,0.13516337144894627,0.12122223012248755,0.08420489422238019,0.04975243219964341,0.032104315238774155,0.018488812240733135,0.0,0.0,0.005512028600980097,0.004885911954066036,0.0038585085155113568,0.0022646475879244924,0.0025009579635580765,0.0013117085542928943,0.004798460540006936,0.0,0.0,0.013630972483565155,0.017717260949783667,0.01926345057796826,0.027404296516807897,0.03159311531241846,0.03009406102749944,0.03488885390636988,0.0,0.0,0.025941606382336727,0.6048387096774194,1.4112903225806452,4.032258064516129,5.846774193548387,0.22786180458362387,0.08010073392718361,0.08010073392718361,0.051909401017134926,0.022700987219765,0.022700987219765,0.009592511785848195,0.0,0.0,0.004857507179117079,0.004857507179117079,0.00375610931226246,0.0029416377882164942,0.002581650832539888,0.0017914588608388396,0.00411992025168792,0.0,0.0,0.00468101447823201,0.00468101447823201,0.003897613106302058,0.0034318747890291455,0.0035676751082301594,0.0035676751082301594,0.0035109296270145482,0.0,0.0,0.002052186089423023,0.7088000877811867,0.10367489481108987,0.12115454288567669,0.0406841463031817,0.011704399510469506,0.008076573295009281,0.0014734882736882613,0.0,0.0,5.186914552312352E-4,5.013853812200017E-4,3.0268431118115566E-4,2.037012727381979E-4,1.041856011644943E-4,5.8232979014684663E-5,2.683950436684995E-4,0.0,0.0,4.984926481720884E-4,4.934005964360974E-4,2.4335190162281837E-4,1.979574351965316E-4,3.258824615538477E-4,3.331812486913467E-4,2.827506101210444E-4,0.0,0.0,9.957419368592603E-5,0.6048387096774194,0.0,0.0,0.0,0.5818780542333722,0.5848362275102669,0.9053578094691094,0.9681556206461962,0.9906825667199678,0.9975275066573752,0.9994954122655247,0.9999999999999998,0.0,0.0,0.5818780542333722,0.002958173276894577,0.32052158195884256,0.06279781117708678,0.022526946073771655,0.006844939937407454,0.00196790560814956,5.045877344751714E-4,0.0,0.0,-1.1782071657185584,-0.08400738682144937,0.167194250237292,0.03159435443538265,-0.004536516693632333,6.883254251728145E-4,1.9176223741189982E-4,6.388174281055941E-5,0.0,0.0,LiftAD
-6.921488827053611E-4,0.19022079577364112,0.0011474870561651066,0.0020737014814137785,0.036046848651545095,0.04750808205026309,0.15335553731112034,0.11716917231309565,-0.27611485287957827,-0.17792513437432825,-0.054696652128401135,7,6,5,0.3050598634495313,0.16719251677304448,2.416998656,0.0,5.416564614410202E-4,3.8951664785605674E-4,0.15022820500948603,0.19049659822726464,0.19049659822726464,0.09391168984150991,0.035024766411388575,0.03011745216548536,0.03011745216548536,0.0248840366123827,0.019827441898809257,0.019827441898809257,0.012694799836612284,0.012694799836612284,0.0049254302533153485,0.00712396912764743,0.00712396912764743,0.0,0.0,0.008220959241070488,0.008220959241070488,0.005878103061777377,0.003919198842031329,0.00341679922571032,9.378385128602553E-4,6.851538758832125E-4,5.012522399542505E-4,4.0528025163392084E-4,3.428350839322961E-4,2.985534159981424E-4,0.1565757198926084,0.4083063727338783,0.31292597853694654,0.06969214026378046,0.012168021958073797,0.009950382187074752,0.010588092328117216,0.005916671768252616,0.004348253961681424,0.003391469725926334,0.0017822494698113507,0.0011824676759031253,2.3277750539951947E-4,5.203653618689522E-4,4.4705385548569817E-4,0.0,0.0,6.20820512464911E-4,7.085403133653267E-4,3.462513150899559E-4,1.8754484075232157E-4,8.709008578811506E-5,9.358130619611202E-6,4.999572456723587E-6,2.8824499273736297E-6,1.954821226269293E-6,1.4337126062717488E-6,1.1070208947638115E-6,0.5703422053231939,0.0,0.0,0.0,0.0022949741123302137,0.0011378075742438608,7.604459907951884E-4,7.604459907951884E-4,6.951185181956211E-4,6.951185181956211E-4,7.185079407484435E-4,7.185079407484435E-4,6.838031153458756E-4,4.2596924938632415E-4,4.3125714195444716E-4,4.3125714195444716E-4,3.7996961358252585E-4,1.503083269100635E-4,1.1515802047220432E-4,0.0,0.0,2.3092071412711738E-4,2.932712029274041E-4,3.5502250872730266E-4,3.5502250872730266E-4,3.307585194113961E-4,1.95962103694851E-4,5.808307147428624E-4,6.532737104563819E-4,6.532737104563819E-4,3.4362375966364133E-4,4.85912888068587E-4,0.35697229870773506,0.09026525316020667,0.051294169568895674,0.05644705792233803,0.05127387439678731,0.040352977617351814,0.0421517853132554,0.0535248189585635,0.03531016069909736,0.013896438234926893,0.014143047124745784,0.017972874528291802,0.009083803256743716,0.0019505978245091375,9.05953987119012E-4,0.0,0.0,0.005474079330323357,0.0072521980501183934,0.01153630580565107,0.012808988679477811,0.00804103391900711,0.0032087393877420047,0.019473522112943755,0.04157175039941962,0.026306462374479582,0.00951254233913522,0.019269266301134874,0.5703422053231939,1.3307984790874525,2.091254752851711,4.562737642585551,0.3067110746222407,0.11414031737503705,0.06737012398895675,0.07140827990025235,0.07140827990025235,0.03486942935325626,0.020160250392855857,0.020160250392855857,0.008496132263730192,0.011603528432151417,0.011603528432151417,0.008690676907618579,0.013914082201685125,0.013914082201685125,0.007705785597909283,0.0,0.0,0.013873592173419262,0.008478346876920277,0.008478346876920277,0.004172646322832304,0.002898735285984338,0.004040446602691074,0.004040446602691074,0.004579238743487498,0.004579238743487498,0.003734077767571115,0.004475224277832423,0.7219888299378138,0.09975243880499934,0.04252385200920584,0.0649716026364049,0.04257130288955973,0.00973826033442685,0.004281590706864329,0.00322651024650466,6.163583584780679E-4,0.0010374024672569547,0.001083719254292686,6.852152942001408E-4,0.001814277130173452,0.0013401284657910118,4.3529691760891816E-4,0.0,0.0,0.001383675823636321,5.707168253622155E-4,6.019512576397681E-4,1.6889333198582401E-4,1.0816580187163773E-4,1.6669748205821455E-4,1.5856709350409328E-4,1.898750634218299E-4,2.015144741872932E-4,1.541496429061468E-4,2.2900774984557884E-4,0.7604562737642585,0.0,0.0,0.0,1.6925485932038102E-5,0.02914069458958631,0.5983805638724138,0.7945777444321729,0.9507352950578084,0.9811250402459261,0.9952907521742272,0.9990450703729633,1.0,0.0,1.6925485932038102E-5,0.02912376910365427,0.5692398692828274,0.1961971805597591,0.15615755062563552,0.030389745188117576,0.014165711928301152,0.0037543181987360233,9.549296270368014E-4,0.0,-0.012666916466430866,-0.525441200184521,-1.198941375466334,0.18400700502267722,-0.04509330270731249,-0.01290939135991954,-2.798622297733663E-4,-1.0551976335972641E-4,-3.751941785703213E-5,0.0,LiftAD
-0.010729767648802336,0.14666062334587213,0.00431853607512766,0.015948261640998714,0.021517984480530723,0.0216267043196834,0.13745508781224994,0.08352939473718869,-0.9839922292910952,0.16039494179625768,-0.11970791363284419,4,7,4,0.1525435280759341,0.15154260289518584,1.087707392,0.0,4.522453879572044E-4,8.476557711274093E-4,0.19795472837896805,0.19795472837896805,0.0,0.0,0.05355676150709597,0.010802849924492042,0.0,0.0,0.012380200497907126,0.0,0.0,0.008546760918639481,0.008546760918639481,0.0,0.0,0.0053180893856855805,0.0,0.0,0.0022605161430127364,0.0030644177770107117,0.0,0.0,0.0054390732637989376,6.97747612034555E-4,0.0,0.0,1.909118067567996E-4,0.0,0.47971501527061405,0.4749929178412173,0.0,0.0,0.03610943198468308,0.0028153700524141904,0.0,0.0,0.0029608395219695434,0.0,0.0,9.512289595949748E-4,0.0014515283639904215,0.0,0.0,3.607977759224183E-4,0.0,0.0,9.555333202035125E-5,1.754539598921301E-4,0.0,0.0,3.6384489215373223E-4,7.46271857172527E-6,0.0,0.0,5.553269560535545E-7,0.0,0.7425742574257426,0.0,0.0,0.0,0.00863707215025532,0.0070177762007568876,0.0,0.0,0.00585983918735842,0.005011462353905835,0.0,0.0,0.004150474696524127,0.0,0.0,0.003982090386209809,0.00366352696810006,0.0,0.0,0.002900748743154871,0.0,0.0,0.002031535202440932,0.0024343765858883338,0.0,0.0,0.003134157575420489,0.003892962416284316,0.0,0.0,0.00419811837979692,0.0,0.24104246039291413,0.17822756445415341,0.0,0.0,0.11571076459620055,0.0884795932170343,0.0,0.0,0.06484123264742503,0.0,0.0,0.05698391612621641,0.04643987355304439,0.0,0.0,0.025068848806839183,0.0,0.0,0.015386906253273021,0.01888835745825168,0.0,0.0,0.03474356512027603,0.04861421312967905,0.0,0.0,0.06557270424469289,0.0,0.7425742574257426,1.9801980198019802,4.9504950495049505,6.930693069306931,0.2749101756244999,0.10021834900168389,0.0,0.0,0.026163071188953932,0.026163071188953932,0.0,0.0,0.01124624882174149,0.0,0.0,0.0201530336014639,0.012676108689818546,0.0,0.0,0.008554000266980296,0.0,0.0,0.005496147033441762,0.005496147033441762,0.0,0.0,0.007970086881048687,0.01132442549971724,0.0,0.0,0.011197179949618517,0.0,0.8460795540698398,0.11297642218710652,0.0,0.0,0.011609667798763745,0.010209342849455419,0.0,0.0,0.0023751534656608663,0.0,0.0,0.006341092293677332,0.00272804398584194,0.0,0.0,8.247427312896505E-4,0.0,0.0,4.371662528765869E-4,4.259553252345668E-4,0.0,0.0,0.0013811901679677346,0.0021052144132088745,0.0,0.0,0.002506454459076948,0.0,0.9900990099009901,1.9801980198019802,0.0,0.0,0.5663977581146629,0.5812551743509166,0.8876621493510755,0.9636600028966974,0.9879999427923402,0.9971125744164325,0.9994091385441253,1.0,0.0,0.0,0.5663977581146629,0.014857416236253647,0.30640697500015895,0.07599785354562197,0.024339939895642877,0.009112631624092303,0.0022965641276928035,5.908614558746483E-4,0.0,0.0,-1.1590052923111958,0.1877138432178539,0.12803520967280255,-0.020036751793820515,-0.0022342898537332217,0.001414372278154621,4.2874644682293437E-4,1.466272535522616E-4,0.0,0.0,LiftAD
-0.0027962350897008845,0.23211628073115975,0.005347731869276224,0.01073263130991961,0.05361639687224115,0.05930204168810959,0.20334564714310152,0.13305334453492812,-0.8036067314486619,0.29964588417156174,-0.06231219585230076,3,4,3,0.29269983548964407,0.2169024914176797,0.519561767,0.0,8.690364776591507E-4,6.921588994406112E-4,0.27524989062190486,0.27524989062190486,0.0,0.0,0.027451944218630016,0.0,0.0,0.020382639771038685,0.019492332902294414,0.0,0.0,0.021510916174870533,0.0,0.0,0.005441274322612344,0.011841688409864706,0.0,0.0,0.021617170800845378,0.0,0.0,0.019250653443699917,0.003199014657919058,0.0,0.0,2.545684100490768E-4,0.0,0.0,0.41324790383891497,0.5627989455846307,0.0,0.0,0.007311171632460879,0.0,0.0,0.00433674966600729,0.0022413702577378965,0.0,0.0,0.00359022720205349,0.0,0.0,2.17701840408631E-4,8.208213397806703E-4,0.0,0.0,0.003301413353214776,0.0,0.0,0.0020763396403997957,5.665433774163298E-5,0.0,0.0,7.013066492668006E-7,0.0,0.0,1.0,2.0,3.5,0.0,0.010695463738552447,0.006726696338144018,0.0,0.0,0.00455680481098765,0.0,0.0,0.0029334682213724775,0.0032048160381927143,0.0,0.0,0.0022340521889958613,0.0,0.0,0.0016873039979362011,0.0013101079642504245,0.0,0.0,0.002031895187699748,0.0,0.0,0.0020525570981855933,0.0014546783566587943,0.0,0.0,0.001473519154666175,0.0,0.0,0.46772439696704327,0.22199264069356953,0.0,0.0,0.09782866770805966,0.0,0.0,0.04855048926075404,0.05343046717213957,0.0,0.0,0.028087212695246885,0.0,0.0,0.011178523630230213,0.007866006890779155,0.0,0.0,0.021516387638657312,0.0,0.0,0.018543217699137127,0.011752088510749813,0.0,0.0,0.01152990113363357,0.0,0.0,1.75,3.75,5.5,7.25,0.40669129428620293,0.13547409384562425,0.0,0.0,0.08891379980637362,0.0,0.0,0.011267177568401185,0.02082914679903407,0.0,0.0,0.016773454064511785,0.0,0.0,0.00913285895101096,0.008784093845189817,0.0,0.0,0.006347658276572631,0.0,0.0,0.016925587244197602,0.016925587244197602,0.0,0.0,0.002520705323022858,0.0,0.0,0.8383947091804722,0.11384035015048993,0.0,0.0,0.038107043390610586,0.0,0.0,9.317899544866612E-4,0.0025587554475814517,0.0,0.0,0.001315246003919054,0.0,0.0,7.326247007299628E-4,4.654616975725125E-4,0.0,0.0,3.544769053334354E-4,0.0,0.0,0.0018423908665477725,0.00140262577330147,0.0,0.0,5.452592895498713E-5,0.0,0.0,0.75,1.75,4.0,0.0,0.05053670407470698,0.3723642409185186,0.8494221801429396,0.9270814855278188,0.9808798129707554,0.9941482183950162,0.9987856929678283,0.9999999999999998,0.0,0.0,0.05053670407470698,0.3218275368438116,0.47705793922442097,0.07765930538487922,0.053798327442936764,0.013268405424260797,0.004637474572812111,0.0012143070321715495,0.0,0.0,-0.6965018033516919,-1.7576418658029147,-0.07986442066990107,-0.18076670770283862,-0.08996476997490607,-0.011631688834501008,-0.004278536651150499,-0.0015219470861898986,0.0,0.0,LiftAD
-0.002990288322609514,0.14118060591420947,0.0014113485437721443,0.0024627192002862237,0.01985152430837491,0.021775417696812037,0.1241178600371025,0.07670733596730056,-0.796925377313126,-0.11159462751569395,0.02228900212426271,5,8,5,0.13725100947836,0.163191123060567,1.067504896,0.0,0.010449352300364794,0.017585236636563955,0.18624428491840653,0.18624428491840653,0.049298395702598315,0.0,0.0,0.021127627373736583,0.01294864981850315,0.01294864981850315,0.0,0.0,0.0028903704735786513,0.008374117776329626,0.012348749870071465,0.0,0.0,0.014114275810576287,0.011558705605663433,0.011558705605663433,0.0,0.0,0.00686860817762389,0.003907754963648441,0.003907754963648441,0.0,0.0,7.411858738229765E-4,5.611865381811864E-4,4.549615638177597E-4,0.4564687370488106,0.46966635460830014,0.0456172484543508,0.0,0.0,0.007316431480652039,0.0036524885775206456,0.0024962905843509456,0.0,0.0,2.0999766366414297E-4,0.00103170855309099,0.0029265556371435584,0.0,0.0,0.004089491746222689,0.003226986667469797,0.002133127050871927,0.0,0.0,6.718540994126902E-4,2.523978842392561E-4,2.1744477396278786E-4,0.0,0.0,1.1362016977287088E-5,6.861226770194438E-6,4.661926189763068E-6,0.672645739910314,2.690582959641256,0.0,0.0,0.0028226970875442877,0.001430244360440449,0.0010500550092190782,0.0,0.0,8.923326273288592E-4,0.0010788245547518568,0.0010788245547518568,0.0,0.0,5.965709038772708E-4,5.965709038772708E-4,4.7137171210272124E-4,0.0,0.0,2.7324593743146235E-4,2.9622392550910645E-4,5.098500483509264E-4,0.0,0.0,5.366795494287376E-4,3.9674904701352784E-4,3.521836716499437E-4,0.0,0.0,5.044529869696224E-4,5.044529869696224E-4,6.797180223232091E-4,0.41446417090353077,0.13030996847586218,0.06855632052843677,0.0,0.0,0.0513766935714923,0.08113270906773329,0.06200615631009792,0.0,0.0,0.028714490064085243,0.023928054357670425,0.014646824575434737,0.0,0.0,0.003123190935757057,0.006722508021770911,0.014391717762241074,0.0,0.0,0.018437304210660758,0.011649412035127368,0.00774444704016937,0.0,0.0,0.014690236463107116,0.01975760235799647,0.028348193318826664,1.345291479820628,3.587443946188341,5.381165919282512,6.95067264573991,0.24823572007420516,0.09526132872455849,0.09526132872455849,0.0,0.0,0.022153969937278386,0.022153969937278386,0.011586613736277476,0.0,0.0,0.004313874249105873,0.008305252603730509,0.013480397767246582,0.0,0.0,0.00932734369913916,0.006999079489177971,0.006251995144964344,0.0,0.0,0.004653733902122238,0.004530020321771814,0.005554727711640854,0.0,0.0,0.004623368072340917,0.004666524268286964,0.004666524268286964,0.743062441909034,0.11227118215565918,0.11675478017278164,0.0,0.0,0.009711235552559877,0.005915732305612665,0.0016355441494031874,0.0,0.0,3.457924407889138E-4,0.0010514345523970515,0.0030095072205681118,0.0,0.0,0.0016324488145887796,9.716487830555401E-4,8.528082315299978E-4,0.0,0.0,5.063295044069176E-4,3.444103897963852E-4,4.6846383877111443E-4,0.0,0.0,4.368293144295924E-4,5.18017774529786E-4,5.113928900874516E-4,0.672645739910314,1.5695067264573992,2.4663677130044843,0.0,0.5545243390983612,0.5766636005905382,0.8369508316811936,0.9178663362576072,0.9691960833433435,0.9925979530809892,0.998458751601778,1.0,0.0,0.0,0.5545243390983612,0.022139261492176904,0.2602872310906554,0.08091550457641358,0.051329747085736434,0.02340186973764564,0.005860798520788805,0.0015412483982219529,0.0,0.0,-1.1225383090588243,-0.22429646534497205,0.13010679977583625,-0.034169626974017445,0.023165846690289642,-0.0027314567535294894,-9.50347101968446E-4,-3.354819289021753E-4,0.0,0.0,LiftAD
-0.004933453097012141,0.15034810508748606,0.006649245236033067,0.01767979036503051,0.022521250935699115,0.022809327997795316,0.14948148732029048,0.08281570116865425,-0.972495256848513,-0.1561169562660823,-0.1676478718358095,3,6,3,0.15804200241943228,0.17078253943299584,1.217559814,0.0,0.0014448981461663239,9.818662577543266E-4,0.2022992284167723,0.2022992284167723,0.0,0.0,0.052454925511742696,0.018188613394621755,0.0,0.0,0.0024511278838879537,0.011045395324635223,0.0,0.0,0.010205638049674606,0.00770295302981333,0.0,0.0,0.015521693409584474,0.015521693409584474,0.0,0.0,0.01206343488476249,0.0023267927312926183,0.0,0.0,0.0017203433817250273,0.001289035346238085,0.0,0.0,0.47342326673096097,0.47321838219405615,0.0,0.0,0.035572178527955356,0.004011478507930607,0.0,0.0,9.985019106045466E-5,0.0014384785002675088,0.0,0.0,0.0018867825278270098,0.0012043996947303523,0.0,0.0,0.0030984704218472202,0.0041071394476672055,0.0,0.0,0.001741946472001008,1.1235744300686841E-4,0.0,0.0,5.3331449386436674E-5,3.193789130287442E-5,0.0,0.0,0.7142857142857143,3.0952380952380953,0.0,0.0,0.013298490472066129,0.0116767556423137,0.0,0.0,0.009294457508056091,0.008063820139111144,0.0,0.0,0.004869677318360625,0.003156447085738509,0.0,0.0,5.372461663062732E-4,0.0014229611259292908,0.0,0.0,0.0026409706583952527,0.0034673499264805687,0.0,0.0,0.004348347611591785,0.004348347611591785,0.0,0.0,0.003809555201878942,0.0033156446484444747,0.0,0.0,0.308221634438379,0.2458150846959087,0.0,0.0,0.14900709365033346,0.10490744146180042,0.0,0.0,0.03314198868753019,0.012592556335913255,0.0,0.0,4.546739043885831E-4,0.002163281132842481,0.0,0.0,0.011686860762015744,0.018695487892184472,0.0,0.0,0.03392251043259579,0.034759409122240015,0.0,0.0,0.02510106767412181,0.019530909809746,0.0,0.0,0.7142857142857143,3.8095238095238093,0.0,0.0,0.2989629746405808,0.092478227636827,0.0,0.0,0.033646766633653354,0.029184868789549425,0.0,0.0,0.02121987019382407,0.02121987019382407,0.0,0.0,0.004838713148657344,0.005221894704621765,0.0,0.0,0.005487358074805301,0.011034672789375288,0.0,0.0,0.016574030481089082,0.016574030481089082,0.0,0.0,0.009624596515739131,0.006388895699378406,0.0,0.0,0.8632866470433352,0.09241573775995428,0.0,0.0,0.011161550007643644,0.008487773328486058,0.0,0.0,0.006500922093423935,0.005581767488864953,0.0,0.0,2.738311199098202E-4,3.105979308636502E-4,0.0,0.0,4.3268250061393083E-4,0.0013068071733838564,0.0,0.0,0.004984961900122177,0.0033145545875908375,0.0,0.0,0.001272765740348661,6.69401325458905E-4,0.0,0.0,0.7142857142857143,1.6666666666666667,3.8095238095238093,0.0,0.4858282275599172,0.6569707101529215,0.849572631666122,0.9262316166600422,0.9756135613194286,0.9924506101713243,0.9984241347417463,1.0000000000000002,0.0,0.0,0.4858282275599172,0.17114248259300435,0.19260192151320027,0.07665898499392014,0.04938194465938643,0.016837048851895714,0.005973524570421965,0.0015758652582538158,0.0,0.0,-1.1134778615588485,-0.6608747029670018,0.07081542226380741,-0.06479304141189235,0.032467400936077105,-0.007281317945374542,-0.002501746409975056,-8.803420233315275E-4,0.0,0.0,LiftAD
-0.0017269150474383292,0.22723718339533983,0.0014211140446754819,0.0015418971802997766,0.051380238659975895,0.057052929292325937,0.18877689836031422,0.13134430108549341,-0.7860942537939719,0.060319810103840694,-0.010747504915651724,4,6,4,0.35090565426767883,0.1159644138586077,0.52374272,0.0,0.001463824490263814,9.027646858374808E-4,0.26929693067899474,0.26929693067899474,0.0,0.0,0.03281135323415566,0.0,0.0,0.02333387349509084,0.02333387349509084,0.0,0.0,0.021037063861440546,0.0,0.0,0.005839252162476182,0.005797447716336852,0.0,0.0,0.00815981860725163,0.0,0.0,0.00884187982782751,0.0047301738934085276,0.0,0.0,9.708671658422282E-4,0.0,0.0,0.412396093913166,0.5647525260182897,0.0,0.0,0.009381398329301452,0.0,0.0,0.004708024247809264,0.0033475538095262265,0.0,0.0,0.003398210502837007,0.0,0.0,3.849599784084467E-4,2.4676462216386026E-4,0.0,0.0,6.682212538624205E-4,0.0,0.0,5.717115886206535E-4,1.3520177311318092E-4,0.0,0.0,9.333962901872374E-6,0.0,0.0,1.0050251256281406,2.0100502512562812,0.0,0.0,0.0028422280893509646,8.681023174837057E-4,0.0,0.0,6.212989245261197E-4,0.0,0.0,5.192560722030848E-4,4.3339453025889596E-4,0.0,0.0,4.0892572358115087E-4,0.0,0.0,4.071457211001765E-4,2.597141071209265E-4,0.0,0.0,7.009993599477396E-4,0.0,0.0,5.390594993349475E-4,2.444063386725523E-4,0.0,0.0,4.6421293979247933E-4,0.0,0.0,0.6707534749039294,0.06642594092552868,0.0,0.0,0.05586470053569814,0.0,0.0,0.03350284296732298,0.026754186708709927,0.0,0.0,0.022187932353220474,0.0,0.0,0.01536619380869521,0.007254526052291654,0.0,0.0,0.04723782244695206,0.0,0.0,0.02890343220401898,0.006839804849100117,0.0,0.0,0.01890914224453221,0.0,0.0,0.7537688442211056,3.2663316582914574,4.522613065326633,0.0,0.37755379672062855,0.12016341108354175,0.0,0.0,0.08703176130924063,0.0,0.0,0.020079206343296647,0.022167009328242747,0.0,0.0,0.017477955904751593,0.0,0.0,0.01771568768453747,0.010304409296607637,0.0,0.0,0.006876907288863138,0.0,0.0,0.008200921629944475,0.007995917787395937,0.0,0.0,0.004514170749236894,0.0,0.0,0.8192864104971069,0.1253081078702651,0.0,0.0,0.04232117093500694,0.0,0.0,0.0033728128162949776,0.00383312432784954,0.0,0.0,0.0019126621885509915,0.0,0.0,0.0017096513340477124,6.258809700900844E-4,0.0,0.0,4.597102367858911E-4,0.0,0.0,6.846594954272184E-4,3.4392411164870494E-4,0.0,0.0,1.4188521692554436E-4,0.0,0.0,0.7537688442211056,1.7587939698492463,0.0,0.0,0.020250870010530716,0.6803119721752192,0.7858924424963205,0.9584877505939335,0.9855549374843648,0.9963080364006258,0.9992513771610843,1.0000000000000002,0.0,0.0,0.020250870010530716,0.6600611021646885,0.10558047032110125,0.17259530809761311,0.02706718689043131,0.010753098916260893,0.0029433407604583443,7.486228389159389E-4,0.0,0.0,-0.4437346487961793,-2.533340515730651,-0.07183375670962194,0.04144103101457902,-0.02355543176700032,-0.007288753730058082,-0.0026313521481887243,-9.327669764659687E-4,0.0,0.0,LiftAD
-0.01551985224320362,0.18932132166166762,0.0030024379755278167,0.004274987870991867,0.03590510744123358,0.035682764003616384,0.1708308698444875,0.098858389232082,-1.0831757254392003,-0.03376129605384387,0.07091928040445368,4,4,6,0.0,0.0,0.0,0.0,0.0012677500594268673,0.0010591932748552912,0.2296167301541081,0.2296167301541081,0.0,0.0,0.018319567977824695,0.018615391050824603,0.0,0.0,0.019085372699710883,0.0,0.0,0.01707122083128793,0.01707122083128793,0.0,0.0,0.003153455367654636,0.0,0.0,0.012166204024981551,0.012166204024981551,0.0,0.0,0.003623033555452555,0.0,0.0,0.0011387764571831641,9.875607438001154E-4,0.0,0.42682259694805874,0.5479923856347878,0.0,0.0,0.004528053529247531,0.005423116049265585,0.0,0.0,0.005023453428216309,0.0,0.0,0.003216487411924528,0.0035848209245281605,0.0,0.0,1.005992411183496E-4,0.0,0.0,0.0017849025251139023,0.0013727831522122552,0.0,0.0,1.188564916954432E-4,0.0,0.0,1.8063460257295183E-5,1.3881203574417053E-5,0.0,1.7412935323383085,3.482587064676617,0.0,0.0,0.006004875951055636,0.0026326726012678068,0.0,0.0,7.060680087631185E-4,0.0015199169460196886,0.0,0.0,0.0012105017652773165,0.0,0.0,0.0011698317345447923,0.0017559907518463784,0.0,0.0,0.002356583296668871,0.0,0.0,3.6804797375354636E-4,8.314788140460387E-4,0.0,0.0,0.0018851082643644877,0.0,0.0,9.279091024192962E-4,5.745485367674001E-4,0.0,0.5413092335895069,0.11866940844315374,0.0,0.0,0.011767159369243673,0.03457840833660764,0.0,0.0,0.028766373522049235,0.0,0.0,0.024243253354231276,0.05605820037466416,0.0,0.0,0.0967104593727044,0.0,0.0,0.0033190476432537488,0.010410991317788285,0.0,0.0,0.059042448461601116,0.0,0.0,0.010905023078874776,0.0042199931363209285,0.0,1.243781094527363,2.736318407960199,3.9800995024875623,0.0,0.3416617396889753,0.09275550689935615,0.0,0.0,0.056352757148892936,0.019644102171461307,0.0,0.0,0.009859708318335762,0.0,0.0,0.012000494224511027,0.011186943374830373,0.0,0.0,0.008680855013057154,0.0,0.0,0.012096919301672395,0.009997495982042677,0.0,0.0,0.007905276851068455,0.0,0.0,0.004347752713097894,0.0025805810739247203,0.0,0.8629868852252416,0.10231943745257456,0.0,0.0,0.02452240728582973,0.003249238791831605,0.0,0.0,8.062702443902591E-4,0.0,0.0,0.0010820685944182798,9.521818927247442E-4,0.0,0.0,6.874305858063652E-4,0.0,0.0,0.0016957657671059444,0.0010225147237524932,0.0,0.0,4.419553438195124E-4,0.0,0.0,1.5907274391790372E-4,7.477134858697316E-5,0.0,0.746268656716418,1.9900497512437811,3.2338308457711444,0.0,0.18284780863853944,0.24215109235769466,0.8572262445963632,0.944674450502529,0.9880668958917735,0.9969248380918022,0.9993760954356844,1.0000000000000002,0.0,0.0,0.18284780863853944,0.05930328371915522,0.6150751522386684,0.08744820590616575,0.04339244538924456,0.008857942200028647,0.002451257343882256,6.239045643156634E-4,0.0,0.0,-0.9782157961842096,-0.5570948739906555,-0.31159878753708453,-0.11059955330906633,-0.036535472472811255,-0.010803844987296612,-0.003867960700325319,-0.00137062409943811,0.0,0.0,LiftAD
