xy_e_freq_m_1.25,xy_e_freq_e_1.43,xy_e_freq_m_4.64,t_freq_e_2.32,xy_e_freq_e_3.04,xy_e_freq_m_0.71,z_freq_e_4.29,t_freq_m_0.71,t_freq_e_3.75,z_freq_e_3.75,t_freq_e_1.79,t_freq_m_4.11,t_freq_e_0.71,z_freq_m_1.07,xy_e_freq_e_2.32,xy_e_stddev,z_freq_e_4.11,t_freq_m_0.89,mcr_t,t_freq_e_1.61,mcr_z,t_freq_e_0.89,t_freq_m_1.25,t_freq_m_4.29,z_freq_m_0.36,xy_e_freq_m_3.57,xy_e_freq_e_0.36,z_freq_m_4.64,xy_e_freq_m_1.43,xy_e_freq_m_1.07,t_freq_m_0.54,t_freq_m_3.93,xy_e_freq_e_1.61,xy_e_freq_m_4.46,xy_e_freq_m_0.54,t_freq_e_3.57,z_freq_e_4.46,xy_e_freq_m_3.39,t_freq_e_0.54,t_freq_e_1.96,z_e_mean,z_freq_e_3.57,t_freq_e_2.50,z_freq_e_2.86,t_freq_e_2.68,xy_e_freq_e_2.14,corr_z_e_xy_e,xy_e_freq_e_1.79,z_dwt_avg_-5,t_freq_m_4.46,z_dwt_avg_-6,t_freq_m_1.43,z_dwt_avg_-7,z_dwt_avg_-8,z_dwt_avg_-9,xy_e_freq_m_0.36,z_freq_m_4.82,z_dwt_avg_-0,z_freq_m_0.18,z_dwt_avg_-1,z_dwt_avg_-2,z_peak_d_mean,xy_e_freq_e_0.54,z_dwt_avg_-3,z_dwt_avg_-4,xy_e_freq_e_4.82,z_dwt_norm_-8,z_freq_m_3.39,z_dwt_norm_-7,z_dwt_norm_-6,z_dwt_norm_-5,z_dwt_norm_-9,z_dwt_norm_-0,z_dwt_norm_-4,t_freq_m_3.75,z_dwt_norm_-3,z_freq_e_4.64,xy_e_freq_e_4.64,z_dwt_norm_-2,xy_e_freq_e_2.86,z_dwt_norm_-1,z_freq_m_4.11,xy_e_freq_e_0.00,z_freq_e_0.89,t_freq_m_1.79,xy_e_freq_m_3.21,z_freq_m_0.00,xy_e_freq_m_3.04,z_freq_m_4.29,xy_e_freq_e_1.96,xy_e_freq_e_3.57,t_freq_m_1.61,t_freq_m_4.64,z_freq_e_0.71,z_freq_m_3.21,t_freq_e_1.25,xy_e_freq_m_0.18,xy_e_freq_e_4.29,t_freq_m_3.57,xy_e_freq_m_4.82,z_freq_e_4.82,xy_e_freq_e_4.46,z_freq_m_2.86,xy_e_freq_e_2.68,xy_e_freq_e_3.21,t_freq_e_2.14,t_freq_p1,t_freq_p3,t_freq_p2,t_freq_m_2.86,t_freq_m_1.96,t_freq_e_3.93,angle_mean,z_freq_e_3.93,z_freq_m_3.04,xy_e_freq_m_0.00,xy_e_freq_e_3.39,z_freq_m_4.46,xy_e_freq_e_2.50,xy_e_freq_e_4.11,t_freq_p4,t_freq_m_4.82,t_freq_e_1.43,z_freq_e_0.54,xy_e_freq_e_0.18,z_stddev,z_dwt_ar_-7,z_dwt_ar_-6,z_dwt_ar_-9,z_dwt_ar_-8,z_dwt_ar_-3,t_freq_m_2.68,z_dwt_ar_-2,z_dwt_ar_-5,z_dwt_ar_-4,z_dwt_ar_-0,z_freq_m_2.50,z_dwt_ar_-1,t_freq_m_0.00,z_freq_e_1.07,xy_e_freq_m_1.61,z_freq_e_2.14,z_e_stddev,xy_e_freq_e_3.75,t_freq_m_3.39,z_freq_m_3.75,t_freq_m_2.50,z_peak_stddev,z_freq_m_2.68,xy_e_freq_p3,z_freq_e_1.25,xy_e_freq_p4,z_peak_mean,xy_e_freq_p1,xy_e_freq_p2,z_freq_e_0.18,zcr_z,t_freq_e_4.82,z_freq_m_1.96,t_freq_m_3.21,t_freq_e_0.00,xy_e_freq_m_2.50,xy_e_freq_m_2.14,xy_e_freq_m_1.79,z_freq_e_0.36,z_freq_m_2.32,z_freq_m_1.61,xy_e_freq_e_3.93,z_freq_m_1.79,t_freq_e_1.07,z_freq_e_1.43,t_freq_m_2.32,z_freq_p4,z_freq_p3,z_freq_p2,z_freq_p1,t_freq_e_4.64,t_freq_m_3.04,corr_z_xy_e,xy_e_freq_m_2.32,z_freq_m_3.57,z_freq_e_3.39,z_freq_m_2.14,z_freq_e_1.79,z_freq_m_0.89,z_freq_m_1.43,xy_e_freq_e_0.89,t_freq_e_3.21,z_mean,t_freq_e_0.36,xy_e_freq_e_1.07,xy_e_freq_m_2.86,z_freq_e_2.50,t_freq_e_2.86,xy_e_freq_m_0.89,xy_e_freq_m_4.29,xy_e_freq_e_0.71,t_freq_m_2.14,t_freq_e_4.46,xy_e_freq_m_3.93,z_freq_e_1.61,z_freq_e_3.21,z_freq_e_2.68,z_freq_m_0.71,xy_e_freq_m_1.96,t_freq_e_3.39,t_freq_m_0.36,t_mean,t_stddev,t_freq_e_4.11,xy_e_mean,z_peak_d_stddev,z_kurt,z_freq_e_1.96,z_freq_m_1.25,t_freq_e_3.04,xy_e_freq_e_1.25,xy_e_freq_m_2.68,t_freq_m_1.07,z_freq_e_2.32,t_freq_e_0.18,z_freq_e_3.04,t_freq_m_0.18,t_freq_e_4.29,z_freq_e_0.00,z_freq_m_0.54,angle_stddev,z_freq_m_3.93,xy_e_freq_m_3.75,xy_e_freq_m_4.11,label
47.891226071362304,0.013629452441730973,12.72429839105459,9.513803425107256E-4,0.003982669732642458,15.270900212784747,7.035341942205751E-4,0.6324482091761209,7.327932900190642E-4,0.0053757248289137555,6.837552318945642E-4,0.4700554486457046,9.586141042312727E-4,4.447641125478625,0.00604637321835885,101.86896812397917,0.0012834098251548085,0.6324482091761209,141,6.030936506142206E-4,73,0.001204644419395478,0.5013116926007155,0.5531121293705715,0.7616108039235844,10.276838932053408,0.004113104112082983,0.2127829392867189,26.898869683447924,47.891226071362304,0.5435468672623769,0.4700554486457046,0.006143747096375027,13.658088467304031,9.425992480847308,6.719429127490774E-4,5.725158978569839E-4,8.743929433182393,7.745631181913226E-4,0.0010684912496520054,103.44390311483761,0.006153889146034768,9.316988832069207E-4,0.28022656813981656,0.0018352515758957425,0.007788941526608289,-0.1571229277334808,0.005686442589691784,1.700382821730729,0.5531121293705715,2.3420026830231553,0.5010619582561848,0.322781450324539,0.09510185888901848,0.032416633743562226,16.197461408295812,0.17915415580640925,6.28401951609055,0.7616108039235844,-8.136578466879632,-1.976004436801254,0.7049559190588236,0.0027283394124220776,-0.7256838263206333,5.758538888407246,0.005324555677498995,0.10446840145895699,2.0966411669570513,0.41243842643675943,0.35002601093899194,0.08628014404455761,0.027859123195727243,7.660033267806144E-4,0.00954080379818739,0.43388765999395457,0.005559645219574392,4.4256907652088704E-4,0.004731979326256688,0.0017772221413054304,0.011810311114129972,0.001284219439158845,0.4732762133171451,0.6653728967046841,0.0028328403921971156,0.4635179389098358,8.863015185343624,0.3753219516676439,9.402837684480259,0.31351141197864646,0.005804059530030899,0.0025959851359472013,0.4635179389098358,0.5684604384117666,0.0033755642017302876,2.0966411669570513,9.051356196342024E-4,16.197461408295812,0.01754585189531205,0.43388765999395457,12.72429839105459,2.724690314680978E-4,0.006034140758575501,10.343212339762346,0.013950366860987627,0.0035668125204736216,0.001607992009472507,5.727554179566564,0.0,6.424148606811145,0.8650517514990143,0.7572124379230755,6.767077773521338E-4,0.11985611480618619,0.004205045533395371,1.5657620750462364,229.69384294533057,0.002605388313660103,0.249068645929409,0.006028975854905372,0.05968467313150827,0.0,0.5684604384117666,5.552954410644039E-4,0.0033864742077798836,0.0038439105973409426,10.176886066862794,0.8676724753453158,0.45523404890855623,1.0,0.9721408768042727,0.009387090126819283,0.8650517514990143,0.00382744490724489,0.10520803796956428,0.018927893925006673,7.660033267806144E-4,3.9581940103367836,0.0020502227659394594,27.85801455377402,0.05394268061246284,13.39460469855854,0.0066267311581835716,106.04675645307287,0.00543266543156558,0.38023100878034166,0.908405691366446,0.6413020496821024,2.7026436093545985,10.343212339762346,4.256965944272446,0.0820233037838124,5.727554179566564,17.330644480806225,1.3931888544891642,2.863777089783282,0.001769177565794474,73,7.934843995535009E-4,0.5020182737071883,0.37940885408798036,0.9745858275099497,14.761089646509793,15.50352464165835,12.184605602622316,0.003022560080342292,1.8737875926080645,1.1169642816476315,0.05040665986800489,1.0363694028825967,0.0011665744368273595,0.034648664091440226,0.5117576585424791,0.0,3.4055727554179565,2.863777089783282,1.3931888544891642,9.139817537022828E-4,0.4211867036059465,0.2990801315353216,14.300843236842905,1.0840823584742054,0.017464165177473918,1.2815035077073773,0.003295926694631368,0.7483411204376826,3.4132312258583375,0.006085852788895916,6.299557567928674E-4,0.18766097583382205,0.0012374770817372485,0.0328829453421048,26.91952094953064,0.07793303240755417,0.001520487300819313,15.270900212784747,28.989348217352074,0.005258145254433772,0.7572124379230755,9.901459758378788E-4,57.89504178617824,0.00803266828522201,0.02491186007104299,0.34150371782921696,0.7483411204376826,15.50352464165835,6.848679170572523E-4,0.8105778122133317,13.929007276887006,4.930640356651633,6.658642473177958E-4,114.84692147266522,0.029340449818370803,-0.9373965762503444,0.0010930644138742681,4.447641125478625,6.652106007135419E-4,0.04091475376377124,26.91952094953064,0.5013116926007155,0.019504195552217652,0.001073274679237137,0.014707108591536204,0.8105778122133317,9.114887145705005E-4,6.90539210105473E-4,0.7189055877921396,0.11412470808280305,0.908405691366446,16.17659019889031,57.89504178617824,Lopen
57.89016704979977,0.0,0.0,8.873362326499923E-4,0.0,28.357287439657963,1.9827911327609832E-4,1.4063576214490103,0.0011396665291490509,0.004141027126479455,0.004215607255577985,0.6265330150498515,0.002913784968604559,4.049371939445753,0.006994897885488948,117.53072212761137,5.276615266626022E-4,0.8769713696274781,36,0.0,26,0.0013258879217283618,2.430389727407325,1.285300040370626,0.8861103875083997,15.608094722296732,0.023404274183500724,0.0,0.0,40.97702235969641,1.7391500097812482,0.6637117463212496,0.0,28.614752629681085,33.65110130785672,0.0010884756081172506,1.0297811425378357E-4,34.002763574960916,0.006571536807370691,0.0047798881385066406,68.20417825628189,0.01442882172888962,0.0013812363262506084,0.08444953837446528,0.001465298481751791,0.02591851438323232,0.020127162777203896,0.022111829399398028,-0.23634372659763037,1.285300040370626,-0.06449483198356615,0.0,-0.021469506036201833,0.0,0.0,36.495621004705484,0.0,-37.581910288239925,1.978237055865753,17.789669362922197,0.32785767267291455,0.596246338,0.01839168871507925,19.097677600125117,-2.549275457233014,0.0,0.0,6.912689176978349,0.021296411372899265,0.07931527725773861,0.16535355686283223,0.0,0.14760797874848602,0.3778128212367876,0.6637117463212496,0.17313121758442956,0.0,0.0,0.002408648516931697,0.008510510088116794,0.033074088419894995,0.27278355896687095,0.669677039705896,0.005345999985066742,1.400483828098731,0.0,5.0304401428926955,0.0,0.15848409083270218,0.04042708721209662,0.0025765235749234845,0.0,0.0,0.00643334948623634,0.0,0.008059866993419993,37.35436809602763,0.009401778266839142,0.6534836559035195,0.0,0.0,0.009276201538675807,3.2654721692342528,0.014394942845850842,0.0,0.0037918892432396924,0.6,2.2,1.4,0.8441799962316983,1.546255273331708,0.0010943490321905943,0.13357382989566932,0.003821762946224061,0.0,262.90216599895996,0.011243459014185612,0.11082603351161142,0.011304771592675563,0.005523968405813441,3.4,0.0,0.0,0.003604408353961843,0.025901591048283636,7.882027128543498,1.0,0.9787035886271007,0.0,0.0,0.3562219332697423,0.9335887362081037,0.1830907156853127,0.899388311369362,0.7340347545065299,0.14760797874848602,1.3250211785280512,0.180682067168381,26.468356458633068,0.0890771455514767,0.0,0.0227042529541404,84.19112901743149,0.005517094305900572,2.6180611939790612,0.8040237013649072,0.9335887362081037,2.0645317403321144,2.2947010816634457,5.0,0.17870962253627537,6.8,16.722230618963348,1.6,3.4,0.024910333126546984,26,0.0,1.9478487408037801,0.0,0.9241346518632305,30.494976931903995,47.4649431020249,44.76387246554734,0.004535810109533659,1.0815324105378263,0.0,0.0071020085446134185,2.896132167888636,0.008769791304376794,0.0,0.7039984647962023,0.0,0.0,3.4,1.6,0.0,0.0,-0.17463251776924585,21.820638588057538,1.6083994675473223,0.2670551220330606,1.9478487408037801,0.04893753932746876,0.7771457878167004,0.0,0.005481535377259935,0.0,-2.5152200714463477,0.005384449800984541,0.02020869756837962,24.2023934600594,0.015509368151574752,0.0012564956281335628,21.18338809755124,28.614752629681085,0.008856848360911385,1.546255273331708,0.0038575810198104056,20.260661381652948,0.0,0.0,0.03722455029542093,0.780710978117266,47.4649431020249,0.009531601101239068,1.7391500097812482,13.234178229316528,4.960869758974547,7.312369521508857E-4,131.45108299947995,0.016494721538786894,-0.9518822277954486,0.024584655356272963,4.160647249816845,0.0,0.047774737982879414,30.494976931903995,2.430389727407325,0.008790629809733101,0.005233646168041689,0.0,1.705826995056778,0.0023857226234753432,0.1549071439929801,0.780710978117266,0.08910172184127785,0.8040237013649072,18.365829047795714,20.260661381652948,Lopen
51.067833772136915,0.04877824262884937,9.166459888098728,1.4677561991741767E-4,0.0020003331088892877,8.816155715020205,1.2535711890073327E-4,1.0779337062659935,1.0588318210461977E-4,0.0017889907972109312,5.203405462029443E-4,0.45460395165342526,0.0015947244755367333,2.305428832975987,0.0015255273184983428,80.89501642215932,3.377260824812687E-4,0.4611175050026824,116,4.2883982668349095E-4,58,5.14265226194187E-4,0.48011852088268553,0.6326617805791633,0.5775682980530151,8.281055736718356,0.0032415494598099876,0.09412395697866469,51.067833772136915,18.084420211462028,1.0779337062659935,0.42703813460786116,0.005672181294675651,9.166459888098728,8.816155715020205,1.8729867553668098E-4,6.122727835667796E-5,8.237956335861227,0.0027305650698388603,5.316941752299972E-4,141.34988450128526,0.008881868040113601,2.980300568189661E-4,0.4179352977287925,0.001069656208629242,0.002547529159418663,-0.03254511716072819,0.004153254364687066,-11.693478212308014,0.6326617805791633,-0.2019618189023042,0.48011852088268553,-0.06738746130189807,-0.0233814398521885,0.0,11.624627036349757,0.08385186877408324,8.67744876652478,0.5775682980530151,10.604114925806964,0.16180861078662456,0.683136,0.0021761941479296223,2.4138399863803657,-7.175162869703677,0.0020395745542065653,0.0342577305413053,1.7565484964774298,0.12749985646790396,0.517584406090716,0.29601383995509944,0.0,0.0018485306002285528,0.017464662556534276,0.20375615534924463,0.002192563240760789,3.8538137681436086E-5,0.0025008361388913266,3.7788748572595645E-4,0.0050211418959949594,0.0027605230617257113,0.31891739409545733,0.7153322193947632,6.673123460309563E-4,0.44297669572003295,8.237956335861227,0.6621895741514642,7.550220067524962,0.1602028439370456,0.0029973811315872527,0.001879243604343595,0.44297669572003295,0.5208366647946213,9.008042554175055E-4,2.430412262948601,3.6610141472181643E-4,13.049859428690887,0.046039095952162566,0.3524671556364758,7.221110455856752,3.915435821127421E-5,0.0016260333224197496,13.839617610827291,0.006510052482767676,0.0027256529491189348,3.430278562946537E-4,5.94758064516129,0.0,0.0,0.7533151148102223,0.48888596872601564,4.619981324319908E-4,0.13226492727928504,0.0011062136721919041,2.430412262948601,197.35720662312468,0.002238261852435054,0.12213726889160875,0.0037205746683839198,0.04976498888773029,0.0,0.4585966558542521,4.292634712346827E-4,9.232919692818894E-4,0.00566656936824371,11.897032777505542,0.9657422694586949,0.8382424129907908,0.0,1.0000000000000002,0.00717950438844101,0.7533151148102223,0.00498694114768022,0.3206580069000748,0.024644166944975284,0.0018485306002285528,1.9114685100674058,0.004609053661954264,29.187620072763995,0.010793245926718122,12.225932112075638,3.6435937389565806E-4,130.0759982274725,0.00203199405863175,0.3524671556364758,0.7289355475671415,0.3506590931298418,1.9842414656596776,13.839617610827291,5.94758064516129,0.02282137330368705,0.0,20.008821055075167,1.5120967741935485,4.435483870967742,9.201769009325535E-4,58,5.315309550154205E-4,0.5158187596237619,0.22957942240211937,0.9814941251303024,9.284342373058395,10.681527216294786,12.225932112075638,0.0010658144130570697,1.200997941029912,1.3261434723354373,0.004653947081806939,0.82820001566378,3.582653233956584E-4,0.016177229176305867,0.2405577378667947,0.0,0.0,2.9233870967741935,1.5120967741935485,5.544960975805337E-4,0.22890715769520117,-0.02582893674021508,7.047502219596205,1.7565484964774298,0.015524675947749589,0.40868368426770807,0.0018325378727231858,0.4169134341225556,2.6446879943040074,0.0035810715957418048,1.1805609294882019E-4,0.30960824186640573,0.0024717143000187692,0.011323970938218979,14.247851041339047,0.011730894218849904,9.121031012089524E-4,8.11991895988475,48.76896863448541,0.003622528017452056,0.48888596872601564,7.857452385469957E-4,13.185585433054777,0.005029048863653439,0.028122576408708327,0.41549959454645025,0.5763582727740703,10.681527216294786,2.636487807397719E-4,0.9880581967837936,14.593810036381987,5.206134965223836,6.641666374616026E-4,98.67860331156237,0.02347884209902273,-1.1531506571610095,9.009969753546742E-4,2.6446879943040074,6.19780568272822E-5,0.05663005062234148,14.247851041339047,0.4611175050026824,0.005003043886060494,0.0013143719873821512,0.02976397591241832,0.8661108122012331,7.413343611952554E-4,0.0016446744887647258,0.5763582727740703,0.10620402612173395,0.5116386489702281,8.281055736718356,48.76896863448541,Lopen
38.32962585769382,0.0019062421112944602,13.259721497307966,4.938368017351738E-4,0.0025718942157068234,25.115020630069445,4.4047995122823406E-4,0.6938392685713624,3.19587402488497E-4,0.006403992263318357,4.220067283539623E-4,0.6527247565265326,8.318533704612812E-4,3.886782087979001,0.0023294549805520574,115.63222742464751,9.843945777320972E-4,0.6938392685713624,111,1.4429393646808925E-4,56,8.300262562808466E-4,0.915056499265014,0.3461659338733527,0.2577964363663307,13.764661656005982,0.0031612211104622683,0.16485356074699245,15.087791933570328,38.32962585769382,0.5062588291859978,0.6527247565265326,6.408342806031696E-4,10.36298979692417,12.782413171619032,5.347696062346326E-4,2.341844340342821E-4,15.74050505743228,4.890719168550497E-4,6.057409881254104E-4,105.48176509021434,0.0077154050551642515,0.003558160495812368,0.029754230456985317,0.0037262020619343193,0.0017099672952331842,0.18006633535792313,0.0013035654695430752,-7.557365450212682,0.4972141048194177,-0.588650630256695,0.6507720486419616,-0.17279723695194554,-0.05873460552289311,0.0,13.562921740355776,0.15259955590908164,-0.5960061850419285,0.21688213594249006,-7.7044453568927045,2.6352721230620624,0.7104519912727274,0.00223361189580865,1.7913916662068685,5.631341103192548,0.0022373285390050587,0.029434415574566098,1.1629485250297245,0.10987112682679556,0.3200567192864265,0.49000288228239264,0.0,1.2971324248828107E-5,0.045393581709883016,0.4536969545203711,0.0025414415119490623,1.682226354345034E-4,0.00247454907519149,5.193293679894096E-4,0.009334257616652417,0.0021675321157490638,0.45505641029359273,0.8140754372223992,0.0013530061445464702,0.4699117277599619,15.74050505743228,0.5919151108211734,14.27412704729079,0.25601784425079627,0.0017720119036418794,0.004024092433093389,0.30701910410254984,0.8136615206210579,0.0012974164835967044,1.2874253447773871,0.001309383781581849,13.562921740355776,0.006643530873970516,0.4536969545203711,13.259721497307966,1.840389484894224E-4,0.0013172925024289202,2.951860421201939,0.04107847697292265,0.0030319654791083955,5.091360011641796E-4,2.816901408450704,0.0,5.633802816901408,0.6663149589083928,0.4699117277599619,5.722050002737819E-4,0.13537315868741628,0.0027070212857394013,1.2874253447773871,331.65801747643684,0.004171956427736177,0.19825288212248016,0.03473545914067822,0.009266325872925016,0.0,0.8136615206210579,4.558562984855192E-4,5.770865272750498E-4,0.0029135705809867226,10.278501262737965,0.9705655844254342,0.8606944575986386,0.0,1.0000000000000002,0.005241274319936364,1.7554003797670614,0.0026998328079873013,0.5406377383122121,0.050634856029819375,1.2971324248828107E-5,12.316187323644055,0.0021805034399978917,31.24344096433572,0.03707184550007182,5.312658938968864,0.0033156545953150684,97.48797250230575,0.002172596348299498,0.41753357062597496,1.0320098882815651,1.7554003797670614,2.6228910448087612,12.316187323644055,2.816901408450704,0.0417497806306782,4.325955734406438,17.513182307525813,0.9054325955734407,1.408450704225352,2.666494874023034E-4,56,0.001072185643270589,1.003393651804877,0.3112909736860818,0.9780480050959371,66.84695133391753,10.660890490824556,10.872920105124683,3.68826328255699E-4,1.240428274442566,0.6465336793246618,0.0035150371313043536,1.003393651804877,0.0011401068386079668,0.0061360482835478136,0.4610133615485239,0.0,0.0,2.816901408450704,1.408450704225352,0.0010596833960084542,0.49954787168750286,0.4686581623859016,11.887471256775932,1.1629485250297245,0.0059048061397992645,0.8802572689430822,0.00403671745421242,0.6017440977556784,1.458926664304143,0.008049235377878019,2.2881867397455994E-4,0.2162116604732906,5.65277391215227E-4,0.01173040731208832,32.35443862796277,0.39664215728686913,6.989470443376271E-4,25.115020630069445,25.699925078528732,0.008617510686887727,0.4610133615485239,3.848811128676769E-4,19.37082094089423,0.0027090686069786703,0.009516099312003262,0.41686270713097995,0.6017440977556784,10.872920105124683,4.6601932498500833E-4,0.47899749100166206,15.621720482167854,5.2275814802332,5.68008812392134E-4,165.82900873821848,0.015789457666368235,-1.13427713676038,0.004249352974928371,3.886782087979001,3.212587803380386E-4,0.01298216714359848,66.84695133391753,0.915056499265014,0.007853221390825532,4.182086808911853E-4,0.010069543944905229,0.47899749100166206,2.2646855891944264E-4,0.001428042169683113,0.3690439850614218,0.1046181425676314,0.9159873054862183,12.883349188380729,25.699925078528732,Lopen
10.3701066692597,0.003225571442422113,15.5254291554707,0.0012451011221675946,0.016089071592549478,23.168531618468553,4.95467216378888E-4,1.0392931811560477,8.683146247352318E-4,0.005609619951072814,6.923831447936359E-4,2.2939533329743176,0.003392424532477778,4.640907182699338,0.006481896059227103,60.43294637095598,0.0011241154629013518,1.0392931811560477,46,0.001377020739311975,32,0.003260739481256018,2.3267952652393324,0.68050649590668,0.9656610637413097,14.364585937406677,0.027351468342958048,0.17850449557507841,9.5121974458085,10.3701066692597,1.3245236847994424,2.2939533329743176,0.008001937998327479,8.497770638730643,23.168531618468553,0.0028677881723451868,3.037084698359936E-4,16.78639387673226,0.004733310834262972,0.0023197837969988213,65.71816862388613,0.005422173010514215,0.008712366341897556,0.0296998198693214,0.008964390128931557,0.015009218148153338,-0.11203098594595634,0.007977456089484126,-0.08052150332972396,0.9341378027505871,0.22270630938347913,1.6233316791582821,0.055575119385686725,0.018171313218436798,0.0,22.9601616893602,0.15194637870821406,-40.12168222642177,1.4043499223743687,2.5411313371035753,4.693928339110738,0.7134094238333334,0.027677350172182397,1.5969443082907158,-2.3852308457054696,0.012610223479989543,0.020856589223267556,0.8406060196855549,0.07877849991914547,0.2632445739154331,0.37176665287819616,0.0,0.0963163258291218,0.14657522347099108,0.6097121856941476,0.01436032913224266,2.0993597380464677E-4,0.009760087090211242,0.007715442334693731,0.016205407568972187,3.8636329690862147E-4,0.4606344957267174,0.5780964454514441,0.0059057455409845866,0.49272673270801226,16.78639387673226,4.318460687691836,15.508541162704061,0.28645671926504696,0.012033942349639724,0.010365750612491079,0.6705388740380983,0.9341378027505871,0.004805163961590742,0.2490978762016064,0.016007883050189263,22.9601616893602,0.0066797883140723695,1.1735145944000922,15.5254291554707,2.0889553857068643E-4,0.004036142083914115,2.187338407884663,0.01012091317797494,0.01748823733738966,0.00223062062728821,0.6666666666666666,2.8333333333333335,1.3333333333333333,0.8320206699773142,1.0300869921837172,0.011204610227705693,0.09938352156462066,0.003697624509335566,1.7290442307990646,128.66137481665703,0.016549482597618327,0.2182498962967099,0.005443227890150972,0.04499219106587027,4.166666666666667,0.8716913348477736,0.0061349796954731145,0.005093430669038462,0.033302428624095985,7.8268827292197,0.9791434107767327,0.9003649108575872,0.0,1.0000000000000002,0.11877846059296682,1.9532719310193156,0.10441813146072415,0.6371203369421541,0.2653536840639579,0.0963163258291218,7.6215984509091825,0.09670268912603042,20.99774919247842,0.08491497608053857,15.210524964146005,0.015368302164440292,89.19550933259558,0.005146861869649009,1.1735145944000922,0.8693005495404574,1.9532719310193156,2.596950690410656,7.6215984509091825,4.166666666666667,0.10508828229607291,4.833333333333333,16.92730324033739,0.8333333333333334,2.1666666666666665,0.009567322569436001,33,0.0028612291661896595,0.8227087228716391,1.0042079727224718,0.8790688090216805,8.242706767444554,18.735140369493344,15.210524964146005,0.005595280623649498,2.1258128044690956,2.1824954058967276,0.04253765511468631,2.0738753212363257,0.011879714505230185,0.041002382592628804,0.6521682517143401,0.0,0.0,2.8333333333333335,1.3333333333333333,0.0023041104964492197,0.6957067125945657,0.115952175612117,9.575437833591694,0.8441897745398339,0.002936606765107234,1.8890704192671164,0.019017133108635294,0.9257679834401992,2.443204203473697,0.017129159477878353,0.002968106432128893,-2.1592303438459184,0.003508781583810142,0.006146921398900596,15.508541162704061,0.2445399354553458,0.0018132153131305972,20.77157846954783,11.171713595082984,0.03282741371421351,1.0300869921837172,0.002656390420676969,34.673192984860194,0.03462888435089564,4.4662433086202063E-4,0.24019972819305083,0.9257679834401992,18.735140369493344,0.004744324120536257,1.3245236847994424,10.498874596239213,4.459684315281086,0.010582353525051592,64.33068740832852,0.039356039245877175,-0.4922165387778632,0.004320758798201562,4.640907182699338,0.0013990551268189383,0.006713750935533654,15.409771623039877,2.3267952652393324,0.03625200230363638,0.001164158803712876,0.011630963350548739,0.758567982121683,0.0010380349647497549,0.08191511684360098,0.9656610637413097,0.06629033267659047,0.8693005495404574,9.969695641088956,34.673192984860194,Lopen
36.53798444167001,0.0,0.0,0.0018954272193180506,0.0,18.949926428815438,0.0,1.392793101725233,0.0,0.0,0.0019492019779519141,0.0,0.004358274504103019,0.0,0.014923429774736393,67.92377356931568,0.0,0.0,30,0.0,21,0.0,1.0965436526989378,0.0,0.0,0.0,0.0,0.0,0.0,0.0,0.0,1.273554684929555,0.0,20.002865462970092,0.0,0.0,6.520788371702501E-5,9.298865492973873,0.0,0.0,80.43938922376715,0.0,0.0,0.7891528531813677,0.0,0.0,-0.0751297987891372,0.0046632805411465144,-0.3056996209291309,1.6015620710849874,-0.07600102285076302,0.0,-0.024835812034867802,0.0,0.0,0.0,0.0,-15.772954602349962,0.8974667033323187,-0.9070491804759753,-4.652495948558041,0.6932373046666667,0.0,5.956230581728934,-0.5516853729341289,0.0,0.0,1.6332890095096708,0.03027045916731875,0.11287118919869701,0.35656623334245546,0.0,0.023655493915608197,0.4452702497700913,0.0,0.025783212236525438,0.0,0.0,0.005504933404335557,0.05274640564424977,7.822896496834256E-5,0.0,0.7703464508349983,0.0,0.9835635551179928,0.0,3.178685810984429,0.0,0.0,0.0,0.0,0.0,0.0,0.003791361901685774,0.0,0.002691421818155765,29.278132392680387,0.0,0.0,0.0,0.0,0.021244285444353417,11.366182971577336,0.0,0.0,0.0,2.8947368421052633,5.7894736842105265,4.473684210526316,3.159272520121601,0.0,0.0029271746329208657,0.09917020676267066,2.6486956072150963E-4,0.0,156.72278137226948,0.0033692017696963987,0.09050619180626461,0.0,0.0,0.0,0.0,0.0,0.0,0.031661259073723226,8.850176181841356,1.0,0.9697295408326813,0.0,0.0,0.055021868521437534,0.0,0.029238656284912096,0.8568583516339844,0.5002921182915289,0.023655493915608197,0.0,0.023733722880576538,23.6729561011649,0.0,0.0,0.0,82.94757751696461,0.0,0.4141837333629457,0.0,0.0,0.9100539146499721,0.0,5.7894736842105265,0.05423569371991425,0.0,16.538327019077656,1.3157894736842106,2.8947368421052633,0.006499483916476252,22,0.0,0.0,0.0,0.9600889958854151,0.0,0.0,10.909841319303428,0.0,2.20345846995851,0.0,0.012574524734083391,0.757850292752802,0.0,0.0,1.0505499784504193,0.0,0.0,0.0,2.8947368421052633,0.0,0.0,-0.2548565600284011,19.23757800776607,0.0,0.025085916797989025,0.0,0.0034763601606225517,0.0,0.0,0.0,0.0,-1.5893429054922148,0.0,0.0,39.54737813107366,0.0,0.017188395322473956,0.0,0.0,0.01664266493219617,0.0,0.005786923481393975,19.064835501643696,0.0,0.0,0.0,0.7342464410343453,0.0,4.8487835217430177E-4,0.0,11.836478050582452,4.335608548558191,0.0,78.36139068613474,0.011667178101444511,-0.9494965174633467,0.0,2.60584249361274,0.0,0.07182849725081644,0.0,0.0,0.05497960571816893,0.002629306806092684,0.0,1.0385343479835452,0.0,0.06244864715933703,0.0,0.10451855643426532,0.20132159154624063,0.0,0.0,Lopen
38.78114616588482,0.0,0.0,8.864047069688646E-4,0.0,16.00887102377045,2.8543060737823385E-5,0.3232351923470588,0.0027391964401931295,0.0013429783741760355,0.004440605986535298,1.1709112987405559,1.8920922923295976E-4,2.91634572765743,9.587505762013346E-4,81.70307701930193,1.4209578902318635E-5,0.6814187338581926,44,0.0,27,6.486240075499841E-4,1.4960811029981869,1.1709112987405559,1.0088484210416837,14.93191041018265,0.0192984880000692,0.0,0.0,20.16223540401553,1.102443585984758,0.6992539215116451,0.0,26.55834442490433,24.4910909918734,0.006245654271084704,4.548359467890781E-5,36.24383096685221,0.0016850455853583402,0.0012497101538465499,92.00649928332304,0.05367975235281426,3.3162633711479784E-4,0.047476440091880984,0.0026220041493333988,0.008217019204438786,-0.08704050774497704,0.01711087809323322,-1.0776130244012867,1.1141190311004816,-0.33438683560691274,0.0,-0.11510152343781203,0.0,0.0,27.566441273535315,0.0,-54.92775698494119,2.79845646928992,-16.718882484023602,-0.2345995142458559,0.5904693603333334,0.0094747174992164,-1.0913722655175933,6.348274934011657,0.0,0.0,8.648327508077134,0.027071773652882578,0.09966419296081092,0.3533561601857616,0.0,0.18512976613994128,0.24382590760700093,1.2870906338420958,0.037789224231669825,0.0,0.0,0.036011281473979896,0.027918243836689335,0.017151693747952987,0.046649374091335086,0.7418636533333887,0.018911448147310512,1.7517734127922306,0.0,6.002724028574376,0.0,0.07090877282554424,0.020464012060349833,0.006109107298591525,0.0,0.0,0.010107469883419032,0.0,0.0033115519146534986,27.566441273535315,0.013740478036883792,1.7987481902287752,0.0,0.0,0.015456088100708188,3.1892320003721255,0.02663837874202013,0.0,0.001455056298571573,1.8072289156626506,5.020080321285141,3.4136546184738954,1.3848966085268422,0.7545492369561795,6.341627680414694E-4,0.13248535226334274,3.420674330133337E-4,0.0,228.52827737157662,0.02158871037003574,0.0803238755209887,5.673683722968393E-4,0.0042849872223836944,6.827309236947791,0.0,0.0,0.006445481133838162,0.011419022669447004,9.128690815731494,1.0,0.9729282263471174,0.0,0.0,0.27608196559354403,1.3848966085268422,0.2382927413618742,0.8732640333863065,0.519907873200545,0.18512976613994128,1.3406161706737396,0.20228145988789428,26.992027084096247,0.04491407750008667,0.0,0.0016547398033240968,128.827587451646,0.0070943809197799934,3.4768060618695062,0.5040222852290657,0.36854488013314024,4.908041357341974,1.34601967149401,3.0120481927710845,0.10342443291471594,5.020080321285141,19.223240993707904,0.6024096385542169,1.606425702811245,0.033483334501659426,29,0.0,2.887671649822497,0.0,0.9336385017277435,5.559440559274302,22.81374664163675,30.35416014266705,0.00648796561695688,1.3406161706737396,0.0,0.004485344540540606,3.5645063609374295,0.003450349113632781,0.0,0.7552299274969323,0.0,0.0,3.4136546184738954,1.606425702811245,0.0,0.0,-0.04416455054083382,7.6474290299625824,3.6461810587675485,0.3490048368076093,0.6265794076906399,0.08337757635466697,1.6826055711526648,0.0,0.00473178210058081,0.0,-3.0013620142871886,0.001920272802507107,0.006864016356052314,42.96469267129396,0.011799738280302887,0.0030216811753724635,16.00887102377045,26.55834442490433,0.004599014584641871,0.7552299274969323,0.003016238188453418,16.64001289321532,0.0,0.0,0.011857255477071983,1.3935762037106403,30.35416014266705,0.01956346575009705,1.102443585984758,13.496013542048132,4.92194552982717,0.0017602951766778091,114.26413868578834,0.0212509282927359,-0.5916196132081799,0.03313691631888935,4.195124786549899,0.0,0.027115558082450215,42.96469267129396,1.4960811029981869,0.008676183756396845,0.0038552739935854338,0.0,1.6525828233311228,0.0033350702234458923,0.17378906901754831,1.0088484210416837,0.11057531287310249,0.29142221600981805,16.64001289321532,16.21028573717331,Lopen
32.07111597074091,0.0,0.0,0.0026005528684647588,0.0,18.952624179384653,4.957482161606619E-4,1.0091110499091054,0.002695464464221358,0.004367706921652495,0.0025992936231278812,1.1224341324288152,0.0030126880096429235,4.340642473455509,0.017823037900681852,50.69708629564769,0.0013572496013799832,1.0091110499091054,43,0.0,28,0.0023037375911523746,1.792839015927707,1.1224341324288152,1.2823183891188914,12.968035518433311,0.007120299675743936,0.0,0.0,32.07111597074091,0.703441897383123,0.8127379923560251,0.0,15.45187955205798,18.952624179384653,0.0025389818019309197,2.655705709714506E-4,19.682970805378563,0.0013320844132614952,0.0017641357830825634,80.25361980945081,0.004744797571450222,0.018647196226001913,0.02424117351161617,0.018515782594756516,0.021651797134224035,-0.11685442896244516,0.008135066825365496,-0.4521125364731691,1.1951076429705476,-0.12082542993345742,0.0,-0.04022797310864979,0.0,0.0,10.93873509539643,0.0,-32.295928973092444,1.3653768133725284,1.6232893243621032,0.41124712048882905,0.7200500487999999,0.01977335651270647,2.2914034704424937,-2.5660533960382295,0.0,0.0,1.365989699591402,0.02642564871935715,0.09896094183757739,0.24466668486902124,0.0,0.1051491200800391,0.4558836406823793,1.0081970540113154,0.04229276823018529,0.0,0.0,0.026355550398432938,0.003052494571137633,2.6564518300743E-4,0.5700342305000452,0.5918125641993193,0.0027503840438409355,0.8918910235614309,0.0,5.18006635699915,0.0,0.32258695888609445,0.00962192874304935,0.009505605819307988,0.0,0.0,0.005185099210678309,0.0,0.007398841966448462,10.93873509539643,0.020087328873868788,1.0081970540113154,0.0,0.0,0.014849016139148364,2.669845078032605,0.008964778999243826,0.0,0.0015236004389184313,1.4,5.6,2.8,0.7519815211202142,0.8918910235614309,0.0019868229843690265,0.09163423986074609,0.0011030233082022437,0.0,105.83447063594127,0.02108657403656871,0.22942199099214886,0.0060297674014462765,0.030689200867380934,0.0,0.0,0.0,0.005546997651923789,0.006488517695704171,8.593061781860394,0.9999999999999998,0.9735743512806426,0.0,0.0,0.17406308389166475,2.9553605318783163,0.13177031566147945,0.8746134094430652,0.6299467245740441,0.1051491200800391,10.101507552768847,0.10541476526304652,21.394728153248863,0.06043283369891134,0.0,0.016063404236391483,94.50210839514271,0.017136378264987956,0.6685667942032927,1.1648368251042016,2.9553605318783163,2.2842952621315917,10.101507552768847,3.4,0.06192604791484901,4.2,17.529976108268,1.4,2.4,0.011100286711237592,28,0.0,1.564248747991555,0.0,0.9120477199548692,10.590701705776842,18.314792833135083,10.377076750655323,0.007490338567911498,1.6218721717760958,0.0,0.02109279655427202,1.2619903863270543,0.006675957940921746,0.0,0.8213766970682451,0.0,0.0,2.8,1.4,0.0,0.0,-0.0079933361697282,18.314792833135083,1.1648368251042016,0.006355404875404744,1.6218721717760958,0.006543356235945935,0.7802736488754627,0.0,0.017738425751046876,0.0,-2.590033178499575,6.776181767727101E-4,0.06093821191413135,7.58663795912007,0.32456004580095765,0.0018262767247824575,14.515636656858598,18.382917119343276,0.030102976910521724,0.8213766970682451,0.0029705869198498815,15.590777570673414,0.0,0.0,0.3453810428284334,1.0149317765258141,10.377076750655323,0.0014051344634995887,0.4173903073644478,10.69736407662444,4.337338696417004,0.0038235636619065165,52.91723531797064,0.013941082716175645,-0.9447344769340122,0.009245996691494741,4.340642473455509,0.0,0.05629987521014235,10.590701705776842,1.792839015927707,0.010052511259171481,0.0010187083463976023,0.0,0.5878168806161416,0.0026352510456216153,0.09079098057141473,1.0149317765258141,0.05738974884517563,0.5700342305000452,12.968035518433311,18.382917119343276,Lopen
26.252860853765874,0.01711778645765836,12.350240286858,0.0016769549040467054,0.018245189251301898,16.510604688325753,5.816708593642707E-4,0.8006899144253307,0.001879978325729718,0.011028720288535479,0.0026526155383440803,0.9216102373566745,0.0022516831296832632,3.797693738058947,0.008918332001466238,61.28172028532129,0.0019297868701650756,0.8006899144253307,61,0.003591844764279165,42,0.0015360364217926108,0.8933617540941087,0.7861130573269347,1.0419399711072672,8.27837616473354,0.027402797643280515,0.15375904267478752,18.529178842456073,26.252860853765874,0.6284143689410576,0.9216102373566745,0.006523314887450059,12.350240286858,16.510604688325753,0.001478927796326996,4.359799456498206E-4,8.016288402705563,9.928233676970869E-4,0.0031331495673077715,52.95050188354951,0.024775545997628854,0.0017238254888047922,0.15213637087035534,0.008415712619493363,0.006225538128934634,-0.18735229594614972,0.013110509330100639,0.3575742389294977,0.5289618151150248,0.07966481869485928,0.8933617540941087,0.020360554658582927,0.006696479721854165,0.0,25.938054045665663,0.1399489780964497,-38.18880631609789,1.0419399711072672,7.750581503933558,5.345527825283862,0.795085907,0.014949711796542552,5.429658606625409,-0.9876463859768658,0.005044211596874559,0.023418969343782466,1.9133294862745416,0.0875719507595195,0.27846759260253057,0.3723272172002356,0.0,0.1040028419590407,0.09179118258447393,0.6844319975826727,0.031995792403575724,2.0620998314744164E-4,0.007105757692632287,0.006140530554809279,0.025157807688846772,0.004283922592032403,0.5126585924034659,0.6112045495921059,0.0036884915964537908,0.866117737873067,15.855295227660056,2.9836528707901424,16.46034503593449,0.23277212144737836,0.01507755563298451,0.004070657678965943,0.8899204312996715,0.6767739000715483,0.011626479656007537,1.7017920762989236,0.002537318152788197,25.938054045665663,0.005064157653628135,0.6844319975826727,8.713978746204187,2.402774926750645E-4,0.009203828647011561,4.83232665289554,0.021952003841260604,0.011816839382767313,0.001850060342006816,0.5,2.25,1.625,1.917441427491155,0.866117737873067,0.0030453912498324747,0.09781266311812362,0.0053878784485618175,1.2200697264804163,139.09030906434845,0.003553196681539734,0.19574003619218075,0.009965064981005998,0.015255829980828209,2.875,0.9772250025519764,0.004256875224126289,0.012348736795525854,0.027829167390862324,7.131064856328885,0.9765810306562177,0.8890090798966982,0.0,1.0000000000000002,0.1464230875094581,1.917441427491155,0.11442729510588238,0.6105414872941676,0.238214270093932,0.1040028419590407,3.554931147813387,0.1082867645510731,20.94148378096573,0.08114591005895073,13.32689588971065,0.00843902663386774,61.16505413921814,0.005417491907220248,0.745189328750473,1.0136461482638564,0.7451217359128163,2.02597840255322,4.83232665289554,2.0,0.08948797782602001,2.875,14.089858369826786,0.5,1.375,0.009256214833936335,40,0.004097476181418984,1.1600376216664483,0.793233670779378,0.9230448834204432,12.956506608993466,11.585200352875637,18.91789149242301,0.010166191268253336,3.554931147813387,1.5360461975834352,0.01755282070638584,1.5360461975834352,0.0010490465760924221,0.01783712905941672,0.7451217359128163,0.0,3.625,2.875,1.375,0.0012076528415322933,0.793233670779378,-0.04594595638620128,12.208317793365932,1.9133294862745416,0.03127873997290248,1.1600376216664483,0.022665782945975287,0.7380334710712412,1.5144079364951697,0.009938046671022908,0.0025355638816032962,-1.4918264353950719,0.002875858052346081,0.03442870566309407,20.546657366329374,0.11296315721177154,0.009005804649183446,17.040090905959833,8.840301153240167,0.011793048318850164,0.8427915269913111,0.0012868831565733417,20.92569921451344,0.01815200235080949,0.025749818822415938,0.16239627583719735,1.4803303722368657,18.91789149242301,0.001488127258748944,0.8610302174838111,10.470741890482868,3.5904664462804448,0.003621724725955669,69.54515453217411,0.27331766679374264,-0.6877517320056086,0.017829851807738557,3.797693738058947,0.0023630679658822587,0.03607607879537797,20.546657366329374,0.6351349206088815,0.10316429657261088,0.004060404131702695,0.013493068427920188,0.8610302174838111,0.0023403102662581192,0.05158840756614326,1.4803303722368657,0.06561773656005078,0.882665615380926,9.65832372931899,20.92569921451344,Lopen
24.382550567398322,0.05125033351394223,29.69051099595231,0.0019071112706763019,0.01688215602967414,24.386901669527145,4.2229460000405987E-4,0.9848134401628577,1.8607100070106703E-4,0.00317720804361338,0.0028074966368947054,1.2934626780723095,0.0020676894731491368,2.6180249103994995,0.004915273730935495,93.03828389281608,7.412917897359746E-4,1.107178675611678,47,0.002081242290005903,34,0.0037592387364359108,1.1729388170246637,1.2934626780723095,1.8233278445525358,11.799328771248012,0.028920962926563903,0.1514639071538478,51.199532124341715,25.055854443943193,1.1751638691037936,0.8349712386648283,0.04582425710329439,22.12894676048866,27.814430492710933,4.250363864872877E-4,1.5437907162964377E-4,11.799328771248012,0.002646851247086221,0.0014760271931197084,88.7208777107733,0.0064875903295985885,0.0020143996657563455,0.13103894237398858,0.0020334672599362303,0.010341176657610555,-0.21066381418909355,0.01122144733115265,-5.579171956164949,0.7710787707230861,0.22617129165580074,0.18096859517528516,0.08021607398275633,0.02828020702511149,0.0,32.26631982457878,0.13235750572805757,-45.08553317228464,0.9411384806751557,-7.40157825077376,-6.197897048257239,0.613037109375,0.018023911999338192,-5.9070564666675125,-11.835454610451205,0.022099610920111007,0.029413617914871674,3.7218007713052788,0.10874056038666098,0.33827445955763374,0.33598143152535076,0.0,0.09532667709945021,0.0678349531525835,0.34658179493556274,0.012100512194160059,1.1479138549792523E-4,0.021852450570956392,0.009758642645395702,0.01180712774062626,0.0025691455238932145,0.3793504303413518,0.5838521772933026,0.003961009502635415,1.2019753005248444,14.674283206340691,5.264889603464453,25.959236158116223,0.268052522234299,0.014434663272114257,0.00321175497503609,1.2019753005248444,0.5861252790253134,0.004637869261289964,4.593900829985198,0.001968400471200568,32.26631982457878,0.011869517589137343,0.5382962055875646,29.69051099595231,8.932905514869202E-5,0.008602559833689835,6.63541437619674,0.00666895417743959,0.008010254642835024,0.002338149766822395,1.8461538461538463,4.3076923076923075,3.076923076923077,2.554766933010079,0.7404894974371268,0.0011512672925463778,0.11944100185894413,0.0010215253860269497,6.63541437619674,188.9697377480009,0.004086196722021242,0.1774027658136079,0.00743682270341208,0.015686884128380613,5.076923076923077,1.0588066471320616,7.65603042826389E-5,0.012462052068843996,0.024413599955695715,9.057789674117325,0.9705863820851282,0.8618458216984671,0.0,0.9999999999999998,0.11975497746289919,1.1119887693050627,0.10765446526873913,0.5235713621408334,0.18758993061548268,0.09532667709945021,1.2212977222457961,0.09789582262334343,25.450613450732625,0.021799067660633484,51.199532124341715,0.013174189262940256,109.77725240082458,0.0016938365986143512,1.5321940405941457,0.9506351355478808,1.1119887693050627,1.9878716707071307,1.4689378915346956,4.3076923076923075,0.032620831481283134,4.923076923076923,18.127262606586008,1.6923076923076923,3.076923076923077,0.0032568711847140316,38,0.001624336572042388,1.5324823224486093,1.6212994291912082,0.9134868009231271,18.74746175326333,20.607968346257476,21.2156697649334,0.01017611166034219,1.3963347479719523,4.8599445972948105,0.005316790486099659,2.7450243611069323,0.004331040912134607,0.08018600043869624,1.0771972624127537,0.0,0.0,3.076923076923077,1.6923076923076923,5.290865901730028E-4,2.554766933010079,-0.014615745442471536,13.90118543343383,1.175982361683425,0.04322352895081932,1.5324823224486093,0.021953001162302282,0.7528493184049277,4.8599445972948105,0.021609521675280206,0.009958566899327528,-2.632444801732227,0.0033387209126075124,0.013726275106402855,25.959236158116223,0.006916808477400078,0.009485562174722597,25.055854443943193,22.06705408504383,0.015172521188636745,1.0771972624127537,0.0013214430062158183,17.01899364531404,0.08838980765109226,0.15724137772981087,0.008806960402966302,1.0333922760978531,21.2156697649334,0.0037150937464975,1.1751638691037936,12.725306725366327,4.619304127717653,0.003942612282030857,94.4848688740004,0.03386373264259333,-0.9381492466087549,0.008216893279888535,2.6180249103994995,0.0158455339812391,0.011068961127696585,18.74746175326333,1.1729388170246637,0.009763605359863621,0.0016841265533305268,0.24285842724386308,0.9945755417057863,0.003798066451450539,0.087108235185371,1.8233278445525358,0.07904119248818965,0.4649130216073073,7.893659334026415,22.06705408504383,Lopen
61.56969562500531,0.029956765697037563,18.120180068128448,0.0021241496604478727,0.003430893206436941,11.963783102071442,1.0961235535569743E-4,0.7216810595859642,5.974502198897149E-4,0.00661808062489592,8.146179169208976E-4,0.5542965879803899,8.146707030267984E-4,1.1214311500181233,0.011231301081272543,135.30418749246337,4.533192650837206E-4,0.7216810595859642,144,0.0011767842430996712,76,8.232646864007772E-4,1.1438100870082477,0.5542965879803899,0.6555084924957193,21.16774346942351,0.006088371077752413,0.08654085531833997,61.56969562500531,14.007991386564049,0.39236256685962234,0.46246161894649324,0.004500798475105168,29.61510409464516,17.367829747598385,7.686085333262109E-4,8.529035049209173E-5,21.16774346942351,6.674746925673666E-4,4.106982692348463E-4,117.75871936609542,0.005946171976867524,0.0016752078115410485,0.3477978430432519,0.0031157191348420987,0.0050731670083019155,-0.2821874330342757,0.002456245016337654,3.078120293754541,0.5975794970653577,-3.1758726793770142,1.1438100870082477,-0.058124680026499065,-0.016310836568869697,-0.005423280948071506,17.367829747598385,0.07050773715392343,-18.45337495757233,0.7694660283530184,-5.167348492183075,6.515363049852946,0.6848130409411765,0.004663817058372883,-1.072940470550023,-2.3384735912667454,0.0016248192874462172,0.10793562805721028,0.8200964611289517,0.29380082924688533,0.4471201270875175,0.10115907554808515,0.02885997336787931,0.005844096148083577,0.004935283837805678,0.46246161894649324,0.007241336529495298,6.22379352420176E-5,0.003775464381726931,0.0026454014750552173,0.04423690840959045,4.5824870198262656E-4,0.3376586128898671,0.647938402508174,0.004106266656667113,0.7126047702003904,15.450229388815055,1.0348631467426381,15.450229388815055,0.12819686922890475,0.0016877839334126894,0.00389614159199023,0.7126047702003904,0.5975794970653577,0.003767423671913044,1.0523425134126865,0.0017741735441666074,13.99633055669472,0.054499832552702084,0.4828985003228271,13.301649502667729,3.618810847569107E-5,0.011038847264167512,12.27021915428255,0.04423556907913334,0.005126383467183013,0.001324079736392111,1.4728682170542635,2.945736434108527,2.3255813953488373,1.4130351222890651,0.5048080693622896,7.324623734238215E-4,0.1391109062279992,0.0015235254988183134,1.2547598900037795,302.969681213252,0.005814338247150965,0.10577420234532184,0.007980529654154621,0.05108812213690648,5.891472868217054,0.47338158824718385,0.002177649336722615,0.004302015251815102,0.0036948589914346523,10.856377048330195,0.8632043985749104,0.569403569328025,1.0000000000000002,0.9711400266321207,0.016189082854616718,1.4130351222890651,0.008947746325121419,0.12228344224050754,0.021124366692422396,0.005844096148083577,2.0386630809972552,0.006302344850066203,31.25328109722193,0.006635054750475726,16.700533242423308,0.006229290812296541,125.61960897541728,0.002053026745775893,0.5249554509943078,1.5359930512086155,0.7888571713043323,2.149795468404109,12.27021915428255,4.4186046511627906,0.0941275745335202,5.891472868217054,20.097685305796187,1.4728682170542635,2.945736434108527,0.002427671611268792,76,6.378563111819883E-4,1.0165844202315644,0.5564935631352929,0.9691260979372074,25.636714356946175,17.62855476461476,15.485311913228234,0.0028308004373494952,1.1327981288633404,0.919265818121176,0.0055594433588174045,1.0165844202315644,3.995620675292041E-4,0.09304953718549266,1.0295648725931952,0.0,0.0,2.945736434108527,1.4728682170542635,8.3208920591798E-4,0.5564935631352929,0.40424404523874125,25.636714356946175,1.5359930512086155,0.003109877235878736,0.9251304854666836,0.0069219805722836696,1.0367078460101593,6.469915279151779,0.004059011626553716,9.84781117850448E-4,-0.28377255534519563,8.132454651466692E-4,0.003782124860848662,73.74576989052547,0.014945978404018314,0.002879561428118247,14.007991386564049,78.6665915389799,0.002373996421788854,1.0295648725931952,0.001020403683899587,16.735865415823984,0.006230375001881422,0.006255747361434134,0.3534643394590934,0.8411764125830482,11.33050713845234,9.509640292849174E-4,0.571194037857652,15.626640548610967,5.009048336597862,9.285799481250501E-4,151.48484060662602,0.028376495036742208,-0.8856050087660425,0.005335749417962397,6.469915279151779,8.471922451265291E-4,0.028133036860424714,73.74576989052547,0.4555767705488813,0.009049291897744793,7.125620193324305E-4,0.008068778986022079,0.571194037857652,8.700936792772594E-4,0.006509977594399605,0.8411764125830482,0.1217721396436467,0.6460138630136615,10.839983832314397,78.6665915389799,Lopen
64.81166127259323,0.029101341988335756,15.844164985788893,0.0014367531968624567,0.002470476413491771,40.27487626996113,9.268014885752352E-4,1.0267154081685386,8.356750701519332E-4,0.0030582973886507667,7.784321094501719E-4,0.8255802851290183,0.0014125563024595365,1.5479780469295745,0.0021407242913129795,155.43804496662767,0.0015569812931688026,1.1639760476347327,80,7.248805326385055E-4,43,0.0021496958182192086,0.9242875789333418,0.8255802851290183,0.7587591480618414,20.109145282586308,0.006109410418959294,0.26522392543870393,64.81166127259323,25.991360388965585,0.6945469848570409,0.769301374713342,0.005513001108128339,96.36504268535106,30.397061974331983,0.0011349756367605188,3.7256845025161994E-4,17.20579408315346,8.365353219002114E-4,0.0011496910026115156,109.7757856964896,0.001755878499902994,8.697380203811297E-4,0.29368472820244595,0.0022756327680763157,0.002706053412727485,-0.24626230703731802,0.003570356651172723,-17.095086722919948,0.43093830351145707,-0.3785731914790994,0.9242875789333418,-0.1106212842571735,-0.03764773057043087,0.0,30.397061974331983,0.23333819197546912,-9.606278349465562,0.7587591480618414,2.7251527994912204,-6.611237577563223,0.652067232,0.007318435196691459,-2.461839754634404,10.939899369635306,0.0015165015650398749,0.028590019891225334,0.6979153205580266,0.10678382758557428,0.3389428484726299,0.4511836876081618,0.0,0.003430158546046042,0.0629060789102022,0.7692352857144875,0.004410645059412568,2.8488961131146117E-4,0.0016584363453412136,0.003476685308566939,0.015580499449558657,2.7604861818101157E-4,0.6073639381532946,0.7297808951628476,0.005509015515309151,0.7969417151484465,14.539370493291745,1.0491664501850197,17.000204917539257,0.43290994905497926,0.0021797258272357625,0.004444664143626158,0.7969417151484465,0.4677230102083884,0.0027095029139115466,3.655028453176029,0.0011689812413838915,28.893127674692238,0.04776401586792034,0.7692352857144875,12.383275519367446,3.083709585787051E-4,0.04708545389971924,9.07391798651565,0.01473536611166862,0.0014646385978280474,0.001508423140716055,1.1494252873563218,6.17816091954023,3.0172413793103448,1.4965578971377749,0.8478546202109865,8.357658062250017E-4,0.15123847594604864,0.003256768922536874,5.676414982093798,380.59105567747065,0.0028692408275926774,0.30471749108066687,0.0019871493594400816,0.004438720352544422,0.0,0.7504333442975252,0.001232051346677374,0.003228405180753116,0.005669185230981251,10.479320675493787,0.9714099801087747,0.8646261525232004,0.0,1.0,0.011593537532206561,1.4965578971377749,0.007182892472793992,0.5256833040505705,0.07449961644240875,0.003430158546046042,2.250121269230259,0.003706207164227054,32.936073839876904,0.007445744413158647,26.093328317780543,0.012209747314361875,126.42196011739287,0.0032290502306745674,0.7292239063331651,1.0284329585131584,0.9853123566388202,3.1999384026131676,9.07391798651565,3.0172413793103448,0.11180500595903987,4.597701149425287,20.191264128844896,1.0057471264367817,1.5804597701149425,0.0017762409539093112,43,7.36964910951783E-4,1.495448849983622,0.4352393970192496,0.9709303470066489,16.872401372065035,17.111192210929293,26.093328317780543,0.0018717709429771458,2.0291683916322745,2.0296196787975718,0.0037534229158561736,0.9570730276683902,0.0013040676963026966,0.11923399439350896,0.9853123566388202,0.0,0.0,3.0172413793103448,1.5804597701149425,2.0021215130893127E-4,0.4352393970192496,0.3399116510880122,16.872401372065035,0.6979153205580266,0.001267339120592309,1.495448849983622,0.003052510912541712,1.5479780469295745,5.845609085715553,0.011343334008142327,3.220049359892837E-4,-0.5245832250925102,5.257266676205203E-4,0.0035952308728352646,48.89630366357031,0.02095872882886698,0.0022813360973692066,40.27487626996113,96.36504268535106,0.010764877745688335,0.8478546202109865,1.7071321872904151E-4,22.596250323877896,0.010365619478231471,0.03065352942134058,0.23168306671557592,1.0805354342170488,17.111192210929293,7.599033799594872E-4,0.6392541513418325,16.468036919938438,5.3812904592839566,0.0013270383042642768,190.2955278387352,0.018455566110187154,-0.7569413039851778,0.010204518865937267,5.845609085715553,1.781403069721977E-4,0.02720979200463967,48.89630366357031,1.1639760476347327,0.01349645785879849,0.0019491244670312342,0.10405869502651624,1.4155313628874453,9.64633542338363E-4,0.0032648213692468998,1.0805354342170488,0.148404419186216,1.0284329585131584,20.109145282586308,22.596250323877896,Lopen
66.41107898938816,0.013969602555910812,13.980379278568169,7.182482581528203E-4,0.006063636216198807,20.683993879443356,0.0010691189874781162,0.7844498555977294,2.674040409497081E-4,0.004205278846021954,0.0011956019219989812,0.5037348170785059,0.0013158851839332074,2.5105304694551425,0.008064900867021814,101.62353400947157,0.00197113224170776,0.7844498555977294,106,0.0017833678697673006,57,0.0023761205274257097,1.1028965298632185,0.5515966436803081,0.647180189016986,8.922867529188917,0.002800721054803504,0.3023063666618617,22.73571057637356,66.41107898938816,0.6372728965119685,0.4866688826756762,0.015737664378515308,18.736680127087237,15.242522722748893,3.4222922584753E-4,6.182244365864679E-4,12.422642241898265,5.335321733625705E-4,0.0011257891943959285,128.95979343786578,0.002518933480707196,0.0014507762562233136,0.22978124590860086,0.0017361643074237131,0.008832975819688062,-3.3777371413025854E-4,0.008304792039844881,-4.19533202279946,0.5739364657094306,-0.14421859465588271,0.8376674005708905,-0.03908139460693208,-0.013075275911975777,0.0,8.279709234180073,0.28394188391941616,-4.941528755098499,0.647180189016986,-12.598826468428861,0.9678548898226285,0.6999155626666668,0.004389328372973698,-2.358012829513239,7.373354769374152,0.004927121843156699,0.03139581290276551,0.942556501218142,0.11763102975200941,0.3222140574357042,0.47856044614855275,0.0,8.252811073683347E-4,0.036239465113525215,0.3240598345464801,0.004444557593844037,4.781786118348355E-4,0.0049874012388935775,0.0033247240991047646,0.007248262347828221,0.005364625847125794,0.6579050433142943,0.6099615693245878,0.0024980921770507117,0.7767866189701935,13.758449412224728,0.611175575960096,17.28287848066869,0.4240323622263368,0.006775086073739862,0.0013259746127964702,0.8376674005708905,0.5739364657094306,0.0016750892477172788,2.0613593105350434,0.0015027841846388017,15.641553881802976,0.048096073530954124,0.42915630244016467,13.980379278568169,5.45284615543742E-4,0.007508362602913335,9.30778550651616,0.006419816207864405,0.004396650781750689,0.001165051033037864,1.4112903225806452,0.0,5.745967741935484,0.691847678195072,0.8407933541268077,5.06252139729654E-4,0.11870631659215627,0.0050677384044883955,3.274673545502798,225.16664835426795,0.003180612434669303,0.34991654091266844,0.006542334763228086,0.05336138772868057,0.0,0.4718459107630433,9.560633094472502E-4,5.917982161769641E-4,0.005432228114979111,11.365982625997617,0.9686041870972346,0.8509731573452252,0.0,1.0000000000000002,0.01395918864744293,0.9440614059252825,0.009514631053598894,0.5287590999095209,0.05019865376096814,8.252811073683347E-4,9.739403186887348,0.006189906954494128,29.328381599734605,0.013514891228412455,22.73571057637356,0.005417948394970616,115.44897740296997,0.0015471238026047987,0.46732236092947244,1.2274565854946164,0.9440614059252825,1.8450606378262238,9.739403186887348,4.334677419354839,0.01743479366676868,5.745967741935484,18.67658372776321,1.4112903225806452,2.4193548387096775,0.0024407048454495486,57,6.982535456860119E-4,1.3888345431959777,0.5390751412758401,0.9675797690809672,14.55396913118752,18.889368813848975,20.32039235393709,0.0014330100381842895,2.0787860051684084,1.0587047905465805,0.012171646218720982,1.3888345431959777,0.00249474815730985,0.008540618893257272,0.5678467922053333,0.0,0.0,2.8225806451612905,1.4112903225806452,8.23664818734149E-4,0.5390751412758401,0.04557506636139317,18.889368813848975,0.942556501218142,0.0039588564852687915,1.2400422575392824,0.005738738348884695,0.775799163384243,1.6214164029286153,0.017419437898455105,7.639212435884926E-4,-0.18624484845662675,0.001983924085270024,0.06183023799818809,17.28287848066869,0.2065204690080588,0.001028651529146465,22.75831942952881,55.66499450353392,0.011368428302577891,0.8407933541268077,8.072903937277391E-4,28.81977932589198,0.005070765041266496,0.016629286937112624,0.40414879288400457,0.586233305703354,17.067483117811726,5.93519252634198E-4,1.0452677389668825,14.664190799867297,5.153461991581287,8.1318307443027E-4,112.58332417713409,0.015187986931373267,-1.2015224680456849,0.009249404004240798,2.5105304694551425,7.201845731906848E-4,0.05733662286845426,15.503721576474247,1.1028965298632185,0.011466561931119165,0.003817774206306363,0.035641786052763184,1.078591205910973,8.998464126740933E-4,0.0017732570663239787,0.4462887918234101,0.10677476585412958,1.2274565854946164,9.48380877672389,55.66499450353392,Lopen
43.42952949597124,0.05357326081533012,14.292164925125133,0.0014279952325568892,0.010091753454176964,23.263769822633428,4.1774894759540623E-4,1.0937550086326926,9.477819130274248E-4,0.002636391408751355,8.958643793561334E-4,0.7170904816043393,0.004412784927336155,0.9380909813932653,0.004663783218762863,67.09588929777573,4.2032522921337575E-4,0.8379393507227868,49,0.0011062111513009142,36,0.0018582664001190242,0.6053636032320239,0.7170904816043393,1.1399162719159803,11.432655095118633,0.0029970835247657424,0.1382710176632366,43.42952949597124,12.16243194645454,1.0937550086326926,0.5825445786214385,0.004443434880238751,14.292164925125133,23.263769822633428,0.0010089987872590397,2.1453782328421836E-4,13.305332644227304,0.0032974874128237942,8.893910669181904E-4,49.08565328702864,0.008595460156461999,0.0022362516442422913,0.19460895568439393,0.013557513271006173,0.007619421521979889,-0.2437508982407081,0.001826979673946563,0.9198886693479109,0.8466111056637355,-0.05839268895289845,0.568523347214854,-0.021835011480014002,-0.007850178929303557,0.0,9.767616134989916,0.12923074853519018,-32.13571147648587,1.1399162719159803,-4.615129080561919,-9.567784060227172,0.709972381625,0.014681693612316974,-3.983185406802325,-6.399431401750415,0.007826893990510115,0.02124970824249851,1.0460719132074126,0.07946254786767024,0.2922118413700962,0.35328906675541777,0.0,0.07374126641314188,0.1570098526732194,0.5825445786214385,0.007439138947138664,1.83912361777651E-4,0.006793085513254052,0.014075671436003979,0.025765493978333377,0.001520906294813312,0.177538178397094,0.6542978641676535,0.007738478665163163,0.48590354160360666,13.305332644227304,3.1710511928271092,16.10887693249715,0.177538178397094,0.007857184489659677,0.0072600618145570025,0.568523347214854,0.8466111056637355,0.006299313437011778,0.7545939332655296,0.0015602582788000407,18.252973307288187,0.005797627356721493,0.5610472830019071,12.774504056727256,2.303596660433845E-4,0.00836981200228093,5.91994059149985,0.021008118284731425,0.008096038702242441,9.995120861782745E-4,0.8571428571428571,5.571428571428571,2.857142857142857,2.149912548600322,0.4743178300766875,0.001242876082665515,0.09579301138373938,0.001799737382001175,0.7502343439031137,162.908701918377,0.010499878434194218,0.15055004484373127,0.00574112720258236,0.015360334606919187,0.0,0.6460288316509416,0.0014747268388158616,0.005454394464603609,0.010372013867904008,6.834120668666897,0.9787502917575015,0.8992877438898312,0.0,1.0,0.09677698309109785,2.149912548600322,0.08933784414395919,0.6070759025197351,0.25378683576431726,0.07374126641314188,3.871226287021313,0.0752621727079552,21.746206487446027,0.006291796126871035,11.67646961162237,0.01010212409838135,61.17453036588355,0.0022459609564055762,0.5610472830019071,0.5721507789070688,0.8253558869606962,3.0876550764109547,5.91994059149985,2.857142857142857,0.10888705696987286,4.142857142857143,13.385367916029388,0.8571428571428571,1.4285714285714286,0.011131537074518198,38,0.001504259490403055,1.1137906886216395,0.5497853882734665,0.9361981191172845,13.202577029469994,15.138713463718265,6.874972617723309,0.009046909195152688,1.9460058358806733,1.360251508838172,0.014190495704049845,1.1137906886216395,0.0011943723212883466,0.11661377763190629,0.6704314408099046,0.0,0.0,2.857142857142857,1.4285714285714286,0.0018052829953882858,0.5497853882734665,0.08722354440231289,13.202577029469994,1.0460719132074126,0.010563460129112898,1.0320487203254778,0.011028641136121592,0.9380909813932653,3.9858297247957926,0.011895890334251296,8.918466335154792E-4,-1.5855255964135555,3.329617229214385E-4,0.003860722645610983,21.923049893341318,0.09639027781793778,0.012512971549717027,18.536990816761406,11.898709631115175,0.022309500380451354,0.5220563007979739,0.0018100468442721355,23.16712439151677,0.01415938019174642,0.005813523268830742,0.269093390521656,0.7919346003600647,15.138713463718265,0.0010264275124180968,0.3717890157499245,10.87310324372301,3.5143873485923,0.00212855852627606,81.45435095918853,0.024194624643399165,-0.7501742034057881,0.012731075014630574,3.9858297247957926,9.005530834994597E-4,0.050554484866168516,21.923049893341318,0.6053636032320239,0.023184212414923758,8.293482345613931E-4,0.005352006895740588,0.6238664734232984,0.0019493324960491003,0.06101121628629626,0.6801476503681279,0.09440097844387633,0.5721507789070688,7.045813792648874,23.16712439151677,Lopen
73.94780284839844,0.005402066853206998,10.891812028394883,7.042445722316102E-4,0.001825124342270218,9.467665486144307,4.029179379744974E-4,0.5068561234071031,5.279208280731849E-4,0.0061491811615276715,7.13932709954514E-4,0.5702079885717425,7.619730537122786E-4,2.5120530724415318,0.002496024217509892,93.77557044008184,7.19156399959339E-4,0.5068561234071031,165,7.21334960161018E-4,82,6.65740650922863E-4,1.1035297909420985,0.46585629537519707,0.596268025131137,10.38394384890971,0.002456772824893657,0.14114833820841133,16.003238812153555,73.94780284839844,0.41634571837112244,0.5702079885717425,0.005117049871254977,10.891812028394883,9.467665486144307,2.702589527047727E-4,2.1036362080201657E-4,10.38394384890971,7.544409502288933E-4,5.817396317255517E-4,140.21716402997848,0.004459906560356993,0.0012261156933503217,0.023583935513683374,9.387779516712881E-4,0.0035485421389704953,-0.09050233134308647,0.004654782923192115,0.6001951062118717,0.46585629537519707,0.6259372011293522,0.4315359860020971,-0.15725349690333756,-0.04949520904378085,-0.01715899608125676,8.677271064875502,0.12653941046715692,-9.695796235721529,0.596268025131137,3.9757945792944773,-5.020744420667876,0.7261754168888888,0.002372192671111553,-8.664435553289096,1.4429911230947492,0.005985210305568405,0.10973559928395198,1.551617594054614,0.3634278522136337,0.4670980299705437,0.020425717435700177,0.029274120115209874,0.0012817110643724952,0.002292947033781165,0.3690374845554867,0.005486923352536819,1.4577566583744476E-4,0.003996845535856801,7.615877333289788E-4,0.001127806091682451,2.1551179694121546E-4,0.400668517554743,0.627367241353313,0.002738967515051109,0.6437353174648498,9.644921236931522,0.4831746202398736,9.124877848055574,0.24863096629692624,0.0030360109257721855,0.004327136450359203,0.6437353174648498,0.4468555649791035,0.0014976584768540474,1.551617594054614,0.001722236048196456,8.677271064875502,0.003984629087878115,0.3690374845554867,14.816140211360494,1.393148358270216E-4,0.00396332466161206,2.4559210490363896,0.00548631089939909,0.003850784062128524,6.933879331239378E-4,1.4093959731543624,6.375838926174497,5.570469798657718,0.2746963855082084,0.5469313402983171,6.555879490487301E-4,0.11133108720578963,0.002886075977639029,1.496414077407965,214.45959727693432,0.004657627477233026,0.1763575072913507,0.005663948284350555,0.04041993429817069,0.0,0.8146067292672021,4.5135295209066984E-4,0.0016869077339891289,0.001921354036020907,11.846821729261537,0.8609902806008383,0.49756242838720455,1.0000000000000002,0.9707258798847903,0.007745733947179509,0.529165070341412,0.0022588105946426897,0.03046439841666085,0.010038680980960673,0.0012817110643724952,11.136230097665093,0.0014972228613137108,29.862452424864554,0.016675149500662335,12.774426249117175,0.007645876280772855,118.50894662331913,0.02170716498454576,0.49531460479804296,1.0485760447490649,0.529165070341412,1.7758892655077538,11.136230097665093,4.1610738255033555,0.015874698183610703,5.570469798657718,19.583680794003346,1.4093959731543624,2.8187919463087248,0.0010512164759979821,82,0.0017985151683372752,0.9789129567067109,0.49531460479804296,0.9800493669641176,15.392305892514123,9.1311966316881,12.774426249117175,0.001718829013992518,1.9895335456713112,1.0877306338657435,0.05748103989038109,1.0877306338657435,0.001794663040851849,0.0029377100273774055,0.46287825152094125,0.0,0.0,2.8187919463087248,1.4093959731543624,5.100261030840056E-4,0.2970464250635464,-0.01465760702304836,9.1311966316881,1.0485760447490649,0.006369467290033537,1.299517174773772,0.004807214010853847,0.6712967132546279,0.6798302871391438,0.0021455166102483077,8.218776739513741E-4,-0.2415873101199368,3.5602207338413666E-4,0.0852508287787465,7.036389138259539,0.4222877287098439,1.9442411273636534E-4,7.7538615818951895,9.976805735951,0.002107437952899247,0.5469313402983171,5.749657086971365E-4,42.66049993432893,0.005424948699695039,0.010052236498792421,0.43059694873226856,0.5241790070131465,8.548978963373168,6.516515537680544E-4,0.3982208559091205,14.931226212432273,4.953623309221345,5.690524458539506E-4,107.2297986384672,0.02338568144473549,-1.2906518465179875,0.004141687230703309,2.5120530724415318,2.46202322895803E-4,0.08764729247142447,15.392305892514123,1.1035297909420985,0.015018974327667616,3.879582998326882E-4,0.009346405874194321,0.3862860777514998,6.562296952935557E-4,0.001430747744032265,0.5241790070131465,0.08542402678450323,0.9848610376985065,36.80740364180053,42.66049993432893,Lopen
47.37026711389491,0.012415164531545297,8.410818274357718,8.713640935785445E-4,0.003079917196517523,6.600060692471453,7.899786612020231E-4,0.5203760301767028,4.851576691575119E-4,0.0023565606711982837,4.065855680515955E-4,0.37689125040653093,5.33467297602414E-4,3.432770909468579,0.006006894203085544,93.07870614977172,0.0015970079277716927,0.47344205371074366,113,5.162280901882309E-4,57,3.9267584661582474E-4,0.6798249760674937,0.4552824056456569,0.4436192610371808,7.384593502654297,0.004847305444038766,0.2593079320433323,30.943321047475553,47.37026711389491,0.5203760301767028,0.5081912955073445,0.00455401583474182,8.404838119820367,7.599116899420259,5.743138674267859E-4,4.447747315216651E-4,8.969391180311543,4.3809112248904223E-4,4.7807005096728924E-4,133.3348996336646,0.0036627426557929066,9.90732948566914E-4,0.2868340288941735,5.186566821301821E-4,0.0035315085599481326,0.11790639308804222,0.006383743875306007,3.003632240447721,0.4552824056456569,0.8086155632654515,0.6348250641919203,0.25500367462018125,0.087951732405795,0.0,16.216021999755196,0.24194472953769836,0.9183957465260408,0.746290935405819,2.507494466956778,0.1906787792149266,0.7016074453333334,0.001292615429360604,0.3726594856925529,6.3496117168885755,0.0028344866925285256,0.029824230030570862,0.9724520533808925,0.11130822046186008,0.3202256946938174,0.504832464955991,0.0,2.312729000914594E-5,0.03256799715264366,0.5081912955073445,9.540597069349898E-4,3.350019631678007E-4,0.002314873113916184,9.180264186625786E-5,0.0036600352337093447,1.72403066306674E-4,0.6302584142985997,0.7869200665710948,0.004403587262478532,0.38034546039109934,12.499867212855019,0.746290935405819,12.499867212855019,0.37517085929102106,0.004775449708847185,0.0012492112826177771,0.4234321065740104,0.3996170537690649,0.0025549055695029514,1.6620947551017435,9.314479995560073E-4,26.59571600249269,0.02603552556707735,0.43207924086208244,8.743363610464785,3.7521382573862575E-4,0.0012828364223714825,12.089842262265382,0.004549516601066041,0.00298710555585719,4.7931962017181855E-4,5.73440643863179,0.0,0.0,0.37404516653784453,0.4727098312934115,4.5175730898980494E-4,0.13692865377337476,0.0017676426611278198,1.6620947551017435,259.5238429891552,0.0017789699390551399,0.30277186090749764,0.006063835571294085,0.025852029797102587,0.0,0.456512788942931,7.375242541890251E-4,5.200111697806123E-4,0.012573258383821223,11.556739931518207,0.9701757699694293,0.8588675495075692,0.0,1.0000000000000002,0.0012413927051170676,0.5469228206896701,2.8733299818207774E-4,0.5386418548137517,0.033809389857760726,2.312729000914594E-5,6.778231727390417,1.9553035631581994E-4,30.729395600391182,0.026164127545081732,15.748438078105956,0.006767089499686815,116.43789992610198,0.0015493044184074606,0.43207924086208244,0.8800221000713441,0.7229563237674953,2.0195170991757068,12.089842262265382,5.73440643863179,0.031132328890195064,0.0,19.462026841467363,1.408450704225352,4.325955734406438,0.0018240142475353883,57,4.8072819091031526E-4,1.0601624201112856,0.34810942643025516,0.9858400030679952,16.567540263739023,13.228264908165652,15.954466585571716,6.693269641725554E-4,3.139998706275039,1.123542999108898,0.00128391526589428,1.123542999108898,6.528431822570292E-4,0.008288480936677266,0.7229563237674953,0.0,0.0,2.9175050301810863,1.408450704225352,4.272401113729307E-4,0.3002112615661349,0.19505748924900776,16.567540263739023,0.9724520533808925,0.0040263860943059344,1.2412131951689345,0.00532784891339879,0.9301650774015877,1.9156620695974105,0.0015217612597613521,2.9255516144548893E-4,0.2130507866667855,2.9033668402296504E-4,0.029797016024044325,12.64616881612515,0.14321289914999927,2.8417975545605537E-4,8.352214827203737,46.51567038465201,0.0010461921272795804,0.4727098312934115,3.8308054828247644E-4,9.312307791239519,0.00459204776485092,0.011633723106810327,0.4001165239373181,0.8647207611390588,15.954466585571716,5.610054727332038E-4,0.3560882122616505,15.364697800195595,5.203591476579081,3.648748454956509E-4,129.7619214945777,0.020712827259157487,-1.2304780409370086,0.005982541019721794,3.432770909468579,1.8385192329553054E-4,0.03981344538970988,12.64616881612515,0.6798249760674937,0.0309060358442393,0.0010349698344145268,0.011480599627955976,0.800854042777859,3.9893880263745964E-4,0.0022345704645942146,0.4436192610371808,0.09898152970570682,0.6302584142985997,9.312307791239519,46.51567038465201,Lopen
