z_dwt_norm_-12,t_freq_m_0.75,z_dwt_norm_-13,xy_e_freq_m_1.25,z_dwt_norm_-10,z_dwt_norm_-11,xy_e_freq_e_3.00,z_freq_e_4.25,t_freq_e_0.75,xy_e_freq_m_0.75,t_freq_e_3.75,z_freq_e_3.75,z_freq_m_1.00,t_freq_e_1.75,t_freq_e_4.00,z_freq_m_4.50,xy_e_freq_e_1.50,xy_e_stddev,xy_e_freq_m_4.75,mcr_t,mcr_z,t_freq_m_1.25,t_freq_m_4.25,xy_e_freq_m_3.50,z_freq_e_2.75,xy_e_freq_e_2.25,t_freq_m_0.50,xy_e_freq_m_0.50,z_freq_e_3.50,t_freq_e_0.50,z_freq_m_0.25,t_freq_e_3.50,z_e_mean,z_freq_m_4.75,t_freq_e_2.50,t_freq_m_1.50,xy_e_freq_e_1.75,xy_e_freq_e_4.75,corr_z_e_xy_e,xy_e_freq_m_4.50,z_dwt_avg_-5,z_dwt_avg_-6,z_dwt_avg_-7,z_dwt_avg_-8,z_dwt_avg_-9,xy_e_freq_e_0.50,z_dwt_avg_-0,z_dwt_avg_-1,z_peak_d_mean,z_dwt_avg_-2,z_dwt_avg_-3,z_dwt_avg_-4,z_dwt_norm_-8,z_dwt_norm_-7,z_dwt_norm_-6,z_dwt_norm_-5,z_dwt_norm_-9,z_dwt_norm_-0,t_freq_m_3.75,z_dwt_norm_-4,xy_e_freq_e_4.00,z_dwt_norm_-3,z_dwt_norm_-2,z_dwt_norm_-1,xy_e_freq_e_0.00,t_freq_m_4.50,xy_e_freq_e_3.50,xy_e_freq_m_0.25,t_freq_m_1.75,xy_e_freq_m_3.25,z_freq_m_0.00,z_freq_m_3.25,z_freq_e_4.50,xy_e_freq_e_2.75,z_freq_m_4.25,t_freq_e_2.00,xy_e_freq_m_1.00,z_freq_e_0.75,t_freq_e_1.25,t_freq_e_1.50,xy_e_freq_e_3.25,t_freq_m_3.50,xy_e_freq_e_4.25,t_freq_p1,t_freq_p3,t_freq_p2,xy_e_freq_e_4.50,t_freq_m_4.75,xy_e_freq_m_3.00,angle_mean,xy_e_freq_e_0.25,xy_e_freq_m_0.00,z_dwt_avg_-13,z_dwt_avg_-12,z_dwt_avg_-11,z_dwt_avg_-10,xy_e_freq_e_2.50,z_freq_e_4.75,z_freq_m_2.75,t_freq_e_2.25,xy_e_freq_m_2.00,t_freq_p4,z_freq_e_0.50,t_freq_m_2.75,z_freq_m_3.00,z_stddev,z_dwt_ar_-7,z_dwt_ar_-6,z_dwt_ar_-9,z_dwt_ar_-8,z_dwt_ar_-3,z_dwt_ar_-2,z_dwt_ar_-5,z_dwt_ar_-4,t_freq_e_4.75,z_freq_m_2.50,z_dwt_ar_-0,t_freq_m_0.00,z_dwt_ar_-1,z_e_stddev,xy_e_freq_e_3.75,z_freq_m_3.75,t_freq_m_2.50,z_peak_stddev,xy_e_freq_p3,z_freq_e_1.25,xy_e_freq_p4,z_peak_mean,xy_e_freq_p1,xy_e_freq_p2,z_freq_e_0.25,z_freq_e_1.00,zcr_z,xy_e_freq_m_1.50,z_freq_e_2.25,t_freq_e_0.00,xy_e_freq_m_2.50,t_freq_m_3.25,z_freq_e_1.50,z_freq_m_4.00,t_freq_e_4.50,t_freq_e_1.00,xy_e_freq_m_2.25,z_freq_m_3.50,z_freq_p4,z_freq_p3,z_freq_p2,z_freq_p1,xy_e_freq_m_1.75,corr_z_xy_e,z_freq_e_2.00,z_freq_m_1.75,t_freq_m_3.00,t_freq_m_2.25,z_freq_e_1.75,z_mean,t_freq_e_3.25,xy_e_freq_e_2.00,xy_e_freq_m_4.25,z_freq_e_2.50,xy_e_freq_e_1.00,z_freq_m_2.25,xy_e_freq_e_0.75,z_freq_e_3.25,z_freq_m_0.75,z_freq_m_1.50,z_dwt_ar_-13,t_freq_e_2.75,z_dwt_ar_-10,t_mean,z_dwt_ar_-11,z_dwt_ar_-12,t_stddev,xy_e_mean,t_freq_m_2.00,z_peak_d_stddev,z_kurt,z_freq_m_1.25,t_freq_m_1.00,xy_e_freq_e_1.25,t_freq_e_3.00,z_freq_e_4.00,xy_e_freq_m_4.00,t_freq_m_0.25,t_freq_e_4.25,z_freq_m_2.00,z_freq_e_0.00,angle_stddev,t_freq_m_4.00,z_freq_e_3.00,xy_e_freq_m_3.75,xy_e_freq_m_2.75,t_freq_e_0.25,z_freq_m_0.50,label
0.0,1.2629320308754908,0.0,0.6081853361518519,0.0,0.0,0.005255572604430242,1.604703529978003E-4,0.02185534684972185,1.7122874451614354,0.019221472172064775,0.007298738855253523,0.19206767120280338,0.005890282890011761,0.004702757293999073,0.06435035892879104,0.015893923984262,2.6248464119427184,1.000152764128244,36,20,0.29584869385509865,0.35468590190224286,1.4046259138257757,0.08506843137439177,0.0024039818636840946,1.2629320308754908,1.7122874451614354,0.0077163823128171515,0.019884594410616466,0.20051690631754537,0.016582340774478253,17.024561710816503,0.05218739174060903,0.007744415092046387,0.623227968955536,0.016534600611737667,0.016071702293051198,-0.2043737834679858,1.000152764128244,-0.16300847371391133,-0.047258038146958295,-0.01598722364872023,0.0,0.0,0.039179584109579176,6.038910229884847,6.601071773963389,0.9780375163333334,-2.7843805426868258,3.4910649209985958,5.981770746386192,0.0,0.02002786306859866,0.07655395669504356,0.1954990092363102,0.0,0.015623251760824868,1.088704509712773,0.473087880321396,0.00873190757016583,0.18005068855904377,0.02048997786653764,0.018667372492245447,0.7262406292053704,0.9421307553716082,0.029041036700012887,0.4991600603050485,0.623227968955536,0.5457830694360611,0.6539133831289896,0.719913899317416,1.285955208262782E-4,0.013483715069338497,0.08234488655948426,6.867530559997222E-4,0.6081853361518519,0.01638473829608328,0.0015037851395831286,0.005724035206490542,0.004191048809556252,1.088704509712773,0.0051000431093108966,0.9960159362549801,2.9880478087649402,1.9920318725099602,0.014981716320638468,0.9421307553716082,0.5457830694360611,0.028941653447413392,0.005528775436643848,7.710235605529857,0.0,0.0,0.0,0.0,0.012803720470594642,8.774075077913421E-5,2.075919968655835,5.346851681292913E-4,0.3572871114139713,3.9840637450199203,0.016913760914676383,0.7260874625968868,0.8810257264766447,4.121326446277742,1.0000000000000002,0.9799721369314015,0.0,0.0,0.23483129067865172,0.05478060211960796,0.903418180236358,0.7079191710000478,0.019940936856190538,2.075919968655835,0.015623251760824868,8.292310984036446,0.03429062425307031,18.072550517317907,0.032604672956539675,0.5037466687195765,0.7260874625968868,0.9759196314071455,2.9880478087649402,0.0025011499281357348,3.9840637450199203,7.912291503004376,0.9960159362549801,1.9920318725099602,8.212804435350502E-4,6.037537578795942E-4,20,1.0516869172648893,0.007630034277874124,0.844865313824129,0.8044461046582145,0.20605810787485088,0.3488390779821116,0.10840530839298755,0.01644547245592707,0.0030960360058509967,0.34398926677191705,0.5037466687195765,0.0,0.0,2.9880478087649402,1.9920318725099602,1.0516869172648893,0.2614444642321044,0.028184385495232632,4.804422313729267,0.15149659614522634,0.1903785201368183,0.36852099973261376,0.3269566915644949,8.022259478663528E-4,0.0029750679849720398,0.6153675762664363,0.07475043452049743,0.0059544854916275414,0.6673385837591833,0.037646891148026385,0.008205271239589137,1.033459124929956,4.804422313729267,0.0,0.007450408323407783,0.0,4.146155492018223,0.0,0.0,1.924533825680107,3.8551178027649273,0.22055192742525265,0.03479951856985128,-0.82809289025167,0.36515592224251664,0.406097636501401,0.005376924260458256,4.319843817614762E-4,2.7229398716312176E-4,0.6153675762664363,0.13199828887533174,0.002371637701120801,1.2136288381955465,0.006892801279367962,0.023333182528961455,0.5075894163425196,0.01901965897817468,1.4046259138257757,0.8044461046582145,2.655164506046741E-4,1.033459124929956,Trapaf
0.0,1.090545975098049,0.0,1.4856437967747762,0.0,0.0,0.03810472764503991,3.592723696520116E-4,0.01564832533637924,2.841646225788308,0.0060034820999418,0.025127335767511444,0.8766736948524837,0.011967834597807207,0.004548391637918181,0.07858623977287488,0.010127811283616523,6.5643550454905855,1.3674289696788984,26,20,0.3426480385616738,0.27182575778892754,2.2668401880013755,0.042363061554969474,0.005816352440311182,0.3650155828977087,0.6661890356302554,0.021030024145219782,0.0018557847791191263,0.14981763146387123,0.0037659357613893207,12.661834315213795,0.06128179886548675,0.003033046554696969,0.3426480385616738,0.03629692938740025,0.00762823448669099,-0.1869855802747743,1.3674289696788984,-0.030321537048997815,-0.005258733153830034,-0.0014777776081815568,0.0,0.0,0.0017179485761892833,0.32790650277955535,6.839311704895748,1.0271911253333335,-0.8671284892025155,0.9403278639814017,-2.210499872639013,0.0,0.01934842115519862,0.07311224229273522,0.2519288775410863,0.0,6.552812069636855E-5,0.5068878078315814,0.4197051174663407,0.05676134817643284,0.16765585040505046,0.039676901765375715,0.028507061253516406,0.5969468679298567,0.4284051891827457,0.016576287211936137,0.4338402835506272,0.8994695594893868,0.9796804954675277,0.3147559055043291,0.6607512389327769,1.963738796539084E-4,0.042267015587880236,0.10951601330809234,0.011389016006113518,2.841646225788308,0.01817825187319973,0.0026894388093104357,0.002325048014290628,0.004197305985686206,0.43516384809894487,0.0022604417536641664,1.0040160642570282,3.0120481927710845,2.0080321285140563,0.00538887330424812,0.5025325891981492,3.256016521278841,0.030327448222355124,5.983183185767526E-4,14.816402158082118,0.0,0.0,0.0,0.0,0.011152884648341499,1.6039247010696196E-4,1.24496432729124,0.0018695887417945743,3.35156555344868,4.016064257028113,6.905736957591298E-4,0.5235992712282889,1.24496432729124,3.562025043214666,0.9999999999999999,0.9806515788448013,0.0,0.0,0.23590534154463896,0.06824949113958849,0.9075393365520661,0.6556104590109797,0.005630635031620438,0.6435609175567447,6.552812069636855E-5,8.425200835804286,0.028572589374212774,12.538351670051249,0.0687746509609089,0.7918102468187889,0.3566478282370331,0.621643399301357,3.0120481927710845,0.014207038755262467,4.016064257028113,5.419091488143658,1.0040160642570282,2.0080321285140563,5.747562916191062E-4,0.021748610783879053,20,1.4856437967747762,0.014445311483497777,0.8955115992393916,1.4545382500600121,0.3309126428997419,0.03780895978671405,0.7821619454350505,0.0027369350691521,0.01668142965508727,1.40975615855151,0.7918102468187889,0.0,0.0,3.0120481927710845,2.0080321285140563,3.35156555344868,0.06512274106946091,0.3567913805929704,4.144512589404942,0.5235992712282889,0.3566478282370331,0.37068724768326267,0.15737795275216465,0.001984038895863381,0.03258271943191108,0.8478954500070622,0.009111671390835631,0.027797788592787694,0.8269884608171256,0.027764599143456033,0.01254014746181614,0.8766736948524837,1.1775688568575529,0.0,0.004935438173505765,0.0,4.212600417902144,0.0,0.0,1.5275484328194104,7.408201079041062,0.8994695594893868,0.035150745186631666,-1.068461786705903,0.7248805154296797,1.090545975098049,0.007238895135065295,0.004109390892769461,0.012967344287705272,4.23136424704085,0.3650155828977087,0.0013553885794763893,4.144512589404942,0.0029314409605970017,0.01866186850055559,0.5068878078315814,0.03808080476576792,4.23136424704085,3.256016521278841,0.0019592521243724666,0.14981763146387123,Trapaf
0.0,1.0010107272794995,0.0,0.8460310115990943,0.0,0.0,0.010050219792741986,1.712812234872107E-4,0.015885162651781238,2.5807550742427035,0.02125155084498618,0.002760510815169444,0.6736919284058084,0.005822987422232217,0.021497754257119334,0.0566581258919596,0.0016111787875259071,3.8380637318784796,0.7438981323181499,45,23,0.16256435920120052,0.17718277101391205,0.7144730986053064,0.08210349639349275,0.006447826525686152,0.28299957606535575,0.9022018544198259,1.8998222268316287E-4,0.0024363246162127515,0.12792390446424098,0.0015608735762134552,14.925585888802573,0.046631576762445844,4.0887893886449027E-4,0.11664076912850148,0.034143250607852796,0.0053848950629962365,-0.053045457803621965,0.7456241128023382,3.8480869294721014,0.15729939427278752,0.049727778001467805,0.017134700969680804,0.0,0.014408426158966078,5.0958494415993565,1.5469187846289334,1.00138855,-5.508000636400068,1.5242655084408907,-0.7023482895450782,0.01917103090185409,0.0732225555671218,0.23066876063292277,0.4623023228246217,0.0,0.0066665979047413225,1.24468351123987,0.1712734098318568,0.03159698095885319,0.019141437072153007,0.016939549058219282,6.143362065093073E-4,0.6312431107511506,0.16458833109095777,0.007047402926028646,0.9022018544198259,0.6528404371549463,0.6004835787923987,0.6687244033761219,0.06523831545650491,1.3344559808536234E-4,0.007859409915617701,0.06655282755188775,0.005757730216664084,2.5807550742427035,0.008332418137811248,6.20062122222309E-4,3.4775208855957856E-4,0.005865887760813669,0.2376635085634779,0.009016321558220576,1.0,3.0,2.0,0.007363630895903179,1.189107169664549,0.8282365600797637,0.028347890106412248,0.015786995502161092,8.783247593800517,0.0,0.0,0.0,0.0,0.0049757485442274655,9.7156900823241E-5,2.150195719462913,4.0537064658872197E-4,1.8369395419058958,4.0,5.395361793831536E-4,0.455770328766732,2.150195719462913,3.855299242304103,0.9808289690981461,0.9076064135310242,0.0,1.0000000000000002,0.04336192024162292,0.02422048316946991,0.6769376528981015,0.21463533007347974,0.021010309578233414,0.2977985792636079,0.0066665979047413225,8.110955496887133,0.0072809341112506296,14.906469240254678,0.033521874930358485,0.3921546170823968,0.14968811975547544,0.4968876007600336,4.0,0.005453777236922523,6.0,6.994946700987811,1.0,2.0,4.640163567662364E-4,0.008774409683945073,23,0.4314028451885202,0.0030310787130047906,0.8753078331758858,0.66980750127556,0.2376635085634779,0.005687057686916244,0.3921546170823968,7.107308746711716E-4,0.01555243098609027,0.66980750127556,0.06523831545650491,0.0,0.0,3.0,2.0,1.8369395419058958,0.2541600452857803,0.39351787901752566,4.809584832444229,0.455770328766732,0.14968811975547544,0.39348688769139345,0.3343622016880613,0.0019763794371159813,0.036201627426566484,0.7456241128023382,0.002089829708513673,0.06624221821333476,0.2977985792636079,0.06404494396535733,2.0148285419565893E-4,0.6736919284058084,0.37447591475725034,0.0,0.002794698633028755,0.0,4.055477748443569,0.0,0.0,1.6970296450866549,4.39162379690026,0.6528404371549463,0.02790076189785414,-0.9908326542045622,0.37447591475725034,1.0010107272794995,0.00718804971563787,0.0033640967163046944,0.002775777648754767,1.8962597455670434,0.28299957606535575,0.0010611412043343897,4.809584832444229,0.008131055975975354,0.02460807385581028,1.24468351123987,0.082058919955151,1.8962597455670434,0.8282365600797637,0.00222793201289083,0.1444473985056181,Trapaf
0.0,0.7963542765486433,0.0,0.7915845732127686,0.0,0.0,0.009366183626071873,1.0450517744626445E-4,0.015810927195185308,0.7478853262354388,0.010205810585482198,0.013943966853490508,0.8977434002535839,0.013073123404513097,0.001605394013995759,0.04363936584284104,0.04073270729856278,3.254732603916929,0.7901868907216322,30,18,0.30370475883208675,0.6234084886878734,1.8406069700105614,0.059746228616615105,0.0030982940392936392,0.46891243607148925,0.48365329758394054,0.014819463189265825,0.004545496657350824,0.20645975211038162,0.012880146288167972,11.004235480125462,0.03761757624687271,0.01232151698423273,0.7985371887900244,0.06221508828873308,0.009182234890219139,-0.19629729728625564,0.9115757732018306,-0.02976674705821966,-0.006420011802916577,-0.0019799177191518903,0.0,0.0,0.005295939409932777,5.451486728169358,0.47433143034282654,1.0577697753333333,2.6259170749200664,-0.7680638963634112,-1.6569234380476825,0.0,0.016306484083258816,0.062347156163567764,0.18269378485628054,0.0,0.01960599139615592,0.7360355984502033,0.45582366840192173,0.004776140153529181,0.24378777290367054,0.01928671185062458,1.4843034451998883E-4,0.5941019134935818,0.6307285083482894,0.04511684537363616,0.6978021875142078,0.7985371887900244,0.5496278593711887,0.4088690405625469,0.3370670258711304,7.546172678797686E-5,0.03738021801842352,0.05189095004565797,0.0020298362846584875,0.7478853262354388,0.027558720586475332,0.002070679998597569,0.012826991270582741,0.005188677423441137,0.7360355984502033,0.012485960707417273,1.0,2.8,1.8,0.01883179583928136,0.6307285083482894,0.5496278593711887,0.027463510975012855,0.008569744266578765,6.722127531735781,0.0,0.0,0.0,0.0,0.03238659870834691,7.684836849951379E-5,1.366011231446569,3.6151348225188924E-4,1.404178529309865,3.8,0.005062347388117679,0.8305575450403374,0.8263622102815934,3.317599716445168,1.0,0.9836935159167411,0.0,0.0,0.28282890649497106,0.03904113359130049,0.9213463597531734,0.7386525748968927,0.007241424473005877,1.366011231446569,0.01960599139615592,6.928104607061256,0.01975442174067591,11.478166760284566,0.046879663462567306,0.7581362452253174,0.8305575450403374,0.421222736111119,3.8,0.031329592289129155,4.6,6.038285704578748,1.8,2.8,0.0013833792576473114,0.028202243297766553,19,1.5878645411306829,0.005904798891790956,0.847164882298193,1.5706946247655338,0.437235081526299,0.27353593868214104,0.18637014033535473,0.013820929506424662,0.012396592884722198,0.45123404530761624,0.7581362452253174,0.0,0.0,2.8,1.8,1.5878645411306829,0.0882556053205042,0.11149643750402391,3.2958691273041927,0.35450588178436765,0.10634485548162594,0.3536216520890197,0.20443452028127343,0.0055681989910260025,0.03222504271181054,0.9115757732018306,0.04350632222423647,0.010516056895339073,0.4603673109744808,0.012630392882005325,0.004335985027040297,0.8977434002535839,3.2958691273041927,0.0,0.012575142510389572,0.0,3.4640523035306283,0.0,0.0,1.5411493925633246,3.361063765867892,0.31871884466384287,0.020424423559136897,-0.922306985922213,1.0815656627778665,0.7963542765486433,0.009020502511228216,0.002660931106094689,9.38907609289964E-4,0.38529169035282723,0.37025507518524337,0.007749890548986158,2.1037828111444625,0.004447694864314577,0.02118171551836228,0.22881489793136214,0.019909506356901904,1.8406069700105614,1.5706946247655338,0.003090571516139064,0.42433633547953903,Trapaf
0.0,1.0473780270428994,0.0,1.80742892717876,0.0,0.0,0.00571669216530447,9.439919274777014E-4,0.017409356632769112,0.5580766257229496,0.009452470686210001,0.005918055563471639,0.9764700689034247,0.0039111978254734265,0.0025167777427612275,0.15384149825842475,0.06035839790323656,3.038930352905551,0.6045203643688607,25,15,0.7173496106501676,0.852340884323364,1.0932808598860848,0.05892100786730363,0.003280972979633798,1.0473780270428994,0.8842837829745861,0.01943363847735713,0.017617596539647576,0.5094638316378441,0.022047647308129064,14.255888904166708,0.14031094948673856,0.005073796194269067,0.7173496106501676,0.023115872567799803,0.006268014349240813,0.04696245058219739,0.8037005241838179,-0.1839375201345297,-0.0687860810666612,-0.02445204202147971,0.0,0.0,0.011934405295381399,3.766814100361538,-6.63352273961746,1.0283355715,2.9293024573925432,-0.43477501437649924,-3.602651778939103,0.0,0.016733591739191513,0.06381364079656646,0.2189153781378684,0.0,0.006941510316498376,0.7944669021956454,0.45933893692994576,0.0049291805670899375,0.20026541653777621,0.01246400347871623,0.021527522063436878,0.7185692546975607,0.852340884323364,0.022457694009511326,0.8842837829745861,0.5239557240073506,0.8528917073418313,0.399822126712997,0.8956977932487971,7.684345720721644E-4,0.004913393837934318,0.17202309862951873,9.188944391225675E-5,0.9508031600685017,0.03320602709938214,0.007791261420426547,0.011017896891725174,0.013768108911288275,0.9736074361206948,0.010049447820974873,0.9950248756218906,4.72636815920398,3.7313432835820897,0.009544236636603688,0.6124701563529069,0.6717999033201827,0.02643711065540211,0.010691956310626543,7.766871421828519,0.0,0.0,0.0,0.0,0.005314955473314927,6.465853189403071E-4,1.6840483612761434,7.083074164509351E-5,0.4565138240194433,0.0,0.030101996654024157,0.5994206244110901,0.6987488708252609,3.77981535174259,0.9999999999999999,0.9832664082608084,0.0,0.0,0.2411984523964277,0.04093303585865148,0.9194527674642419,0.7005373893263734,0.006436471971753671,1.6840483612761434,0.006941510316498376,7.73091858735945,0.02846903237993525,15.020744757779498,0.016385596751569365,0.5423591105475886,0.5994206244110901,0.1740135660897748,5.721393034825871,0.058715674149069176,6.7164179104477615,6.312129242767345,1.7412935323383085,3.9800995024875623,0.007132145219919967,0.02460468696369007,15,1.80742892717876,0.015282878620773288,0.8348622699028475,0.6184995807696599,0.9736074361206948,0.3366207556377826,0.19934348875192393,0.015380887236822549,0.00269916812309587,0.4565138240194433,0.8956977932487971,0.0,0.0,2.985074626865672,1.9900497512437811,1.378662104993275,0.3185958311084303,0.0095467350118666,4.0783136133932185,0.5461108359235237,0.06394232360094604,0.3012228381167021,0.19991106335649855,0.017399045003025828,0.00334913633668515,0.8037005241838179,0.06242071860143234,0.014197208170265724,0.8280703068835821,0.006438695640056038,0.01574646385649901,1.1994888349226325,4.0783136133932185,0.0,0.006192010985871773,0.0,3.865459293679729,0.0,0.0,1.792634042214398,3.883435710914259,0.07481229818954756,0.041885200775901514,-0.9016938297145773,1.5359656029074626,0.3871515068928463,0.04871677957592222,0.005339363338595974,0.001228835651176078,0.46307271264610006,0.40595661971363456,0.012020341342677807,0.6017246100789845,0.007357995421133992,0.02088610053528664,0.36664944718730075,0.01018053526992567,1.0932808598860848,0.6184995807696599,0.0026697206683402724,1.1994888349226325,Trapaf
0.0,0.7010580072655365,0.0,0.9214728726654127,0.0,0.0,0.00928354713908487,3.494626933380554E-4,0.008803659126617807,3.0976792878000414,0.0019968095186938843,0.0045624928976012655,0.4392405938213302,0.028594664669452798,0.003890593098615517,0.04415656019810088,0.04723383834210525,6.1707591696787505,0.5710914875045182,23,15,0.1676249887596476,0.35508141416292344,2.477373849198925,0.00686074090046824,0.05921798846468409,0.7010580072655365,3.0976792878000414,0.05304817021249199,0.010623118640253735,0.24099614896658747,0.005659711578710876,8.437907529787118,0.04090719057996578,0.010910563684483428,1.2350357854355962,0.05348534737999927,0.0013676331882178918,0.036388558496930436,1.2180806222811582,0.008566150682508905,-9.087409972815888E-4,-5.646903462044875E-4,0.0,0.0,0.03679559865554697,-2.3867668955409886,0.4993467331858772,1.097717376,2.1313916453957873,-3.733255904164454,-0.4946862268410383,0.0,0.018086518266123047,0.06839835445854571,0.23581474814554887,0.0,0.006097093934078009,0.2753290064382579,0.3751755976245235,0.011143820818596842,0.2860317828773186,0.010129030057346857,2.668746365152934E-4,0.5339229692635713,0.23080693469676306,0.03561266498383168,1.7580779665180846,1.2350357854355962,2.477373849198925,0.3498912788557775,1.3054201971266581,1.076650535089792E-4,0.01535549759510979,0.08355125376251737,0.0027145044630905468,0.9214728726654127,0.03192277887386671,7.957404058207611E-4,0.02731373995130936,0.025241714346556136,0.4960626309162103,0.0070571900706239,0.8968609865470852,2.690582959641256,1.7937219730941705,0.006516326200922985,0.4525415048514956,1.3057975713797332,0.029519364653694757,0.013375487258477356,12.04262647078036,0.0,0.0,0.0,0.0,0.06279960588216249,9.576725324732695E-5,0.33977046219715473,0.01135012287300337,1.2510031735990539,3.587443946188341,0.031182230514176096,0.43131986526658267,0.7552719107091207,2.906057859153642,0.9999999999999999,0.9819134817338768,0.0,0.0,0.3025247815052588,0.01649299862794016,0.9135151272753311,0.6777003791297822,0.0045375858589445164,1.0157086570530907,0.006097093934078009,6.998718811389053,0.006363968570593302,9.105821663450403,0.022944036743607312,0.284749998880383,0.7694677875810317,0.20262873800345274,2.690582959641256,0.009748274583707561,3.587443946188341,4.802943951599851,0.8968609865470852,1.7937219730941705,0.001872312523433581,0.00662008433136189,17,3.617532534898753,0.044558804873724545,0.8631722793751236,3.8577700954710035,0.4960626309162103,0.32337031882344003,0.2691780232438277,0.0010392649190684204,4.635810542383054E-4,3.8577700954710035,1.3054201971266581,0.0,3.587443946188341,1.7937219730941705,0.8968609865470852,3.617532534898753,0.08851426014386084,0.024972186194489713,3.2782775191476343,0.43131986526658267,0.7694677875810317,0.3304248692740841,0.17494563942788866,0.004671926241962405,0.012002679603972334,1.2180806222811582,0.0340868423317296,0.005989552479003765,1.0157086570530907,0.037480879086285175,0.06758952224307604,1.0219743925094282,3.2782775191476343,0.0,0.003771067211510031,0.0,3.4993594056945265,0.0,0.0,1.4911995697805849,6.021313235390183,0.26727574848099844,0.04268381636696175,-0.9155610584596681,0.4392405938213302,0.13098826493675245,0.003173622497640687,0.003616215869739388,0.002444610770051176,1.6182566788626913,0.33568617231528514,0.003329269225152542,0.6839969773678849,0.0058018376554884055,0.024520912640106998,0.35508141416292344,0.02038102799671482,1.937471964605131,1.5999309834640036,0.0027455822342087413,1.0219743925094282,Trapaf
0.0,0.46728774052766053,0.0,1.8596398167925148,0.0,0.0,0.004790732686445932,6.569885500237989E-4,0.006532085107686166,2.8578503675285383,6.77496968746022E-4,0.0025313238151397476,0.9000284795364977,0.020410730985708045,0.005274720779996786,0.059830534965871346,0.045604442854646626,6.1674942479336305,3.9679259421702238,16,15,0.5787917165821161,0.415538448589121,0.948688940916946,0.013436101422644887,0.021593065723848757,0.4932478426759758,2.8578503675285383,0.016486739198158712,0.007047894946823431,0.4325573273043143,0.0019379275950204438,6.242009892018283,0.05328281522920419,0.002568023007030516,0.9574331513610986,0.03448042768542875,0.06283405172379232,-0.08974435746889067,1.8620747725880233,-0.17760193133478092,-0.05968674853260936,-0.020872658743159765,0.0,0.0,0.03441159569882015,1.6950665741951518,0.12867266437046787,1.157516544,4.669444479229791,5.916910921762504,-1.7198718209516513,0.0,0.017396631038470705,0.06601097037688997,0.19087767565477184,0.0,0.0031087528688830256,0.14927434220074826,0.46956129520766227,0.01587893128507563,0.189961774998574,0.06306498615598438,1.7913698763818125E-5,0.5998728967808321,0.16501423300430265,0.0038536672312619114,1.3230991451864789,0.9574331513610986,0.977399229850481,0.44047811405327075,1.0198249894357783,2.5866654190098026E-4,0.0014734603419808469,0.08858605599346478,0.006082107858079151,1.7033444385748229,0.043603185804626,0.011998126592504337,0.025891810360875858,0.007306230234910238,0.2884707175983346,0.02860041847839868,1.7937219730941705,4.260089686098655,3.3632286995515694,0.0144869083219007,0.16378998369910774,0.977399229850481,0.03001946039379409,0.00914263105785285,12.245029995395813,0.0,0.0,0.0,0.0,0.016827912030033032,2.0923672400488603E-4,0.5634383261383835,0.00716788496878626,1.150208441799952,0.0,0.043898356764774195,0.20568560277085432,1.0198249894357783,2.494274106703571,0.9999999999999999,0.9826033689615292,0.0,0.0,0.2561534277222052,0.06619165272363121,0.9165923985846393,0.7257147229298674,6.694259877001959E-4,0.8229401138898326,0.0031087528688830256,6.47493158053717,0.0031266665676468438,7.229140362655454,0.001242226358001187,0.18071136949563557,0.35002771329115273,0.8844013234587267,2.690582959641256,0.10967091381085428,5.15695067264574,4.72093372001122,0.8968609865470852,1.7937219730941705,0.01264970945173403,0.03988884110097183,15,2.8499791687672933,0.041612423116425566,0.8725408070222664,2.0396794582098594,0.36069774130003246,0.2662955273534374,0.17365950815405648,6.777527661921312E-4,0.009585307312421253,2.0396794582098594,0.6135617967729353,0.0,0.0,3.3632286995515694,1.7937219730941705,2.8499791687672933,0.24540843541087387,0.038003818933378605,2.167176820187841,0.36069774130003246,0.4732810774222325,0.21295134477324526,0.22023905702663524,0.004412631988913984,0.0077044558466976745,1.8620747725880233,0.027934227006341288,0.022057289471840547,0.8229401138898326,0.04279445170055056,0.057082977676220746,0.9498536106529695,2.167176820187841,0.0,9.087661475354228E-4,0.0,3.2374657902685846,0.0,0.0,1.375435807564453,6.122514997697905,0.4732810774222325,0.015213227034746835,-0.7079396824530293,1.3825366104421006,0.49499604926118074,0.025044204487681535,0.0035664059649170446,0.0017280413746769653,1.60173975509749,0.4932478426759758,0.005377050097207846,0.6866105601615998,0.016396026778503325,0.029860879560589016,0.415538448589121,0.054705549802937646,0.486692964021362,0.5111101369226712,0.0066730435415885015,0.9498536106529695,Trapaf
0.0,1.0010107272794995,0.0,0.8460310115990943,0.0,0.0,0.010050219792741986,1.712812234872107E-4,0.015885162651781238,2.5807550742427035,0.02125155084498618,0.002760510815169444,0.6736919284058084,0.005822987422232217,0.021497754257119334,0.0566581258919596,0.0016111787875259071,3.8380637318784796,0.7438981323181499,45,23,0.16256435920120052,0.17718277101391205,0.7144730986053064,0.08210349639349275,0.006447826525686152,0.28299957606535575,0.9022018544198259,1.8998222268316287E-4,0.0024363246162127515,0.12792390446424098,0.0015608735762134552,14.925585888802573,0.046631576762445844,4.0887893886449027E-4,0.11664076912850148,0.034143250607852796,0.0053848950629962365,-0.053045457803621965,0.7456241128023382,3.8480869294721014,0.15729939427278752,0.049727778001467805,0.017134700969680804,0.0,0.014408426158966078,5.0958494415993565,1.5469187846289334,1.00138855,-5.508000636400068,1.5242655084408907,-0.7023482895450782,0.01917103090185409,0.0732225555671218,0.23066876063292277,0.4623023228246217,0.0,0.0066665979047413225,1.24468351123987,0.1712734098318568,0.03159698095885319,0.019141437072153007,0.016939549058219282,6.143362065093073E-4,0.6312431107511506,0.16458833109095777,0.007047402926028646,0.9022018544198259,0.6528404371549463,0.6004835787923987,0.6687244033761219,0.06523831545650491,1.3344559808536234E-4,0.007859409915617701,0.06655282755188775,0.005757730216664084,2.5807550742427035,0.008332418137811248,6.20062122222309E-4,3.4775208855957856E-4,0.005865887760813669,0.2376635085634779,0.009016321558220576,1.0,3.0,2.0,0.007363630895903179,1.189107169664549,0.8282365600797637,0.028347890106412248,0.015786995502161092,8.783247593800517,0.0,0.0,0.0,0.0,0.0049757485442274655,9.7156900823241E-5,2.150195719462913,4.0537064658872197E-4,1.8369395419058958,4.0,5.395361793831536E-4,0.455770328766732,2.150195719462913,3.855299242304103,0.9808289690981461,0.9076064135310242,0.0,1.0000000000000002,0.04336192024162292,0.02422048316946991,0.6769376528981015,0.21463533007347974,0.021010309578233414,0.2977985792636079,0.0066665979047413225,8.110955496887133,0.0072809341112506296,14.906469240254678,0.033521874930358485,0.3921546170823968,0.14968811975547544,0.4968876007600336,4.0,0.005453777236922523,6.0,6.994946700987811,1.0,2.0,4.640163567662364E-4,0.008774409683945073,23,0.4314028451885202,0.0030310787130047906,0.8753078331758858,0.66980750127556,0.2376635085634779,0.005687057686916244,0.3921546170823968,7.107308746711716E-4,0.01555243098609027,0.66980750127556,0.06523831545650491,0.0,0.0,3.0,2.0,1.8369395419058958,0.2541600452857803,0.39351787901752566,4.809584832444229,0.455770328766732,0.14968811975547544,0.39348688769139345,0.3343622016880613,0.0019763794371159813,0.036201627426566484,0.7456241128023382,0.002089829708513673,0.06624221821333476,0.2977985792636079,0.06404494396535733,2.0148285419565893E-4,0.6736919284058084,0.37447591475725034,0.0,0.002794698633028755,0.0,4.055477748443569,0.0,0.0,1.6970296450866549,4.39162379690026,0.6528404371549463,0.02790076189785414,-0.9908326542045622,0.37447591475725034,1.0010107272794995,0.00718804971563787,0.0033640967163046944,0.002775777648754767,1.8962597455670434,0.28299957606535575,0.0010611412043343897,4.809584832444229,0.008131055975975354,0.02460807385581028,1.24468351123987,0.082058919955151,1.8962597455670434,0.8282365600797637,0.00222793201289083,0.1444473985056181,Trapaf
0.0,0.0,0.0,0.9228196371318981,0.0,0.0,0.03016943870031028,0.0014933574215667742,0.0,0.0,0.0,0.0,0.8932246144480388,0.0,0.013144761619249306,0.0,0.0,6.862737199084061,0.0,20,11,0.4450492179927551,0.4777946146589967,0.0,0.0,0.004802631986354955,0.0,0.0,0.0,0.0,0.2254735418227993,0.0,15.130477379643546,0.0,0.0,0.0,0.0,0.0,-0.2966514526905528,0.0,-0.04137957972444489,-0.011276894407017804,-0.003794055237966571,0.0,0.0,0.0,2.2562746528826407,-1.338456797063794,0.966705152,0.769348746668503,0.2205242280513673,4.063633651664233,0.0,0.018357995848587976,0.07001900462066817,0.19416217599551097,0.0,0.0024190025360775426,0.0,0.658214494709085,0.07319065661727939,0.04010678642370479,0.0158692820559802,8.512578103853005E-4,0.7807500549694606,0.0,0.0,3.5837660351531535,0.0,1.479055768797145,0.2254735418227993,0.7493948390432622,0.0,0.0,0.17200810111991943,0.0016375203085429307,2.5159090210564368,0.0,0.004103221394759147,0.0,0.011278166250652253,0.0,0.01562015817380992,1.0067114093959733,0.0,4.026845637583893,0.0,0.0,2.795138757726831,0.02499019118133791,0.052451185447651406,15.682969652622004,0.0,0.0,0.0,0.0,0.0,0.0,0.0,2.2231395407983518E-4,1.2163552041636105,0.0,0.0,0.0,1.6800110569492952,3.902708227660657,0.9999999999999998,0.9816420041514118,0.0,0.0,0.059246328826147845,0.019139542402443043,0.9116229995307438,0.7174608235352328,0.0,0.0,0.0024190025360775426,9.010378601903055,0.0032702603464628433,15.841255378860918,0.0,0.0,0.0,0.5736129805598867,0.0,0.014483552078632425,0.0,7.549590706179515,4.026845637583893,0.0,0.002481369884928303,0.02840959180087852,11,0.0,0.03944883705526827,0.9454909342991429,0.0,0.45425953277299097,0.0,0.534408327460935,0.0,0.02404949191858994,1.138579051284998,0.0,0.0,0.0,0.0,2.0134228187919465,0.0,-0.06859352556154744,0.7698044237086689,0.0,0.4791965795272364,0.11731022725790344,0.0,0.039600865174268925,0.0024414143470705783,0.005355186097903724,1.7056063511810025,0.0,0.021664982476608804,0.9273009003981076,0.0,0.025513238389321558,0.0,0.0,0.0,0.0,0.0,4.505189300951529,0.0,0.0,1.6411299331628484,7.841484826311005,0.3564158336694645,0.0,-0.9090199307740559,0.5965810041146549,1.367371794471929,0.004717539279968838,0.00271214764169185,0.009931626122745434,4.689590454768462,0.35318247332698227,0.003510462837448226,4.854870808644872,0.0017996355087253671,0.018042197074689213,0.9496833297654749,0.10663436802926447,0.0,0.0,0.0026877316794253307,0.0,Trapaf
0.0,0.864184006200167,0.0,1.5898501578846145,0.0,0.0,0.011465007959673855,5.151854498349405E-6,0.016431852371255284,2.7671321862455422,0.0014110479290752678,0.025037092501741052,0.3516286167816152,0.030983509754332096,0.0011196520921099569,0.01271687783402935,0.06297703593262438,7.516140806735805,1.5699656028991071,16,15,0.48843757145518957,0.42048521634224884,2.997739010308715,0.08829202867372543,0.0017228949884275336,0.47364159149990387,1.8406845012876154,0.05717256704507112,0.00614400994381329,0.27026257424840333,0.002683078984435155,7.9166547540502705,0.01631274532218866,0.012091405971732838,1.167096319461859,0.07623497717718554,0.009670840120780086,-0.005499381457230828,1.5699656028991071,0.13912676937785423,0.036479391782440945,0.012146359226663104,0.0,0.0,0.013107393835359542,3.5688131728759265,-3.9372360380879003,0.9466451626666667,-2.0213245691854707,3.141572392719013,-1.0642424378698363,0.0,0.022309714178362666,0.0844777371059674,0.24311665275944105,0.0,0.01273926094302039,0.2647063577454288,0.43339427954029974,0.005327170200114043,0.17538417873933904,0.013072900413707263,0.015505276319862382,0.5038114316555671,0.42048521634224884,0.036276285315779734,1.6129744652746842,1.167096319461859,2.334744977965141,0.27026257424840333,1.01307890372292,6.013577123509072E-6,0.06574693660516999,0.011595295200071801,0.008168690024511913,2.7671321862455422,0.01448063926606914,0.0047377905342133,0.02374811717327678,0.01780303193452547,0.2974980072505151,0.008930395461369284,1.7676767676767677,0.0,2.7777777777777777,0.011936274689590584,0.21765012399238182,1.71131115766283,0.030438721383187897,0.011131365180842165,14.067994953045469,0.0,0.0,0.0,0.0,0.05989242193699908,1.352004810684345E-5,1.5663969318720046,0.0017455403065704134,2.793582948710669,0.0,0.011974601737802789,0.7906816543894198,0.5833429946462023,2.8205731995811165,1.0,0.9776902858216373,0.0,0.0,0.21670161641592908,0.04131743767659003,0.8932125487156699,0.6500958959562289,0.0010784519585493341,1.5663969318720046,0.01273926094302039,7.075205857975525,0.028244537262882775,8.971666064140381,0.024719651788037,0.8847733858349607,0.7906816543894198,0.9347724589140158,3.787878787878788,0.017437291397807905,5.555555555555555,3.9282034862121185,1.7676767676767677,2.7777777777777777,0.0024666842400253124,0.006571801210600532,15,4.747250690841193,0.02338430427605932,0.848606620858443,4.82056116581749,0.2974980072505151,0.2649428793771547,0.09717431225549146,0.003793112659235701,0.01667270677686923,0.7736716620732296,1.01307890372292,0.0,0.0,2.7777777777777777,1.7676767676767677,4.747250690841193,0.03681170311624946,0.04477076257111923,2.8205745280565293,0.1285254002070835,0.2990737850054164,0.29089878393220886,0.034663314631642454,0.0017770021644132753,0.019827873729794433,1.5118480984986513,0.09563766750021498,0.02227741651557927,0.7567908570361267,0.027752546511782453,0.03791276642239359,0.6114799716937327,2.8205745280565293,0.0,0.010627572287697654,0.0,3.5376029289877593,0.0,0.0,1.5647310694531456,7.033997476522733,0.6848825993263147,0.1942322223268136,-0.7418980373382067,0.6543226381531365,0.864184006200167,0.00938904846079845,3.2907436148101754E-4,3.026602836496489E-4,1.1262737321930303,0.3725386618037086,0.003885764669533023,1.1178012073254235,0.0024601417277996212,0.022167139632466543,0.2298857704988248,0.016232642356827975,2.997739010308715,4.82056116581749,0.0039649991784517875,0.6114799716937327,Trapaf
0.0,0.8101112566506267,0.0,0.942302941263356,0.0,0.0,0.042020967519325304,2.064290168164416E-4,0.010376818636187874,2.243699592923353,0.011635925310244273,0.007779412712185978,0.8325380247298849,0.005273838137443145,0.01133788612306527,0.05833237660112774,0.0034118511747991192,5.714396557657157,1.454030497003286,30,19,0.20571388872988236,0.20212624384518235,1.7375702718096775,0.032303276336195695,0.005400834770634925,0.21722304783004875,1.0503883264476948,0.004389403384635913,8.988344414059262E-4,0.07976081603963438,9.095240646585273E-4,11.570555903337866,0.04728808717095502,3.7881884095719614E-4,0.18043938935221604,0.023640454457353875,0.009603821857259226,-0.2758680238247232,0.7611383621352036,-0.06641207681783134,-0.0190824480127859,-0.0064166136004668115,0.0,0.0,0.004516178542674025,3.2175950323318916,6.288159089703852,0.916427584,-0.6273217272131459,0.16938410323397513,-1.0757324307298148,0.0,0.017600885706614222,0.06743257362614231,0.24787561082828935,0.0,0.0076194601010323324,0.8074206721822685,0.34430994685270844,0.06845980493189187,0.2518659038742025,0.03419458132922659,0.02910103768178434,0.6149571312679188,0.3566690639390304,0.015278325115480721,0.729714542957363,0.5837017623431109,1.226348442028036,0.25798157752167256,0.36543696475931503,1.2199499341966047E-4,0.04300529347098157,0.07835085535418038,0.005197235143736652,2.243699592923353,0.015505116831831534,0.0010321726616817706,6.086614666676331E-4,0.005820758325806377,0.1981702756433641,0.005008313678206882,1.0080645161290323,3.024193548387097,2.0161290322580645,0.00255700798895481,0.5449715750472156,3.129818442284539,0.027133985809838383,0.002587988024093901,13.465720110146867,0.0,0.0,0.0,0.0,0.004500970387752802,1.1177516716911081E-4,1.1213672157393137,1.1243907475488757E-4,2.294570955207291,4.032258064516129,4.438164359057022E-4,0.641898032804754,1.1213672157393137,3.4059791944150457,1.0000000000000002,0.9823991142933859,0.0,0.0,0.3227809829862458,0.07091507911204327,0.9149665406672435,0.6670909298389541,0.0061477926441918795,0.37310755368300813,0.0076194601010323324,8.149426750016515,0.03672049778281667,10.20880550066885,0.07560665260704995,0.5246580909968405,0.1592560240841789,0.5061130604721066,3.024193548387097,0.00654254123203337,4.032258064516129,4.820348829575455,1.0080645161290323,2.0161290322580645,2.1317286870489648E-4,0.01653063337209644,19,0.7880530185846533,0.007371521265924037,0.9180147038390337,0.9065361099023339,0.16342539717286714,0.01012617775229183,0.5246580909968405,0.0023168130241253164,0.010309718163849074,0.9065361099023339,0.36543696475931503,0.0,0.0,3.024193548387097,2.0161290322580645,2.294570955207291,0.04400260131239948,0.4245466508384713,4.312842542014254,0.641898032804754,0.07770828452050135,0.4251022284079164,0.1289907887608362,6.095923941305757E-4,0.024167596557996364,0.950451276874584,0.004650726942244068,0.022207548758324515,0.4489051182711462,0.022935074524749407,0.004015481622242199,0.8325380247298849,0.49076945038635444,0.0,0.006585101348413609,0.0,4.07471337500826,0.0,0.0,1.3065259181037014,6.7328600550734325,0.5837017623431109,0.2221346155730612,-1.245993461705288,0.49076945038635444,0.8101112566506267,0.004313426038745226,0.00647690474750221,0.006412024977697388,4.284984018488406,0.22891129786086922,8.065032700838566E-4,4.312842542014254,0.0018370220907772494,0.019153392276042888,0.8074206721822685,0.03179059375144071,4.284984018488406,3.129818442284539,9.707166678665555E-4,0.11896306564190802,Trapaf
0.0,1.4674391571678045,0.0,0.6486901312740027,0.0,0.0,0.007371787628191634,1.0484402489336087E-4,0.02684944410384253,1.0778721799136426,0.013761792791092768,0.004616881063515902,0.9027136036150283,0.0030513273567957964,0.008278200229365972,0.05618344196282788,0.010012512479288155,3.1240110685048617,0.6161510231874173,32,19,0.15850505988971164,0.7930406024252686,1.37717952041117,0.05667771610079993,0.0028802702698477187,1.4674391571678045,1.0778721799136426,0.0057936795970848255,0.027102563735050225,0.33103970372538166,0.0139043705462719,16.16572573444279,0.05394763765216476,0.004684864592141213,0.419302282753687,0.009485248214205298,0.005131835781102363,-0.083142913112174,0.6353360692026128,-0.23131921784309983,-0.08477152950152743,-0.030124435872299404,0.0,0.0,0.013612069690732392,0.11709903569080149,-8.04625800068019,0.997833252,-0.14580447570549937,-1.2929436009934498,2.046900462848756,0.0,0.016101128142807845,0.06175416245975571,0.16345190183379507,0.0,5.794079416490905E-6,0.7430975586013974,0.5570206984362106,0.008191036640549706,0.17096580732679362,0.00334368134360732,0.027356826377613355,0.7639913319002467,0.5796776931497052,0.023925816414168556,0.502986168617473,0.419302282753687,0.9273743505510957,0.2598736266217256,0.6879347730332394,1.362224861558806E-4,0.03372886827530442,0.06002276621305943,4.085362804512599E-4,0.9698594179421826,0.026925647431836956,5.835361915359252E-4,0.0029914115274068845,0.01260870705696499,0.7430975586013974,0.005529516355557978,0.9960159362549801,5.378486055776892,4.382470119521912,0.005330640094871913,0.5796776931497052,0.9273743505510957,0.027468965126451497,0.002393678202178765,9.57648763309566,0.0,0.0,0.0,0.0,0.03508042102757265,1.266791467834203E-4,1.6373255825847122,2.857477428470109E-4,0.3928721685356219,0.0,0.02183858550185221,0.4989522287381303,0.6879347730332394,4.028170474811148,0.9999999999999998,0.983898871857192,0.0,0.0,0.20167210912743078,0.030706301800637166,0.9221447093974364,0.7586928075636413,0.005090489080824896,1.6373255825847122,5.794079416490905E-6,8.39528212531374,0.027362620457029842,17.42786756942447,0.024442010034692156,0.3861162620870036,0.4989522287381303,0.7044406519222594,2.9880478087649402,0.020097683318049217,3.9840637450199203,7.43786933624304,0.9960159362549801,1.9920318725099602,0.0025689856664903488,0.019426704637896308,19,0.904258246828269,0.033930104786537706,0.8576971608045325,1.5267028849306492,0.5245154588789925,0.3334743618024938,0.07171818115725086,0.008146401474391078,7.332720166026915E-4,0.4398922410772991,0.3861162620870036,0.0,0.0,2.9880478087649402,1.9920318725099602,0.904258246828269,0.24378418467233254,0.05360761321265133,4.272296132004865,0.5245154588789925,0.1330778450129805,0.3457194137526086,0.06491845360015429,0.004120198887566287,0.001486113966207381,0.6353360692026128,0.05357193536732443,0.011272770895313372,1.478459348824836,0.01930574624510041,0.008597250261849532,1.0568406737828013,4.272296132004865,0.0,0.005623501564901966,0.0,4.197641062656868,0.0,0.0,1.8295120049695999,4.78824381654783,0.16676687749839753,0.07240251507321205,-0.8288700335058956,0.9027136036150283,0.18761779730920153,0.004219618827903571,0.004498086017671529,1.356632162005752E-4,0.8515203726985447,0.2574953424722909,0.010702139891519321,1.478459348824836,0.0021781791431324613,0.020496057948236883,0.7930406024252686,0.010471849481843277,1.37717952041117,1.5267028849306492,0.0014869551651880224,1.0568406737828013,Trapaf
0.0,1.164108312088977,0.0,0.3613596351197388,0.0,0.0,0.014891572771087836,2.016089175843129E-4,0.019664332222798998,0.6378076573921929,0.025038246011990575,0.011555405769484077,0.6816914660075498,0.006104496772876965,0.0038891039444105035,0.06181283587799632,0.014642449849821312,2.845132373338659,0.9667262631330614,40,23,0.14045548941338512,0.2895494513485125,0.6051690326847387,0.05952805268475014,0.004385730324682193,0.399432491646458,0.6378076573921929,0.014682280664198128,0.002928505421813201,0.4694824167847327,0.02355468504307612,16.143860175920743,0.0454021654389289,0.005997761986570951,0.3678465236788705,0.027959374550688355,0.014375743695736336,-0.22013699819857538,0.9667262631330614,0.09497314074684571,0.06243780982339783,0.02401149622868399,0.008590348616801139,0.0,0.014350667010694467,1.8917216833454626,3.757952314238694,1.03761291525,5.478496503702949,-0.22788522124043697,-1.1416037249171707,0.018075878996951754,0.06884427441703239,0.24328526238631867,0.4293359221410636,0.0,8.321496248629594E-4,1.3080246909705011,0.19749736291998182,0.01348364005889483,0.024748007092781736,0.014097245867857319,0.0032838965531497614,0.7305055048040316,0.9045555383927047,0.01231489810411284,0.6326577842166201,0.5520063515234134,0.547437258299966,0.5293723396072597,0.5591120086406548,1.3288478135846678E-4,0.03540475846164208,0.08054654708373957,0.004421998681468422,0.5109731571467806,0.01872811348573652,3.7260836651892173E-4,0.002029940152402948,0.010767818229782688,1.3080246909705011,0.006969316095570638,1.0033444816053512,2.842809364548495,2.0066889632107023,0.01486510240302175,0.9045555383927047,0.7833918910932043,0.02486268728040163,0.009109661272641052,7.1495853985843345,0.0,0.0,0.0,0.0,0.027643770005481925,8.011576417305512E-5,1.467185477123169,5.939374752883935E-4,0.8466880660731761,3.8461538461538463,0.013721411160443677,0.6515591423808899,1.467185477123169,4.01593579858205,0.9819241210030483,0.9130798465860158,0.0,1.0,0.04296129913865177,0.01821329204587004,0.6697945841996972,0.24045866205863362,0.012610867873397767,1.1713461501550908,8.321496248629594E-4,8.095266385128449,0.004116046178012721,16.45507138550358,0.013319804591648346,0.7045031659828729,0.6515591423808899,0.5110132930013361,4.849498327759197,0.02159514698466863,5.852842809364549,7.36251599660248,1.839464882943144,2.842809364548495,0.007843345925596363,0.012986659667355863,23,0.9299318823332564,0.01824621429936726,0.8438088926724431,1.3052349778283656,0.28498157140491814,0.11565253554751662,0.48147593155231994,0.012526555283212839,0.017695169225422414,0.4199328532377792,0.7045031659828729,0.0,0.0,3.0100334448160537,2.0066889632107023,0.9299318823332564,0.10474158609233722,0.2643473361070475,3.9061233784955895,0.36598087233499466,0.18732411224260512,0.3501928204735638,0.26468616980362986,0.0025854063026044013,0.016597475580234375,0.6146401675998486,0.02920163726875084,0.005132454147470493,0.8163541212948467,0.010239115781079288,0.008965572071447627,0.7122619513465197,2.489091565584743,0.0,0.008156564859357398,0.0,4.047633192564225,0.0,0.0,1.8293470849828513,3.5747926992921655,0.5520063515234134,0.019293426201375696,-0.953705690669644,0.9360348391336325,1.164108312088977,0.0030411422616776077,0.0037391862695146942,0.003950195841861591,0.6181448576254045,0.24101172013814423,0.0028637470500553555,3.9061233784955895,0.008173859504547085,0.019076813660802473,0.47689758547971667,0.04021480308054853,0.6181448576254045,1.3052349778283656,0.0014179943847762776,0.7122619513465197,Trapaf
0.0,0.0,0.0,1.4419807006928038,0.0,0.0,0.05938165936568659,3.442700810283961E-4,0.0,0.0,0.0,0.0,1.0602748856548834,0.0,0.019371533898780335,0.0,0.0,3.3249386833971344,0.0,20,12,0.6175584779413444,0.6627618709641442,0.0,0.0,0.00879224729061076,0.0,0.0,0.0,0.0,0.29167234330028297,0.0,15.271858394149076,0.0,0.0,0.0,0.0,0.0,-0.12903690267816134,0.0,-0.045876294874366674,-0.021147050385417906,-0.007779424565699052,0.0,0.0,0.0,0.5691854102141325,-5.970432984856616,1.05758667,1.0642077511918568,-0.35237196348240596,1.9945616425952402,0.0,0.016920131650899846,0.06482411678220058,0.24752189835210706,0.0,1.5451156530272049E-4,0.0,0.4220617917024159,0.04605653683508876,0.22429852445778972,0.007218391032356505,0.017000634456927493,0.816323504727843,0.0,0.0,0.7356284357313688,0.0,0.9035894152635232,0.29167234330028297,0.5808811103461273,0.0,0.0,0.08770994093778493,6.411478633179257E-4,1.017056404803223,0.0,0.006182265193596801,0.0,0.009105391580562188,0.0,0.006579847933637122,1.0,0.0,4.0,0.0,0.0,2.274844318637317,0.026206697152769163,0.00568352112528604,9.045600193529427,0.0,0.0,0.0,0.0,0.0,0.0,0.0,4.787900973977599E-4,0.74762975716648,0.0,0.0,0.0,1.3289619930262588,3.920544089412387,0.9999999999999998,0.9830798683491,0.0,0.0,0.24867206151237647,0.024373537054586718,0.9182557515668994,0.6707338532147923,0.0,0.0,1.5451156530272049E-4,8.240413310642326,0.017155146022230214,14.90668847988375,0.0,0.0,0.0,0.49820066055932855,6.0,0.0411033423840568,0.0,6.920675832299102,1.6666666666666667,3.0,0.0046091097562645685,0.045176928436082966,12,0.0,0.06804556785155567,0.926123194324284,0.0,0.6179144171504294,0.0,0.09527256887986302,0.0,0.017285776592498532,0.9157410820960253,0.0,0.0,0.0,0.0,2.0,0.0,0.2143442493538566,0.7600428434189515,0.0,0.7390457137804506,0.17463782456195107,0.0,0.06052721291169397,0.007025001727564698,0.006020773620310964,0.7836085242468123,0.0,0.015850147802657717,1.0775927983113995,0.0,0.016441461976532432,0.0,0.0,0.0,0.0,0.0,4.120206655321162,0.0,0.0,1.6844797680453187,4.522800096764714,0.17463782456195107,0.0,-1.0437930518112806,0.9962347612043765,1.0935778813895702,0.02620636971831688,0.009265654298392458,5.187096756117672E-4,2.144083647911844,0.4153664646609961,0.010806367996455192,4.838491182463284,0.0030846537787254857,0.019087858561462837,1.0332370666453046,0.06063311264119026,0.0,0.0,0.0028202680077120197,0.0,Trapaf
0.0,0.40715576798874104,0.0,2.3065986795228053,0.0,0.0,0.010154670832690732,4.5093249993247386E-4,0.0038585109673482604,1.996681950029193,0.0010877428903551558,0.013401502196952863,0.7068404768108953,0.012161093178608647,0.0019841565435877763,0.08805777767330387,0.005874212283280671,6.134505958085692,2.3161650303175025,33,23,0.4225754087437087,0.40875215524947833,1.1211857869389965,0.06206548456204343,0.0101942281150946,0.40715576798874104,1.4869810581368632,0.05265662563567921,0.003657326952717087,0.34342715219212533,0.0010989917231101316,8.705517532117412,0.08515680453213331,0.0074043760757478445,0.44823919180403726,0.016366411527564233,0.03016617768804431,-0.2298631388623733,1.7270322504824231,-0.944396226683956,0.08930049916084135,0.025838059041702142,0.0087694903258121,0.0,0.015365915914145031,-0.568223746268102,-1.9292193673619336,0.916435264,3.88831921126348,0.14778582754824687,-0.012478021671445072,0.01973750855920382,0.07431714396481771,0.30924411982221034,0.27065615171095264,0.0,1.450075715386559E-4,0.18057833872298623,0.2586391127779124,0.021527621683806477,0.051963044116458974,0.013626377735935308,0.0016715337409703326,0.6699662564263696,0.4112109281276789,0.008799617442163269,1.1959727571156678,0.6590089161659541,1.1211857869389965,0.12609547770352467,1.169822926668637,6.270501392976749E-4,0.010877268333262755,0.08849856132147185,0.009463326621530594,2.3065986795228053,0.046867576392133924,0.0047184160309441565,0.006227739761451462,0.01267293855298749,0.18711926439658316,0.02162162911954511,0.9157509157509157,2.7472527472527473,2.0146520146520146,0.02005077719593957,0.43014731802564854,1.0704906468739173,0.03630620131366522,0.00829457709977813,13.629080769609596,0.0,0.0,0.0,0.0,0.017657289006754333,5.793231072422686E-4,1.361699883934458,0.004932659594145923,1.996060625979865,5.128205128205129,0.037269693829601776,0.43260140366238636,0.5940320722368001,2.9559277107225808,0.9802624914407964,0.9059453474759785,0.0,1.0000000000000002,0.06740596316490327,0.015442919048444295,0.5967012276537682,0.3260450759428156,0.006031357298632846,1.361699883934458,1.450075715386559E-4,7.448181934889507,0.0018165413125089886,8.979454714037534,0.013278022038094535,0.6719775920350075,0.4389103814621835,1.5176689130194572,2.93040293040293,0.06579805009836291,4.395604395604396,4.8991597990951865,1.2820512820512822,2.0146520146520146,0.005317029189228149,0.04132222974058047,23,1.2367663582778126,0.01851169391126683,0.9105891938822638,1.5776913448800018,0.2597800871741536,0.05707165710657844,0.08849856132147185,0.005736808316591646,0.002925907653310599,1.5619569478128759,1.169822926668637,3.663003663003663,2.93040293040293,2.0146520146520146,0.9157509157509157,1.996060625979865,0.27194102958155164,0.2244047247467803,2.693303718762089,0.416348178395784,0.4389103814621835,0.23584987100519514,0.0037983181430528866,0.0023907472751208652,0.01739919882083756,1.8737371115380612,0.06546161094313431,0.03817859475455614,0.4810773485858634,0.022162260987170793,0.0512180425922977,1.0584524798519153,1.1600056598669828,0.0,0.005915956424526091,0.0,3.724090967444753,0.0,0.0,1.287351928366253,6.814540384804798,0.6590089161659541,0.20170617799104112,-0.939993673101811,1.1600056598669828,0.26333093731907636,0.02939233217791455,0.0046609009185173255,5.63925558633873E-4,1.8737371115380612,0.18982126392094445,0.00416270410426376,2.693303718762089,5.176165149149214E-4,0.03189233659407223,0.294239250416447,0.020045360230143264,1.5619640467087808,1.5776913448800018,9.920837872263641E-4,1.0584524798519153,Trapaf
0.0,0.0,0.0,1.3855480283104822,0.0,0.0,0.013090959947369116,5.603093117656029E-4,0.0,0.0,0.0,0.0,0.9785434759709154,0.0,0.00925583862131976,0.0,0.0,3.5657902230002363,0.0,20,13,0.7493175750332851,0.9272811099614481,0.0,0.0,0.016197530041533053,0.0,0.0,0.0,0.0,0.6109406218804045,0.0,15.557075689243693,0.0,0.0,0.0,0.0,0.0,-0.09347158843313792,0.0,-0.4045635827920999,-0.12581681142468615,-0.04332605260985412,0.0,0.0,0.0,0.15643196144573257,-2.8166731699342415,0.8598022465,-2.6772312605069315,2.2933298864294764,-1.3272318933120308,0.0,0.01888250152458079,0.0716199217991738,0.2330783318847387,0.0,1.2868287419039423E-5,0.0,0.4899654338368092,0.0038965271045241986,0.1668240844431143,0.01544487373805541,0.004171984486108722,0.7655367908073856,0.0,0.0,1.0597989549479725,0.0,1.3771744477546757,0.5439327600527608,1.1969841124350034,0.0,0.0,0.11427775619498842,0.0026026992788397603,1.4705024017070056,0.0,0.011041667175250456,0.0,0.02214017576777882,0.0,0.06074032839348904,1.0,5.666666666666667,3.6666666666666665,0.0,0.0,1.0455379702027936,0.023909102499473454,0.020754425148154624,8.176010077697986,0.0,0.0,0.0,0.0,0.0,0.0,0.0,0.005643775573285147,1.9391119281377531,0.0,0.0,0.0,1.142637090088035,3.9521263114450473,1.0,0.9811174984754192,0.0,0.0,0.18645381095469749,0.019629726511583172,0.9094975766762454,0.6764192447915067,0.0,0.0,1.2868287419039423E-5,8.017979555050852,0.004184852773527761,16.69445756976167,0.0,0.0,0.0,1.7935325843665513,0.0,0.1488802895759977,0.0,5.846826536639412,2.0,4.666666666666667,0.01935883651597883,0.041951551464135685,11,0.0,0.12895404121608986,0.9015718506602941,0.0,0.9404061382733998,0.0,0.5190224221862744,0.0,0.0378314185575671,1.1116838730462926,0.0,0.0,0.0,3.6666666666666665,2.0,0.0,-0.07395852404627727,0.5468781661693212,0.0,0.3275556981281592,0.5707931799698199,0.0,-0.20469975615904712,0.013151924536580161,0.04462840133049942,2.3193143176296824,0.0,0.027873800999957333,1.595381871330154,0.0,0.04775732646236393,0.0,0.0,0.0,0.0,0.0,4.008989777525428,0.0,0.0,1.8965922349910058,4.088005038848993,0.3298690370139023,0.2543322908008641,-0.8075439893020997,2.046531956912077,1.5725831943038073,0.025141060459308872,0.0022614768475558034,0.00817170642006162,0.576353883241424,0.2055774456054811,0.015762319977071244,4.121918256723879,0.013409212677370132,0.017607368176220325,0.6289597695885243,0.044078560186915396,0.0,0.0,8.770287722367157E-4,0.0,Trapaf
