z_freq_e_2.08,xy_e_freq_m_1.25,z_freq_e_2.92,z_freq_m_4.58,z_dwt_ar_-7,z_dwt_ar_-6,z_dwt_ar_-9,z_dwt_ar_-8,z_dwt_ar_-3,z_dwt_ar_-2,z_dwt_ar_-5,z_dwt_ar_-4,t_freq_e_3.75,z_dwt_ar_-0,z_freq_m_2.50,t_freq_m_4.17,z_dwt_ar_-1,z_freq_e_3.75,t_freq_m_0.00,z_freq_m_0.42,xy_e_freq_e_0.42,t_freq_m_3.33,z_e_stddev,xy_e_freq_e_3.75,xy_e_freq_m_1.67,xy_e_stddev,z_freq_m_3.75,t_freq_m_2.50,xy_e_freq_p3,z_peak_stddev,xy_e_freq_p4,mcr_t,z_freq_e_1.25,xy_e_freq_p1,z_peak_mean,xy_e_freq_p2,t_freq_m_0.83,z_freq_e_4.17,mcr_z,t_freq_e_1.67,t_freq_m_1.25,zcr_z,t_freq_e_0.83,t_freq_e_0.00,xy_e_freq_m_2.50,xy_e_freq_e_1.67,z_freq_m_1.67,t_freq_e_4.58,z_e_mean,t_freq_e_2.50,xy_e_freq_m_4.58,xy_e_freq_m_0.42,corr_z_e_xy_e,z_freq_e_0.42,z_dwt_avg_-5,z_dwt_avg_-6,z_freq_p4,z_dwt_avg_-7,z_freq_p3,xy_e_freq_m_3.33,z_dwt_avg_-8,z_freq_p2,z_dwt_avg_-9,z_freq_p1,z_dwt_avg_-0,z_dwt_avg_-1,corr_z_xy_e,z_dwt_avg_-2,z_peak_d_mean,z_dwt_avg_-3,z_dwt_avg_-4,z_dwt_norm_-8,z_dwt_norm_-7,z_dwt_norm_-6,z_dwt_norm_-5,xy_e_freq_e_0.83,xy_e_freq_m_4.17,z_dwt_norm_-9,z_dwt_norm_-0,z_freq_m_4.17,z_freq_e_3.33,z_dwt_norm_-4,t_freq_m_3.75,z_dwt_norm_-3,z_dwt_norm_-2,z_dwt_norm_-1,xy_e_freq_e_2.08,xy_e_freq_e_2.92,z_freq_m_0.83,xy_e_freq_e_0.00,z_mean,z_freq_e_0.83,xy_e_freq_m_0.83,z_freq_m_3.33,z_freq_e_2.50,t_freq_m_0.42,t_freq_m_4.58,z_freq_m_0.00,z_freq_e_4.58,z_freq_e_1.67,t_freq_e_2.08,xy_e_freq_e_4.58,z_freq_m_2.92,t_freq_e_3.33,t_freq_e_0.42,xy_e_freq_m_2.92,t_freq_m_2.92,t_freq_m_1.67,t_freq_e_1.25,t_mean,t_stddev,t_freq_e_4.17,xy_e_mean,z_peak_d_stddev,z_kurt,z_freq_m_1.25,t_freq_p1,t_freq_p3,t_freq_p2,xy_e_freq_e_1.25,xy_e_freq_m_2.08,angle_mean,t_freq_m_2.08,xy_e_freq_e_4.17,xy_e_freq_m_0.00,t_freq_e_2.92,z_freq_e_0.00,angle_stddev,xy_e_freq_e_3.33,xy_e_freq_e_2.50,t_freq_p4,xy_e_freq_m_3.75,z_freq_m_2.08,z_stddev,label
0.0456338442,0.0199043945,0.2278036893,0.0002684592,0.7726513091,0.2616539793,1,0.9504331368,0.0197416113,0.0113438467,0.0577729103,0.03528113,0.0027824667,0.0043187735,0.0131251698,0.0142464368,0.0065968485,0.1906995228,0.5165703675,0.0047245354,0.0860269664,0.0093166059,0.0044149713,0.0043632024,0.0107789827,0.1629947914,0.0257465755,0.0122622003,7.250755287,0.0343451345,7.7542799597,136,0.0241291937,0.5035246727,0.1026485721,1.10775428,0.0271697206,0.000340628,140,0.0042544944,0.0241670806,140,0.0124875953,0.9309139397,0.0083792838,0.0073911942,0.0065096501,0.0031505854,0.0026761259,0.0026253205,0.01113448,0.035101461,0.8803815168,0.008795972,0.0114334614,0.0158150265,0,0.0002009512,0,0.0068106824,0.000042888,0,0.000013832,3.8267875126,0.0857898821,0.0623074338,0.0297148979,-0.0088831441,1.563724032,-0.0394885949,0.0254381168,0.1777818276,0.5109973298,0.203881069,0.0224917802,0.0398816784,0.01113448,0.0495668632,0.0043187735,0.0010758636,0.3547687918,0.0155395188,0.0117165498,0.0083977645,0.0047469982,0.002278075,0.0055913627,0.0037501561,0.0054042401,0.8193475101,0.0012604468,0.0188433436,0.0260687665,0.0257465755,0.0945079289,0.038040702,0.0142464368,0.0038200276,4.62827188285303E-005,0.0255551138,0.0038073356,0.0051030377,0.021874361,0.0015669817,0.026896329,0.0068106824,0.0101047528,0.018659908,0.0054116255,0.2582851838,0.2044131048,0.004063778,0.1057777484,1.4961700602,0.7088213327,0.0057394777,0.7049345418,7.250755287,1.309164149,0.0151432127,0.0107789827,0.0021110138,0.018659908,0.0058772999,0.2115554968,0.0020395481,0.0088756892,0.001377916,0.0030163301,0.0045080493,7.7542799597,0.0073855096,0.0104047095,0.0517419875,Tandenpoetsen
0.0916481737,0.0241134811,0.2003949207,0.0003124435,0.8155396514,0.4419467181,1,0.9601858621,0.020106824,0.0074372052,0.0759484529,0.0500535889,0.0012310013,0.0018938327,0.0070005649,0.0137617519,0.0051335662,0.1307961769,0.7709032038,0.003945955,0.0725254495,0.0103275537,0.0010250215,0.0024312397,0.0222003509,0.3540056391,0.0109545669,0.0102997269,7.6535750252,0.0134417976,0,192,0.0411296701,0.8559919436,0.0471399275,6.4451158107,0.0562289715,0.0012585943,129,0.0025002032,0.0209909636,125,0.013059719,0.9485618926,0.0129480986,0.0054409287,0.0050046211,0.0021117059,0.0006863443,0.0009728908,0.0152483356,0.0686179009,0.0797677494,0.0234099814,-0.0023777158,0.0017000937,3.6757301108,-0.0006437904,2.970795569,0.0141176071,-0.0001734692,1.9637462236,-0.000058117,0.6042296073,0.0261267261,0.0341718771,-0.0239715082,-0.0115463519,0.9855002697,-0.0090296459,0.0082164651,0.1446462107,0.3735929333,0.3659982652,0.025894864,0.0386663803,0.0141159222,0.0398141379,0.0018938327,0.0008809307,0.2647663561,0.0299467649,0.0137617519,0.0126696188,0.002303639,0.0032397335,0.0026277676,0.0018680001,0.0046196332,0.8568385881,0.0015634532,0.0389487788,0.0686179009,0.0111115824,0.1340413918,0.0562289715,0.0175724027,0.0045977388,0.0002831984,0.0416808927,0.0013866354,0.0042042893,0.0111115824,0.0006838781,0.0236362274,0.0118836913,0.0102997269,0.0180769745,0.0038497279,0.3854516019,0.294905111,0.0013128432,0.2347680355,0.4778581844,0.1832919914,0.0050046211,0.8559919436,7.6535750252,6.4451158107,0.0084464428,0.0137809779,0.0062376099,0.0134964927,0.0029028575,0.4695360709,0.0006932753,0.0316418651,0.0066283215,0.0016529531,0.0023951032,0,0.0141176071,0.006211715,0.0261646585,Tandenpoetsen
0.1189323623,0.0277339065,0.1652260719,0.0001483772,0.8306646291,0.4049462201,1,0.9635001419,0.0198778808,0.0165703735,0.1310632125,0.0389465718,0.004012826,0.003607781,0.0124169219,0.0173343849,0.0044736796,0.1299771684,0.5406997285,0.0052328379,0.1058297068,0.0194338383,0.002959171,0.0086406794,0.0226282053,0.1920998538,0.0152381503,0.0154181549,2.0140986908,0.0399581519,5.0352467271,162,0.0517032001,0.4531722054,0.0796687438,1.2588116818,0.0380297846,9.57788304117909E-005,124,0.0065829011,0.0380297846,126,0.0170433375,0.8965438019,0.0120734025,0.020462705,0.0081411481,0.0064709742,0.0016051802,0.0036864955,0.0207781297,0.0631606327,0.2143309356,0.0278101437,-0.0081087925,0.0121589555,0,0.0003093497,3.9274924471,0.0138205683,0.0001067299,3.0715005035,3.74740729723084E-005,0.7049345418,0.0571719362,-0.0280089179,-0.0112480789,-0.0414668241,1.3264662126,0.0077102796,-0.0025183047,0.1328355128,0.425718409,0.2738830076,0.0921166407,0.0413162861,0.0174768341,0.0364998581,0.003607781,0.0003546393,0.2026887583,0.019068691,0.0138562418,0.0033075073,0.0120966939,0.0008658986,0.0115772848,0.0079497929,0.0067798694,0.73541588,0.0009820795,0.0410967609,0.0277339065,0.0152381503,0.1693507069,0.0615611002,0.0258516226,0.0057429917,3.98608164084415E-005,0.0642395501,0.0034576301,0.0146160597,0.0124169219,0.0041099704,0.0361378189,0.0111592913,0.0194338383,0.0277598848,0.0131530609,0.2703498643,0.2060148959,0.0044617127,0.1138832649,0.960152183,1.4188009846,0.0076169028,0.4531722054,2.0140986908,1.2588116818,0.0275071914,0.0167041762,0.0037149627,0.0147191628,0.0103980063,0.2277665298,0.0043394707,0.0288396378,0.0025919552,0.0085524464,0.007733961,5.0352467271,0.0138205683,0.0102037362,0.0400728447,Tandenpoetsen
0.0103751219,0.0863023913,0.2155443802,0.0007234486,0.7613699144,0.3018647276,1,0.9478575555,0.0042621116,0.001097645,0.0349875747,0.0239532535,0.0007943805,0.000219122,0.016887615,0.0180266151,0.0005649513,0.2599518999,1.3206056985,0.0070292324,0.0332755793,0.0197274743,0.0180615955,0.002911775,0.0348960336,0.8884464111,0.0707645526,0.0126280337,0,0.0509693632,0,201,0.0059496446,0.7552870091,0.213181222,7.6535750252,0.0539942011,0.0002065632,147,0.0013042051,0.0539942011,147,0.006239432,0.9714708893,0.0267004309,0.0024131393,0.0084797538,0.0016615365,0.0123738398,0.0003700008,0.0328405412,0.1300515925,0.1126824233,0.0061604851,0.0108873604,-0.0041976109,0,0.0021583946,0,0.0427896852,0.0005938793,0,0.0001995462,3.9274924471,0.0329301435,-0.0413696241,0.0084753204,-0.0178560973,1.433406592,-0.0145156524,-0.0193447434,0.1864876411,0.4595051868,0.2668771528,0.0110343212,0.0176408717,0.0279331532,0.0521424445,0.000219122,0.0009758985,0.4588742705,0.0196911419,0.0197274743,0.0031644666,0.0005326937,0.0003458293,0.0011714574,0.0020728815,0.0070292324,0.9229196519,0.0050459276,0.0057744958,0.0949351196,0.0707645526,0.0219252316,0.0622322827,0.0219719356,0.0100918552,9.85885041365713E-005,0.0086402346,0.0004612454,0.0025432643,0.0655982296,0.0009708913,0.0117514934,0.0338089966,0.0176894754,0.0231987626,0.0035754861,0.6603028493,0.4844843747,0.0008005547,0.6581147425,1.4676893918,0.1311659625,0.008036691,0.55387714,7.6535750252,1.5609264854,0.0085257181,0.0230387776,0.0041489357,0.0126280337,0.0018219277,1.316229485,0.0005998849,0.0064990842,0.0030747071,0.0032455516,0.0014581822,0,0.0427896852,0.0094466243,0.1111792533,Tandenpoetsen
0.0270993892,0.0223485015,0.1604642582,0.0004255211,0.7952415328,0.3694968914,1,0.9552255704,0.0788750197,0.0456132886,0.1827547494,0.1055922562,0.0014803104,0.0151566207,0.0078323753,0.0104302404,0.0301951978,0.2740781646,0.5938703458,0.0053025037,0.0589070099,0.0094362082,0.0055290848,0.003691568,0.0134412493,0.2511382124,0.0284581006,0.0112604056,0,0.0483050391,0,193,0.0151470835,0.6545820745,0.0996068753,7.6032225579,0.0232047273,0.0003919767,132,0.0021401034,0.0232047273,132,0.0077078227,0.9469670226,0.0097231646,0.0051578653,0.0062179618,0.002463291,0.0028740988,0.0018690054,0.0147329306,0.0459786519,0.9189495425,0.0131740437,0.0234416962,0.0133962963,0,0.0017229098,0,0.0090075747,0.0005343038,3.7764350453,0.0001842748,2.7693856999,0.1116076554,0.1111721918,0.0070145863,0.0714782089,1.2652515142,0.0386895088,0.0270271879,0.1599840375,0.4257446414,0.186742142,0.0771624932,0.0257258186,0.0098254088,0.0447744296,0.0151566207,0.0008693257,0.4209756937,0.0267172364,0.0094362082,0.0332617311,0.0154180908,0.0150385771,0.0037290074,0.0029797335,0.0047557675,0.8725300194,0.0046150644,0.0111094962,0.028498548,0.0284581006,0.0291561635,0.0516971031,0.0180969152,0.0092301289,0.0001332411,0.0194808972,0.0015715386,0.005374878,0.0190667976,0.0013724393,0.0266772111,0.0097231646,0.0112604056,0.0153221813,0.0046969857,0.2969351729,0.2433978127,0.0015974425,0.1444792332,0.6052055521,1.7387126103,0.0052803881,0.6545820745,0,7.6032225579,0.0117287184,0.0105890023,0.0032584385,0.0106059344,0.0037329558,0.2889584665,0.0014568272,0.0287895924,0.0029419485,0.0035031811,0.0029392447,0,0.0098254088,0.0078323753,0.0534385233,Tandenpoetsen
0.1300807052,0.0209822154,0.1013832364,6.63455923125627E-005,0.1245962964,0.035817762,0.6982991812,0.3071637368,0.0035981014,0.0013168587,0.0109993501,0.0047487691,0.0093332455,0.000192497,0.0108395252,0.0114131807,0.0010518325,0.0441638912,0.34722193,0.0119426734,0.1834464516,0.0115967983,0.02893209,0.0179622339,0.0127353049,0.1675424183,0.01041518,0.0088225811,1.8511763633,0.2142977066,2.3618457049,471,0.1141373443,0.5745030093,0.2258868667,1.2675542586,0.0207728148,1.90864677484718E-005,602,0.0154438114,0.0207728148,598,0.0433490765,0.7801713742,0.0080328925,0.0470007033,0.0088970089,0.0103159355,0.0048979473,0.0092363467,0.0100315045,0.02513875,0.1350775456,0.1009626475,-0.0268998753,0.0318520192,3.7844245851,-0.0041564171,2.5624658034,0.0095930584,0.0045383135,1.4772934525,0.0020435797,0.9483859201,-0.0562465307,-0.1188406943,-0.0419882627,-0.0003146209,4.2458864848,-0.0486031179,-0.0087178517,0.1825674403,0.0887785345,0.0248184119,0.006250581,0.1367051652,0.0100315045,0.3911354445,0.000192497,0.0001140531,0.0990070148,0.0011506677,0.0115967983,0.0022812427,0.0002650262,0.0008593355,0.0288003202,0.0134314962,0.0119426734,0.4108705546,-0.001544131,0.1300220376,0.0209822154,0.01041518,0.1201247754,0.0292258954,0.0114131807,0.0075491973,7.97122264463013E-006,0.1101108567,0.0108602021,0.029455338,0.0090807838,0.0104867377,0.0645908549,0.0077746802,0.0097134941,0.0133423608,0.0258925539,0.173610965,0.1703745247,0.0097451118,0.0542650045,5.0376283372,32.7406443336,0.0098835977,0.5836221047,1.8511763633,1.2675542586,0.0779484084,0.010247218,0.0020589603,0.0124922629,0.02253817,0.1085300089,0.0105747498,0.0499804331,0.0091855093,0.0164829944,0.0153581642,2.4712748495,0.0095930584,0.0108395252,0.069974681,Tandenpoetsen
0.0813334057,0.0050000761,0.1828098201,0.0002077338,0.8383552674,0.5628586871,1,0.9650860724,0.034068281,0.0084968607,0.2141029186,0.0903352413,0.0171181682,0.0060790102,0.0036166639,0.0100888245,0.0064383543,0.1414581923,0.1850782342,0.0027567971,0.0846787724,0.0164386177,0.0004045367,0.0422711519,0.0050000761,0.0206752014,0.0103497622,0.0125871582,1.8641810919,0.0090568314,3.9280958722,93,0.0442490992,0.466045273,0.0293194727,1.0652463382,0.0156432442,0.0011291807,92,0.0219357914,0.0142446804,90,0.0241993654,0.7951365036,0.0040277206,0.0583892202,0.0037525633,0.0071183727,0.0002425957,0.0131959843,0.0033347694,0.0058549186,0.1969714497,0.0414274003,-0.0025847143,-0.0005810363,2.3302263648,-0.0002493236,1.7310252996,0.0053987253,-6.86570982601957E-005,1.1318242344,-2.29313083082803E-005,0.5992010652,-0.0225573729,-0.0054843772,0.196446647,-0.0025837283,1.39196167,0.0011523124,-0.0115409569,0.1267308049,0.2754965803,0.3487557685,0.1237676774,0.0686298946,0.0033347694,0.0349139276,0.0060790102,0.0005394467,0.2693781793,0.0562669602,0.0164386177,0.0255714203,0.0020585065,0.0003593441,0.0474954154,0.0415457161,0.0027567971,0.4488241893,-0.0008655948,0.0384777722,0.0049309794,0.0103497622,0.0829006261,0.0238193244,0.0100888245,0.0028183969,0.0003200301,0.081472904,0.0171975843,0.0228407514,0.0060733589,0.0211568679,0.04052935,0.0042607108,0.0113269749,0.0142446804,0.0224071454,0.0925391171,0.066312717,0.0073917576,0.0127124135,1.3047043687,0.8243841113,0.0029678672,0.466045273,1.8641810919,1.0652463382,0.0638460517,0.0044489386,0.0031661369,0.0128430784,0.0225658564,0.0254248271,0.0126131092,0.03504339,0.0016636906,0.0593973875,0.0395155932,2.4633821571,0.0053987253,0.0037525633,0.0155617785,Tandenpoetsen
0.0922076212,0.0077322929,0.1753627061,0.0001190748,0.8659326719,0.568450629,1,0.9710964294,0.0723485903,0.0350203218,0.3395505397,0.2308511613,0.0097316014,0.0020654573,0.0057927771,0.0206629309,0.0034792668,0.0536975101,0.2512234974,0.0057842625,0.073923489,0.0129013638,0.0006749689,0.0272364249,0.0077322929,0.0348178942,0.00566912,0.0137239875,2.5474525475,0.0131659946,3.4465534466,95,0.0523708607,0.5994005994,0.03607848,1.8981018981,0.0215837001,0.0002219913,114,0.0215231314,0.020423315,114,0.0240416424,0.802858148,0.005848076,0.0534311118,0.0040619016,0.011701024,0.000429923,0.0131450515,0.0090431837,0.0098271963,0.2822880151,0.0898317281,0.0154144469,-0.0010885926,3.7462537463,0.0003625097,2.1978021978,0.0046841027,0.000097864,1.1488511489,3.27687986488123E-005,0.5994005994,0.0197478979,-0.0163383509,0.0397976995,-0.0476568753,1.2539649376,0.0311718057,0.0154058256,0.1051637576,0.2974820428,0.2289000893,0.1086993784,0.0487250639,0.0090431837,0.0289035706,0.0020654573,0.000276361,0.171002005,0.158502571,0.0100412103,0.0373282685,0.0315410549,0.0014138095,0.0462138327,0.0251712019,0.0045014925,0.5205476304,0.0007031964,0.0726365292,0.0083598894,0.0073470638,0.1069976265,0.0327856044,0.0206629309,0.0077093025,0.000067313,0.0699749541,0.0145609244,0.0394974041,0.0073470638,0.0105228735,0.0415469053,0.005234716,0.0137239875,0.020423315,0.0233655118,0.1256117487,0.0902930421,0.0145035366,0.0234930772,0.7209067242,0.4442564468,0.0038510248,0.5994005994,2.5474525475,1.8981018981,0.053318807,0.005848076,0.0024978104,0.0178354905,0.0502911391,0.0469861543,0.0124996498,0.1156291547,0.0017703121,0.0200943626,0.0415495326,3.2967032967,0.0047929646,0.005588363,0.0207330162,Tandenpoetsen
0.0495820035,0.0064265417,0.1521776353,0.0002472992,0.8746846964,0.5601672625,1,0.9730634143,0.0889137427,0.0670302324,0.2853555725,0.2112712748,0.0101011028,0.0346436899,0.0046856852,0.0140195017,0.0348424522,0.0767699946,0.2466749973,0.0050882306,0.0710534912,0.0143193477,0.0006433809,0.0245262054,0.0070512932,0.0365138751,0.0064797866,0.0130474765,2.4475524476,0.0170313447,3.0969030969,130,0.1110485681,0.5994005994,0.0383019719,1.5984015984,0.0218493508,0.0007988253,114,0.0196671729,0.0191661172,116,0.019704855,0.8220580773,0.0055618726,0.05740402,0.0044667504,0.0121970582,0.0003091583,0.0124660133,0.0058855872,0.0109774379,0.170474563,0.0886211673,-0.0160121141,0.0035461042,3.0969030969,0.000634532,2.5474525475,0.0054665334,0.00019237,1.8481518482,6.58997211859997E-005,0.5994005994,-0.0822925144,-0.0062332611,-0.0812578012,0.0374184777,1.0847520095,0.010092142,0.0185996048,0.0983787179,0.3145174339,0.27481169,0.0740842977,0.0367401177,0.0058855872,0.0269365857,0.0346436899,0.0002532566,0.1740443224,0.1223575321,0.0110799264,0.0218835103,0.0321877802,0.0001987623,0.0570405032,0.035982475,0.0041238516,0.551224938,-0.0014415252,0.0732713204,0.0079386005,0.0064797866,0.0816145711,0.0300535389,0.0140195017,0.0050882306,0.0006539228,0.0892544027,0.0164789588,0.0340523706,0.0051341917,0.0130836612,0.0317257924,0.0054665334,0.0143193477,0.0149349587,0.0185618099,0.1233374987,0.0909256885,0.0102476491,0.0231622019,0.4897226626,2.2445175768,0.0044667504,0.5994005994,2.4475524476,1.5984015984,0.0367056905,0.0070512932,0.0035215321,0.0149349587,0.0220305092,0.0463244037,0.0137078491,0.1021632665,0.0027986081,0.0368658798,0.0363737997,3.0969030969,0.0050521739,0.0037249848,0.0175324673,Tandenpoetsen
0.0518289315,0.0058633426,0.1663490687,0.0004376642,0.8359189618,0.5105823165,1,0.9644420604,0.1015325085,0.0182261475,0.2135419955,0.1302790186,0.005127626,0.0150451443,0.0067615601,0.0060698302,0.0159084445,0.1630786243,0.2245602607,0.0025743557,0.1378443675,0.0109730933,0.0003967791,0.022631788,0.0050663655,0.0340441109,0.0106200216,0.0089187612,1.998001998,0.0097020887,5.6943056943,164,0.0522060438,0.6493506494,0.0292275984,1.4485514486,0.0158232132,0.0047692179,122,0.0076331425,0.0122325333,118,0.0196878043,0.8655167508,0.0039586417,0.0365276621,0.0033302307,0.0032535404,0.0002308599,0.0065532665,0.0036254428,0.009439874,0.7204288198,0.0497307603,0.0058350979,0.0070773757,3.2467532468,-0.0002248698,2.5474525475,0.0041668048,-5.50798817846757E-005,1.7482517483,-1.82045250478339E-005,0.8491508492,0.0400974543,-0.009605048,-0.0240395565,0.0109786609,1.3357121395,-0.0258739516,-0.0035781859,0.1285230986,0.3253366452,0.297040321,0.0832629769,0.0676042386,0.0030122655,0.0355579396,0.0150451443,0.000847397,0.232149142,0.0287465101,0.0093341276,0.0833063611,0.002317703,0.0008633002,0.033353475,0.0300418689,0.003165849,0.5345483873,0.0008420149,0.0570543172,0.0064166667,0.0106200216,0.1220209082,0.0250086277,0.0061001583,0.00275561,0.002069242,0.0476786014,0.0069669203,0.0154887425,0.0067615601,0.0101790982,0.0504556799,0.0039586417,0.0109730933,0.0097026843,0.0119491195,0.1122801304,0.0827503179,0.002804688,0.0192167421,1.2089944987,0.9669356217,0.0033302307,0.5994005994,2.5474525475,1.4485514486,0.0474887836,0.0040930783,0.0019905542,0.0089187612,0.0155250023,0.0384334842,0.0098723636,0.0510651427,0.0012669612,0.0305000333,0.0284456508,3.6463536464,0.0041668048,0.002738699,0.0151783091,Tandenpoetsen
0.080601933,0.005429258,0.1494281523,0.0002000826,0.5709704926,0.2072568805,0.9701647203,0.8607241022,0.010029419,0.003022647,0.1055563674,0.0268857246,0.008193332,0.0011414401,0.0036521632,0.0094457971,0.0025682121,0.081909578,0.246961981,0.0030498192,0.1276043414,0.0091862852,0.0003381869,0.0214341813,0.0050588672,0.0414163297,0.0049447956,0.0121011936,4.8301132578,0.0078587076,6.9953364424,221,0.099125154,0.799467022,0.0292415924,1.965356429,0.0183711185,0.0010559463,163,0.0133890663,0.01161231,161,0.0168502724,0.8486678155,0.0036615918,0.0322484268,0.0029876715,0.0117505999,0.0002063172,0.0070910602,0.0050267741,0.0117970246,0.2428792223,0.0816598377,-0.0102331388,-0.0033781002,0,0.0067843828,3.7641572285,0.0038536425,0.0002534389,1.965356429,0.00008031,1.0992671552,-0.0153497724,0.0171613975,0.0129255143,0.0031161291,1.3508794875,0.0034126092,0.002771868,0.2897536096,0.3637136121,0.1017005131,0.0786706427,0.0486572884,0.0050267741,0.109440618,0.0011414401,0.0002224673,0.1647134266,0.0168563057,0.0091862852,0.0070067719,0.000454435,0.0014267719,0.0176262786,0.0105988748,0.0030498192,0.6130905863,-0.0006935504,0.1012090134,0.0087164587,0.0049447956,0.1090046007,0.0247397948,0.0101774998,0.0022240005,0.00078054,0.0885452718,0.009178207,0.03749136,0.0038929866,0.0067178727,0.0510214125,0.0036615918,0.0121011936,0.010482414,0.0125434026,0.1234809905,0.0971541896,0.0088717022,0.024473886,0.6776881853,0.7189587806,0.0029876715,0.799467022,2.3317788141,1.6988674217,0.034549439,0.0041654545,0.0030095961,0.0090462861,0.030602075,0.0489477719,0.0057252567,0.0419665464,0.001887045,0.0153530947,0.0107440535,3.2311792139,0.0044286247,0.0028177892,0.014351773,Tandenpoetsen
0.0767852559,0.0120627155,0.1641363789,2.13993255682979E-005,0.5178152098,0.2283621309,0.9656526052,0.8408283835,0.0235872277,0.0148891632,0.1271781327,0.0466875274,0.0086554017,0.0107001079,0.0058555524,0.0106850502,0.0129547808,0.0777473803,0.2864661306,0.0042033607,0.1142360558,0.0119293399,0.0005261673,0.0199182389,0.0120627155,0.0754118208,0.0068556536,0.0159620326,2.8314457029,0.0113599738,3.6309127249,209,0.073887481,0.7661558961,0.0336839918,1.965356429,0.0220443175,5.78588920543261E-005,168,0.0227943992,0.0220443175,168,0.0224009502,0.8036975812,0.0123183978,0.0746587472,0.0032772695,0.0116034892,0.0003072173,0.0150695558,0.0076277181,0.0190320761,0.4963441874,0.0872969245,0.0013476492,-0.0031524587,0,0.0016235147,3.7974683544,0.0082292379,0.000085724,1.6655562958,2.9315789996691E-005,1.1325782811,-0.0518920888,0.0238203889,0.2548575895,0.0089519241,1.2978085605,0.0005717705,0.0097481528,0.3230131737,0.2894530789,0.1011839982,0.0804906053,0.0663984222,0.006923053,0.1248242217,0.0107001079,0.0001418909,0.1595023396,0.0231002997,0.0119293399,0.0086980645,0.0019343824,0.0022546729,0.0750700686,0.031062359,0.0042033607,0.4419978472,-0.0005477592,0.1048718952,0.0123161566,0.0068556536,0.1160935764,0.0344943612,0.0129286041,0.0030028422,1.95157417178523E-006,0.06881485,0.022424365,0.0188457078,0.0058555524,0.0083603252,0.0481122575,0.0083482715,0.0119317405,0.016761581,0.02091553,0.1432330653,0.1220464912,0.0071793356,0.0350939161,0.8156191191,0.9488928848,0.0039415769,0.5329780147,1.965356429,1.2658227848,0.066603352,0.0123183978,0.0029256029,0.0162559148,0.0165668591,0.0701878321,0.0087868094,0.0708041077,0.0020151598,0.0226373842,0.0520049579,2.4983344437,0.006923053,0.0033712354,0.0175248932,Tandenpoetsen
0.051122249,0.0281482995,0.2863951384,0.000364076,0.7774306935,0.3096410116,1,0.95154534,0.0154578721,0.0045106252,0.0542337729,0.0230286206,0.0015248557,0.0001417472,0.0115600033,0.0129494577,0.0012392628,0.1378692709,0.6312968217,0.0034763902,0.0639509044,0.0114399116,0.005166062,0.0029219276,0.0125458828,0.1898172893,0.0207365396,0.0097562608,6.2437059416,0.0392766017,7.3514602216,179,0.0126665273,0.6042296073,0.1174835988,1.10775428,0.0430112586,0.0002470553,133,0.002924732,0.0264456037,135,0.0167333901,0.9381600771,0.0087189816,0.0077654158,0.0074274746,0.002748363,0.0028764291,0.001198876,0.0139150685,0.0393282878,0.1224250018,0.0055540733,0.0104200966,0.0107114171,0,-0.0002007199,0,0.0084477465,-5.89005382899425E-005,3.726082578,-2.04903991464393E-005,2.6183282981,0.0140228308,0.0390196946,0.0350906336,-0.0217948572,1.8866109867,-0.0171923907,0.0088509644,0.1741146464,0.467789682,0.2554072386,0.0312051524,0.0529677001,0.0137240028,0.04845466,0.0001417472,0.0005712889,0.3923331631,0.0075707485,0.0114399116,0.0109472468,0.0032713625,0.0010975156,0.0046151061,0.0019305686,0.006559005,0.8279788727,0.0023456313,0.010168415,0.0393282878,0.0368127981,0.0679452961,0.0430112586,0.0185019151,0.0068475569,0.0001213334,0.0209477425,0.0016301723,0.0084361053,0.0368127981,0.0014621538,0.0239013048,0.0084477465,0.0094660307,0.0159622676,0.0064587254,0.3156484109,0.21384855,0.0020021461,0.1424426389,1.6384500795,1.1834247368,0.006559005,0.5035246727,6.3947633434,1.10775428,0.019074332,0.0109774187,0.0030906947,0.0105104604,0.0058028887,0.2848852778,0.0012552037,0.0146297358,0.0017717518,0.0023518056,0.002204373,7.3514602216,0.007821515,0.0115600033,0.0536080332,Tandenpoetsen
0.0186160588,0.0228047181,0.1775319813,0.0005977025,0.8006030321,0.446365483,1,0.9566211037,0.0401718559,0.037442643,0.0933528785,0.0647574806,0.0016868942,0.0278871292,0.0152927544,0.0145658458,0.0282740094,0.2677965809,0.7220116113,0.0041149589,0.0705383509,0.0124739333,0.0064502546,0.0035664528,0.0158456512,0.2694240428,0.0355712928,0.0142000349,0,0.0640272395,0,187,0.020562426,0.6545820745,0.1325634819,7.7542799597,0.0376651947,0.0007732783,141,0.0029012517,0.0247599914,143,0.0096894075,0.9493668242,0.014358872,0.0058804313,0.0075477461,0.00160527,0.0033737111,0.0014869406,0.0159442789,0.0584798706,0.706537701,0.0092299195,-0.0073990157,0.0375337898,0,-0.0008001309,3.9274924471,0.0110019299,-0.0001930726,3.0715005035,-6.31089087063656E-005,1.9133937563,0.1700411704,-0.020028132,-0.048109532,0.0085630888,1.7388579556,0.007451868,0.0390207057,0.1560180716,0.3542375491,0.3530126044,0.0285953979,0.0271504375,0.0159442789,0.0433788963,0.0278871292,0.0014052422,0.3790909336,0.0245856247,0.0145658458,0.0027292129,0.0091686336,0.0003868802,0.0030632208,0.0041488618,0.0060949665,0.8568330712,0.0022658898,0.0105543568,0.0390000971,0.0355712928,0.0805306321,0.0475872149,0.011763377,0.0083572216,0.0002537351,0.0167524814,0.0015780166,0.0041280395,0.025318437,0.0013370339,0.0214938948,0.014358872,0.0142000349,0.0173195806,0.0053234052,0.3610058057,0.2579294443,0.001840086,0.1934120823,1.504946762,1.7345416838,0.0075477461,0.5035246727,7.7542799597,1.0070493454,0.0130037496,0.0143118769,0.0043400549,0.0140454969,0.005036029,0.3868241646,0.0016909754,0.0183076163,0.0038954671,0.0029585853,0.0036927703,0,0.0149458538,0.0082948262,0.0580686884,Tandenpoetsen
0.0721549063,0.0043454165,0.2040166048,0.0001789093,0.4362518236,0.1776579146,0.9621471894,0.8248446427,0.0107445982,0.0079269753,0.0967421218,0.0560024196,0.0040153367,0.0044082178,0.0056756112,0.0056607389,0.0071452608,0.1300727723,0.2437696679,0.0019708991,0.1210516623,0.0083051799,0.0004857343,0.0144610044,0.0031272224,0.0321397177,0.0084332212,0.0063731765,3.6463536464,0.0115166276,4.2707292707,332,0.0503217133,0.7492507493,0.0352007272,1.5984015984,0.0112645625,0.0011958295,250,0.0057542731,0.0109935367,248,0.0181696353,0.8902342302,0.0024749552,0.0221668,0.0026498547,0.006847999,0.0002914323,0.0048145647,0.0046334682,0.010236769,0.7359013387,0.0336647733,0.0021679993,-0.0016760813,3.8461538462,0.0044059,3.2217782218,0.002692041,0.0002014312,2.047952048,5.97997808158914E-005,1.3736263736,0.0317155134,0.0249908503,0.1305629169,-0.0001625927,1.4644228618,0.0107050099,-0.0087244945,0.3885928191,0.258593909,0.0809157928,0.0407397022,0.0646553873,0.0028170954,0.1373025467,0.0044082178,0.000375646,0.2222502311,0.0452578214,0.0058043375,0.0028176229,0.0007817145,0.002737043,0.0180655669,0.0144309482,0.0028701238,0.6348910416,0.0006372009,0.0463081199,0.0059375604,0.0084332212,0.1539211651,0.0257530979,0.0112383814,0.0020620535,0.000492294,0.0520385734,0.0052212434,0.0288698515,0.0056756112,0.0057798794,0.0391690529,0.002692041,0.0083051799,0.0065204869,0.0094470536,0.121884834,0.0825226003,0.0042936968,0.0213710584,1.2038762685,0.7699817895,0.0028701238,0.7492507493,3.6463536464,1.5984015984,0.0349843375,0.0024749552,0.0020674158,0.0063731765,0.0190314717,0.0427421169,0.0062530348,0.0335630169,0.0013480313,0.0139178661,0.0134740625,5.2947052947,0.0024942035,0.0032566661,0.0170637539,Tandenpoetsen
0.0403111838,0.0584417609,0.2925463962,0.0009710866,0.8008923813,0.4044847339,1,0.9568339125,0.0611511302,0.0591983174,0.13790322,0.0714341344,0.0033054579,0.0427910092,0.0221863002,0.0304125209,0.0589529708,0.1015305981,0.7458018078,0.0097157697,0.0818323768,0.0164100958,0.00479956,0.0153625809,0.0242520243,0.2546606421,0.0224440427,0.019773557,4.4310171198,0.0327242189,4.9345417925,165,0.0211820835,0.8559919436,0.10651212,1.5105740181,0.0530194072,0.0019245716,133,0.0042782018,0.0508705005,127,0.0184779576,0.9106771016,0.0223501547,0.0178105591,0.008322016,0.0056110927,0.0033937271,0.0033435493,0.0374476087,0.0626181614,0.0963050846,0.0261597081,0.0368525486,-0.0418193684,3.6757301108,0.0025125132,3.1722054381,0.0233418724,0.0007291986,2.2155085599,0.0002469648,0.5035246727,0.2970648575,0.1825669031,-0.0079287328,0.011457196,1.257160064,-0.0082261029,-0.0160432083,0.1559415312,0.3964076474,0.2665815138,0.0664690856,0.0605096175,0.0374476087,0.0431660875,0.0427910092,0.002260605,0.301119294,0.0102830042,0.0190373543,0.0019528128,0.0002453466,0.0161619616,0.0180192614,0.0119251061,0.0070177301,0.6938174194,0.0083846049,0.0208143926,0.0626181614,0.0425942678,0.1153116713,0.0561242141,0.0304125209,0.0167692098,0.0007050239,0.0236858707,0.0044942861,0.0201664996,0.0425942678,0.0023310134,0.0306495199,0.0233418724,0.0164100958,0.0210013658,0.0088400044,0.3729009039,0.236522128,0.005367035,0.191547737,0.7612193898,0.0067181657,0.0070177301,0.8056394763,4.9345417925,1.309164149,0.0344928991,0.0242520243,0.0042972312,0.0210013658,0.0212903735,0.3830954739,0.0026247803,0.0547092063,0.0029596739,0.0110005374,0.0137727691,6.3444108761,0.0272615129,0.0134085564,0.0576782087,Tandenpoetsen
0.1155926469,0.0005251655,0.181504377,1.07977470943819E-005,0.8532737794,0.4617032505,1,0.9685116965,0.0217257074,0.0173487969,0.1815502457,0.0902621365,0.0042992115,0.0014513674,0.0019300402,0.0013318379,0.0132224071,0.0512799637,0.0618218449,0.0016793691,0.0633276088,0.0031215037,9.60477520037761E-005,0.0119572756,0.0002642223,0.0012010967,0.0022918762,0.0041202967,2.5176233635,0.0074424076,3.0715005035,79,0.0623405047,1.0070493454,0.0162197668,1.5105740181,0.0069088032,2.7134608738556E-005,111,0.0134197843,0.0069088032,109,0.0391649871,0.8236152624,0.0003012136,0.0286227044,0.0016766299,0.0026672596,5.00049016805647E-005,0.0196950235,0.0001414416,0.0003067902,0.2091492374,0.082984585,0.003923662,0.0013406267,2.5679758308,1.40794612403117E-005,2.0644511581,0.0002014872,3.51939376640347E-006,1.5609264854,0.000001152,1.0574018127,0.0064462818,0.0183581118,-0.236681405,-0.0057409727,1.6461133498,0.0042087748,-0.0013344858,0.1152379171,0.3915705289,0.2801530048,0.0912881092,0.0966877933,0.0001168659,0.0314883035,0.0014513674,4.20948281904405E-005,0.1794138869,0.0685364291,0.0027137615,0.0043769105,0.0041263899,0.0117710396,0.0443126889,0.0284717167,0.0016793691,0.5618422587,0.0001606703,0.0870266047,0.0005251655,0.0030574961,0.1281052256,0.0041284297,0.0016714026,0.001348733,7.55885837352524E-006,0.0730723531,0.0185324557,0.0078897385,0.0030574961,0.0077660548,0.0254586536,0.0002328326,0.0031215037,0.0040568788,0.0331851967,0.0309109224,0.0161502966,0.0016817565,0.0011660496,1.2016129368,1.7405197817,0.0016766299,1.0070493454,2.7190332326,1.5105740181,0.0803779767,0.0003012136,0.0002992756,0.0041202967,0.0046845654,0.0023320993,0.0105143543,0.0386451591,0.0003073701,0.0198157793,0.0520098937,3.6757301108,0.0002014872,0.0019300402,0.0070731513,Nietsdoen
0.1438609904,0.0001052587,0.0669733226,0.0001934746,0.9737737487,0.8774690556,0,1,0.1335137578,0.0291306843,0.4875032713,0.2621993886,0.0028681854,0.003755131,0.0054324913,0.0011751985,0.0287629033,0.1300949551,0.0382511697,0.0035783578,0.1106645958,0.002126301,0.000187545,0.0233327052,0.0001052587,0.0004783718,0.0065022323,0.0018972769,2.5,0.0085027954,3.4,78,0.0634878525,0.6,0.0173215696,1.8,0.0031906927,0.0009737234,61,0.0092821086,0.0031906927,61,0.0193575237,0.8819064785,0.0001100282,0.0380629707,0.0030370069,0.0083919792,0.0001045848,0.0065576435,0.0001142508,0.0001710502,-0.0190426087,0.0858978751,0.0065951251,0.0001483196,2.6,5.21005358637991E-005,1.8,9.90347767961721E-005,1.81185559383521E-005,1.2,0,0.6,0.0112301828,0.0289808944,0.0487583136,-0.0014721981,1.179587228,0.0011072884,-0.0089908013,0.0262262513,0.0963046931,0.3899657843,0.2253038826,0.0603264967,8.575783031412E-005,0,0.003755131,0.0003200475,0.1479879115,0.1286856308,0.0011492296,0.1043830735,0.000367781,0.0250077723,0.0372245811,0.032100751,0.0023530609,0.5370573841,0.0005044722,0.0428811723,0.0001278893,0.0065022323,0.1678946273,0.0037377745,0.001869033,0.0035783578,0.0005289824,0.0706309523,0.0087624465,0.0333590786,0.0027945663,0.0051569488,0.0328035918,9.90347767961721E-005,0.002126301,0.0019719759,0.0156610188,0.0191255848,0.0094575541,0.0038403053,0.0003504696,0.8016637129,1.1561985647,0.0030370069,0.6,1.9,1.3,0.0452028923,0.0001100282,0.0002562339,0.0018972769,0.0207797248,0.0007009392,0.00541177,0.0787876351,0.0002519978,0.0274977448,0.034391075,3.4,8.575783031412E-005,0.0054324913,0.0102244521,Nietsdoen
0.0996936343,3.90655530667374E-005,0.0875106577,0.0001300129,0.8548980218,0.5475274634,1,0.9686224199,0.0244897688,0.0041022647,0.1766391091,0.0832745207,0.0048135093,5.55165558440158E-005,0.0030016825,0.0016635809,0.000124551,0.1548883416,0.0377855732,0.0027018035,0.0377185504,0.0013704823,0.0001948609,0.017110413,3.97922806782356E-005,0.0002516615,0.0056332627,0.0013299719,2.755511022,0.0063249838,3.7074148297,149,0.0941654244,0.501002004,0.0240674895,1.2024048096,0.0021537202,0.0005774403,114,0.0119260153,0.0021506343,114,0.0099438036,0.9040646535,7.01220772946964E-005,0.0256056272,0.0036489299,0.0082655336,0.0001500144,0.0074938934,4.01316891387568E-005,5.8718797349691E-005,0.1077145547,0.0559927434,0.0084977581,-0.0029744234,3.1563126253,-0.0004701516,2.2044088176,5.5554564894763E-005,-0.000130167,1.25250501,-4.39191691157696E-005,0.5511022044,-0.0021227932,-0.0023671694,0.0637885245,-0.0021152892,1.0250345866,-0.0046011066,-0.0114470315,0.1137243981,0.3073705584,0.3708883543,0.0933645884,0.0255590453,4.01316891387568E-005,0.0313775801,5.55165558440158E-005,0.0002179428,0.1979712683,0.0587847519,0.0013405284,0.0203875041,0.0039777137,6.90344443158082E-005,0.0437889832,0.033183389,0.0035082128,0.6801843187,-8.38790960577247E-005,0.0805324759,0.000047739,0.0056332627,0.0973553097,0.0021537202,0.0016635809,0.0024465784,0.0002873989,0.0916079784,0.0079452968,0.0224918373,0.0030016825,0.0079938958,0.0127176801,5.5554564894763E-005,0.0013704823,0.0021506343,0.010206203,0.0188927866,0.0079519962,0.00661246,0.0002700938,0.4212808983,-0.3199316422,0.0035455497,0.501002004,1.9038076152,1.2024048096,0.0199463054,7.01220772946964E-005,0.0002780472,0.0013299719,0.018538494,0.0005401876,0.0080170555,0.039417327,0.0002869557,0.0294363165,0.04643672,2.755511022,4.60521787622409E-005,0.0036489299,0.0122538921,Nietsdoen
0.183305883,0.0032811294,0.1449297805,0.000037964,0.8646130401,0.5854203807,1,0.9711544669,0.016604776,0.0062717787,0.2070977732,0.1203489738,0.0005828615,0.0056652145,0.0029719124,0.0019896883,0.0058522192,0.0487045128,0.3343692466,0.001331622,0.0077987423,0.0067867082,7.39058236210504E-005,0.0023487374,0.0021094738,0.0113281803,0.0022353802,0.0068023839,2.5537634409,0.0051128795,3.4946236559,44,0.067272396,1.3440860215,0.012598841,1.9489247312,0.0098924942,0.0001080341,83,0.0015627904,0.0098924942,79,0.0031762491,0.9817222705,0.0023658394,0.0059697065,0.0019021673,9.98684880691139E-005,0.00004689,0.0018469551,0.0006013069,0.0028945904,0.151221107,0.0422813736,-0.0012110137,-0.0006467991,3.8978494624,-0.0001378925,3.3602150538,0.0024211933,-4.88601221780619E-005,2.8225806452,-1.72824657304329E-005,0.8064516129,-0.0129505715,0.0023529191,-0.0128182156,0.0024323712,0.9621863778,0.0043886036,-0.0125187176,0.1065414268,0.2791926593,0.3783226075,0.0867487994,0.0094428684,0.0008094995,0.0288455331,0.0056652145,6.03758516040408E-005,0.1212465392,0.1037441978,0.0047286209,0.0103329973,0.0004195595,0.0001870047,0.0048627028,0.0070157987,0.0015347369,0.939933385,-0.0002885543,0.0508999517,0.0032811294,0.0026612218,0.1984744166,0.0105883192,0.0017823629,0.001331622,9.12174841358629E-005,0.0892582024,0.0013674669,0.0003655428,0.0026612218,0.0012353644,0.0037585365,0.0024211933,0.0067867082,0.0054512683,0.0027309234,0.1671846233,0.0419363761,0.0001559388,0.0296601041,0.3734535707,0.468698355,0.0016683776,1.3440860215,2.5537634409,1.9489247312,0.0096113041,0.0023658394,0.0004393167,0.0068023839,0.0006548291,0.0593202082,0.0017607749,0.0534276926,0.0004391243,0.0049397451,0.0070566378,3.4946236559,0.0017396431,0.0029719124,0.0068461472,Nietsdoen
0.1551883061,0.0286484083,0.1291606273,0.000072615,0.8742322475,0.7012545999,1,0.9734413503,0.0617260204,0.0134618678,0.1636312606,0.0806047399,0.0216655495,0.0048688236,0.0251804619,0.025129567,0.0050430878,0.0422257458,0.2886479806,0.0173884431,0.1250375872,0.029388233,0.0183765802,0.0534908506,0.0228146681,0.1722920838,0.0205913164,0.0196807692,1.6470588235,0.1334818003,2.1764705882,64,0.0822083019,0.5294117647,0.1968727031,1.0588235294,0.0332046151,3.82108861585091E-006,96,0.0087670096,0.0281505477,95,0.0422245951,0.7375078575,0.0286048262,0.038343574,0.0254362361,0.0167595301,0.0055041675,0.0128469498,0.0287784004,0.0505299086,0.3555974974,0.0695860265,0.0316651185,-0.0336526655,3,-0.0006849546,2.1764705882,0.0295595031,-0.0001887848,1.5294117647,-6.37608860972697E-005,0.8235294118,0.103826772,0.0196427127,-0.0452131298,0.0076778586,1.6846252442,-0.034834436,0.0444903124,0.0992091028,0.1729776476,0.5376233394,0.0830265207,0.0877261015,0.0287784004,0.0265586497,0.0048688236,9.60235516621793E-005,0.0882021383,0.0188787194,0.029388233,0.0482641527,0.0084187799,0.0001742642,0.0355079144,0.0555741593,0.0148630859,0.3469392109,0.0080231267,0.0689970909,0.032549083,0.0205913164,0.1619660097,0.0478729316,0.025129567,0.0173884431,2.95248832238064E-006,0.1285190171,0.0077421489,0.0486144892,0.0251804619,0.0227803086,0.0640232054,0.0295595031,0.0249633034,0.0168807349,0.0204180136,0.1443239903,0.1874459594,0.0239423229,0.0504198979,1.4847037665,9.3295306028,0.0225583747,0.5294117647,3.7647058824,1.0588235294,0.0532991428,0.0227139405,0.0021187047,0.0141394514,0.0566195957,0.1008397959,0.0213225091,0.0739399629,0.0029099367,0.0557782115,0.0430691631,4.6470588235,0.0287740544,0.0254362361,0.0737984024,Nietsdoen
0.0920399463,0.000334261,0.1701837116,0.0004821659,1,0.9678615794,0,0,0.2440237821,0.1830055117,0.8506508521,0.5204099237,0.0006869949,0.0859565764,0.0045971727,0.0016438257,0.1278428418,0.0705936164,0.0700449542,0.0044561225,0.0498141018,0.002463208,0.0002086999,0.0028391976,0.0004932761,0.0010156477,0.0054913913,0.00515287,3.2,0.0114157322,0,26,0.0614514435,1.2,0.0211942507,2.4,0.0058170616,0.0042271177,28,0.0111982779,0.0040518535,28,0.0168343979,0.9068751355,0.0004422119,0.0339863868,0.0036835653,0.0021079855,0.0001380951,0.0135025815,0.0001688282,0.0003981519,0.2253423175,0.078975279,0.0009175018,0.0002398005,0,7.97755167614016E-005,0,0.0002680652,0,3.4,0,1.2,0.0425230611,-0.0296838881,0.1887848447,0.0141662547,1.7716064455,-0.0162898918,-0.0027356431,0,0.0321384206,0.1172107273,0.3302409284,0.0507826344,0.0001420185,0,0.0859565764,0.0011902883,0.2097300654,0.2763861416,0.0015499378,0.0610182704,0.0551626699,0.0418862654,0.0519884144,0.0386490658,0.0044561225,0.6745701255,0.0013479027,0.0779475027,0.0003981519,0.0066101933,0.0838129707,0.0058170616,0.0022900844,0.0035508887,0.0011600797,0.0588791777,0.0165370043,0.0077024297,0.0066101933,0.0018427752,0.0146127244,0.0004422119,0.00515287,0.0064997994,0.0064146794,0.0350224771,0.012488699,0.0007590717,0.0012438226,0.0708660486,0.422478642,0.003799304,1.2,3.2,2.4,0.0239201016,0.0004932761,0.0004822861,0.0064997994,0.0026401994,0.0024876452,0.0086283719,0.0909990894,0.0003910108,0.0143733886,0.0487339543,0,0.0001521282,0.0045971727,0.0116972438,Nietsdoen
0.1857833018,0.0024789372,0.0705889743,9.05861989195548E-005,0.9032385982,0.654093971,1,0.9795840286,0.0629285905,0.0094841198,0.3379462083,0.1709748979,0.020933721,0.00185334,0.0056512455,0.0072349451,0.001855403,0.039597964,0.1035579384,0.0029621638,0.0748932103,0.0094719498,0.0004372298,0.0497262299,0.0016531564,0.0075323254,0.005347781,0.0060167882,3.1666666667,0.0158775392,4.4166666667,52,0.1394420659,1.25,0.02999562,2.25,0.0129516251,8.62288339171609E-005,56,0.0140256695,0.0129516251,56,0.0367551764,0.784310898,0.0013382566,0.035911092,0.0053951646,0.0070311346,0.0002170794,0.015265633,0.0015336007,0.0017205577,0.2321494803,0.0490353132,0.0053956929,-0.0061758959,3.75,-0.0001280091,2.8333333333,0.0014282561,-3.5336156340361E-005,1.4166666667,-1.18735383351884E-005,0.6666666667,-0.0123497803,0.0004120299,0.0154551847,0.0024009829,1.3108711243,0.0203000637,0.0001210741,0.0763454304,0.2491446272,0.3161477626,0.1669713104,0.0940378999,0.0017304553,0.0204159714,0.00185334,9.05861989195548E-005,0.0859127181,0.1080463074,0.0094719498,0.0534444707,0.0076287169,0.000002063,0.0483295924,0.0355723522,0.0049353228,0.4404715961,-5.4943336781617E-005,0.0829855405,0.0024789372,0.005347781,0.1090528217,0.0096732404,0.0066614978,0.0047690346,8.43545195697333E-005,0.1760468692,0.0203286081,0.0342498576,0.0050417498,0.0173210712,0.0324344596,0.0013368408,0.0066138936,0.0086125458,0.0238278823,0.0517789692,0.0384226738,0.0135138874,0.0039378237,0.8295598922,2.0425654088,0.0049353228,0.5833333333,2.4166666667,1.25,0.0644250995,0.0016531564,0.0006612914,0.0086125458,0.0489371196,0.0078756473,0.0142518589,0.0613838479,0.0005820811,0.0334438142,0.0400021364,4.0833333333,0.0017304553,0.0056512455,0.014745804,Nietsdoen
0.0678682865,0.0001040706,0.2845512229,2.67671402436835E-005,0.9659807948,0.8422044382,0,1,0.0530227845,0.0241425706,0.5558895999,0.093610592,0.002705055,0.000526345,0.0023885943,0.0018448313,0.0069250152,0.0386904967,0.0520111542,0.0033213334,0.0129106536,0.0039205244,0.0001722612,0.0148881699,0.000095813,0.0004373778,0.0039776397,0.0026369625,1.6064257028,0.0071439905,3.1124497992,86,0.0425294282,0.4016064257,0.0212425896,0.9036144578,0.0020565885,1.65541003189181E-005,68,0.0076046746,0.0023050996,68,0.0057379575,0.9352169799,0.0001004611,0.0215841876,0.0046432662,0.0018800923,0.0001298081,0.0073194657,8.75832000480197E-005,9.96932847487466E-005,0.1428111757,0.0622144819,0.0011479442,-0.0002292185,0,-5.382846414963E-005,3.6144578313,0.000242984,-1.7460860330218E-005,2.4096385542,0,0.702811245,-0.0043526483,-0.0151762059,0.3364513434,0.0174382581,0.8323913575,0.0038864306,0.0015075433,0.0340192052,0.1237763566,0.2863148383,0.4622790079,0.0222996001,8.75832000480197E-005,0,0.000526345,5.18578041904893E-005,0.3028607529,0.0405878075,0.0019992675,0.0288802139,0.0172175555,0.0063986702,0.0111089591,0.0421064837,0.0027202457,0.7716616392,-6.90547092856125E-005,0.0368577646,0.0001040706,0.0104937103,0.0316251892,0.0022127438,0.0018448313,0.0033213334,7.37315358866667E-006,0.0693427271,0.0052032897,0.0069600185,0.0104937103,0.0080280616,0.0054409637,0.000242984,0.0039205244,0.0023050996,0.0075169926,0.0260055771,0.0087716107,0.0021620277,0.0006232686,0.2989636758,-0.2502768248,0.0027202457,0.702811245,2.5100401606,2.0080321285,0.0303965752,8.20235726426763E-005,0.000444967,0.0018518914,0.0089946975,0.0012465371,0.0111844397,0.0634357227,0.0004219471,0.0416627036,0.0154263119,3.1124497992,0.0001314668,0.0046432662,0.011404584,Nietsdoen
0.130826743,3.01904437094086E-005,0.152729125,6.74505805091603E-005,0.9780877243,0.8963797231,0,1,0.1598164342,0.075041684,0.6152013979,0.3152086397,0.00527675,0.0204726541,0.002298721,0.0009266628,0.0234263563,0.025843128,0.0206671826,0.0022221314,0.0746759291,0.000901452,5.28232290238552E-005,0.0241659282,2.48411606952389E-005,9.63278078865481E-005,0.0016917674,0.0013526839,2.3138832998,0.0035490803,3.1187122736,72,0.083146635,0.5030181087,0.0110868801,1.4084507042,0.0021162538,0.0002785373,51,0.0076382083,0.0007870797,51,0.0164275055,0.8911870376,3.29151929210128E-005,0.0179376575,0.0021831637,0.0047741419,3.52398515483567E-005,0.0107604456,1.42856233895605E-005,4.15788941574926E-005,0.1249137069,0.0934709065,-0.0067706637,-0.0001518713,3.1187122736,-6.34801056569525E-005,2.4144869215,2.30147563624341E-005,-2.29914590248173E-005,1.509054326,0,1.0060362173,-0.0136675543,-0.005191431,-0.0817737207,-0.0048946869,0.8804626651,-0.0022020323,-0.0035805224,0.0219122757,0.0817080012,0.2811783252,0.2999927582,0.0573254934,1.42856233895605E-005,0,0.0204726541,0.000075384,0.0852317238,0.1553922055,0.0008072031,0.0847747502,0.0516153277,0.0029537022,0.0341300468,0.0383617199,0.0022221314,0.6284110088,-0.0005671232,0.1277771949,3.89654936587406E-005,0.0019527709,0.1396008937,0.0023863149,0.0009266628,0.0011342464,0.0002462868,0.1248271101,0.0109372374,0.0112785815,0.002298721,0.0070344767,0.0252945132,3.29151929210128E-005,0.0013526839,0.0010863903,0.00490768,0.0103335913,0.0046546251,0.0058348132,9.31652001473307E-005,0.2848699241,0.1728483741,0.0018440395,0.5030181087,2.3138832998,1.106639839,0.0225041567,2.48411606952389E-005,0.0002611006,0.0010863903,0.0169208266,0.0001863304,0.0099271905,0.0360217159,0.0003096196,0.0313586295,0.0429300221,3.1187122736,2.30147563624341E-005,0.0021831637,0.0059151181,Nietsdoen
0.1119252441,0.000029213,0.1230296268,0.0002836553,1,0.9688490854,0,0,0.1494143601,0.120624468,0.8536277703,0.6294779523,0.0050763891,0.0057927446,0.0032875883,0.0017252772,0.0994897802,0.0636887543,0.0170567869,0.0021887179,0.1210968761,0.0007497299,4.46986555948257E-005,0.0182271751,0.000029213,8.36754819982374E-005,0.0018889819,0.0010904703,4.6370967742,0.0041930646,7.6612903226,42,0.0829781409,0.6048387097,0.0099341693,1.814516129,0.002566348,0.004915865,26,0.0116627968,0.0012702457,26,0.0245408888,0.860112654,1.5338653534898E-005,0.0381716957,0.0022517209,0.019744137,3.21427488557659E-005,0.0061541523,2.67524691904215E-005,3.99284191111504E-005,0.1101507072,0.0569765104,3.48383783073242E-005,-4.40792474357511E-006,4.0322580645,-2.56584023683514E-006,3.2258064516,1.31512055866903E-005,0,2.0161290323,0,1.0080645161,-0.0053763159,-0.0216224807,-0.088255013,-0.0013626828,0.926452608,0.0005748786,-0.011713725,0,0.0311509146,0.1152213151,0.224149818,0.0538168478,2.67524691904215E-005,0,0.0057927446,0.0005415582,0.0627154135,0.4800635922,0.0010054166,0.0287898921,0.0211346878,0.0936970356,0.0195317726,0.0109430918,0.0021887179,0.5557373315,-0.0001653639,0.0795306916,3.41214376370256E-005,0.0018889819,0.2118737503,0.002566348,0.0017252772,0.0030841824,0.0017508668,0.0705644356,0.0069069115,0.0724703678,0.0032875883,0.0040015593,0.0302108026,1.08695879417385E-005,0.0010904703,0.0012702457,0.0109816076,0.0085283934,0.0044303516,0.0146051606,6.01396157065945E-005,0.1138515683,-0.103172504,0.0022517209,1.2096774194,4.8387096774,3.0241935484,0.0378303549,1.72081997640596E-005,0.0001888107,0.0009747434,0.0480542298,0.0001202792,0.0060029405,0.1300507008,0.000215346,0.0103086275,0.0138116295,6.0483870968,1.97487745561568E-005,0.00316953,0.0056785056,Nietsdoen
0.0573197533,0.000737289,0.1644618474,0.000546799,0.9814824426,0.9134424407,0,1,0.5273843689,0.3550693332,0.7869605463,0.5546552824,0.0125086299,0.1059267493,0.0112883805,0.00805042,0.1873301123,0.0491363082,0.1276905726,0.0097053781,0.0552915401,0.0067923705,0.0015738855,0.0383468678,0.0014218417,0.0051302002,0.0106177593,0.0074782856,3.25,0.0079946876,4.125,41,0.0312339789,0.75,0.0349574517,2.375,0.0081152914,0.0006583638,41,0.0116366476,0.0045384075,43,0.0082045561,0.876409561,0.0012340841,0.0231583111,0.007554371,0.0112932516,0.0007728413,0.014485899,0.0017406202,0.0015511579,0.2478684925,0.0937919163,-0.007505319,0.0003390739,0,0.000176899,3.375,0.0012064711,6.58127668772413E-005,2,0,0.625,0.167264932,0.1466301401,0.0631917617,0.1257943232,1.0041859945,0.065571343,0.0155879605,0.0185175574,0.0680400019,0.1264818944,0.2323052639,0.0365712256,0.0011683016,0,0.1059267493,0.0005607255,0.1580189546,0.0272709135,0.00805042,0.1723150357,0.1677392209,0.081403363,0.0456206312,0.0307731713,0.0072408626,0.6099407351,0.0068869371,0.0386888161,0.0015443615,0.0145435375,0.0762366046,0.0124322057,0.0104086107,0.0137738742,0.0006757566,0.0585826396,0.0178168766,0.0423620196,0.0145435375,0.009785003,0.0165805897,0.0012340841,0.0074654436,0.0107930511,0.0028685862,0.0638452863,0.0340851593,0.0085447324,0.0044622728,0.5570572845,1.5100517678,0.007554371,0.75,3.25,2.375,0.012455648,0.0014218417,0.0006143274,0.0107930511,0.0284674484,0.0089245457,0.0098656667,0.2711950607,0.0004214269,0.0324661663,0.0445462356,5,0.0011683016,0.007504695,0.0269671932,Nietsdoen
0.0607081167,9.06114662138944E-005,0.1202023752,0.000100426,0.9824432628,0.9177548206,0,1,0.3572814627,0.1080170523,0.7039211998,0.5608030639,0.0067611052,0.0214152161,0.0025747124,0.0018740197,0.0711846067,0.0230595029,0.036144702,0.0041265206,0.1196974094,0.0025492326,0.000098186,0.013709001,9.06114662138944E-005,0.0004886961,0.0020212192,0.0014782688,5.919395466,0.0027572261,6.6750629723,58,0.1548927717,0.7556675063,0.0141121428,1.7632241814,0.0028789837,0.0002854602,36,0.0025797988,0.0018506956,36,0.0155437734,0.9000260904,7.31926580726418E-005,0.010732452,0.003680018,0.0070148206,6.8905750873279E-005,0.0059700851,9.70362176191108E-005,0.0002122767,-0.0403890225,0.1157658693,-0.0036444316,0.0004241315,3.1486146096,0.0001344041,2.5188916877,7.61521431811493E-005,4.66491063624041E-005,2.0151133501,0,0.7556675063,0.0200427379,0.0305546265,0.0876201067,0.0160821034,0.8545867337,0.0316412866,0.00654722,0.0175567372,0.0646884422,0.2138336208,0.1431181359,0.0476238812,0.000079293,0,0.0214152161,0.0001457449,0.113656488,0.2035216012,0.0025492326,0.2492644104,0.0368324456,0.0497693906,0.0159581152,0.0163532732,0.0036167917,0.6634236008,0.0010479147,0.1127181548,0.0001308477,0.0042132535,0.0618548771,0.0046426939,0.0018740197,0.0041265206,0.0001682165,0.0967901229,0.0032547833,0.0342756376,0.0042132535,0.0084383861,0.0347266246,7.61521431811493E-005,0.0015905838,0.0013898013,0.0059634188,0.018072351,0.0097739776,0.0038031046,0.0003529941,0.312229471,-0.0258461703,0.003680018,0.7556675063,3.7783375315,1.637279597,0.0233097077,7.31926580726418E-005,0.0001878605,0.0011671385,0.0143906507,0.0007059883,0.005918009,0.1398980446,0.0001994214,0.0182180759,0.0223081954,4.7858942065,6.70032735281232E-005,0.0023507285,0.0082449292,Nietsdoen
0.1380252015,1.60912942226433E-005,0.0814628222,0.0001045186,1,0.9787779368,0,0,0.3436236239,0.176992325,0.8985697243,0.7230115883,0.0021736636,0.0058786576,0.002195818,0.0006422875,0.0072698038,0.0113567588,0.0198237775,0.0024647367,0.0429505112,0.001150913,4.4868353054008E-005,0.0058526733,2.01448398174153E-005,0.000051997,0.0010900395,0.0010806928,2.4193548387,0.0041568509,3.4274193548,30,0.1929043405,0.8064516129,0.0107360178,1.6129032258,0.0009341282,0.0005472816,20,0.0044928129,0.000928111,22,0.0063521767,0.9374910167,1.13438904272855E-005,0.021544767,0.0044188818,0.0039517266,3.3789764845956E-005,0.009177276,8.93421514304547E-006,3.10326142814665E-005,-0.2490339918,0.058641427,0.0001586695,3.98697914508791E-005,0,1.31620878939922E-005,3.2258064516,2.51156384454104E-005,0,1.814516129,0,0.6048387097,-0.0052554235,0.0025565543,-0.2344063114,-0.0183360874,1.681821568,0.0092694906,-0.0080024715,0,0.0212220632,0.0802082124,0.1755581361,0.0154378543,8.93421514304547E-006,0,0.0058786576,0.000192391,0.0448475496,0.3793879643,0.0005690627,0.166631299,0.1697225212,0.0013911462,0.0222409199,0.0393907324,0.0016797553,0.7801649882,-0.0009772167,0.0308706549,1.60912942226433E-005,0.0018924928,0.0774503475,0.0012641127,0.0009537044,0.0024647367,0.0002037856,0.2780430177,0.0072444099,0.005587193,0.002195818,0.0045757794,0.0093497719,2.51156384454104E-005,0.001150913,0.0009057092,0.0040983036,0.0099118887,0.0030977174,0.0023147309,7.40129334159953E-005,0.6978677353,0.1462346444,0.0044188818,0.8064516129,3.4274193548,1.6129032258,0.0133411029,2.01448398174153E-005,0.0002270615,0.0010544455,0.0048571479,0.0001480259,0.008778332,0.0856468131,0.0002570296,0.0368894067,0.0117427033,5.0403225806,1.26511726270476E-005,0.003094437,0.0057417547,Nietsdoen
0.1086011713,3.07860598950428E-005,0.0855448555,4.03666939503559E-005,0.9141959413,0.6642929425,1,0.9818067922,0.2891171795,0.1471600675,0.4609061726,0.3154049432,0.007961505,0.0494014737,0.0019533033,0.000917201,0.0683779161,0.0302858404,0.0219260751,0.0019211431,0.0867269462,0.0015803135,6.20168703761995E-005,0.0433820537,2.47766589908245E-005,0.0001696959,0.0020266177,0.00131959,3.7209302326,0.0043074058,7.0542635659,91,0.1065310762,0.4651162791,0.0117646519,1.2403100775,0.001563099,0.0001163716,58,0.0128613159,0.0008371827,58,0.0158787282,0.8540708849,0.000038558,0.0227758367,0.0019555097,0.0038910874,4.32632519705217E-005,0.0095090053,0.000019867,5.76656949264663E-005,0.2200484507,0.1159180713,-0.0024437489,-0.0015814159,3.7984496124,-3.24738194370431E-005,3.1007751938,4.821961621509E-005,-1.30368639116262E-005,2.0930232558,-4.75215799738945E-006,1.4728682171,-0.0337481782,-0.0209164405,-0.225202112,-0.0175798673,1.0180634996,-0.0155306083,-0.0030461175,0.067610851,0.2499029988,0.2033867699,0.1455012294,0.0447654067,3.02215875034252E-005,0.0181932078,0.0494014737,4.6111740066805E-005,0.0681670879,0.0262877637,0.0011812539,0.141957112,0.0787821513,0.0189764424,0.0410154009,0.0983322671,0.0022183004,0.4579277301,-0.0008743936,0.120532371,3.56809495588209E-005,0.0020266177,0.0859221718,0.0023159818,0.000917201,0.0021783663,7.63028428235961E-005,0.1317351851,0.0152085898,0.0095966599,0.0019533033,0.0197464641,0.0309002141,4.821961621509E-005,0.0015803135,0.0012742562,0.0063948484,0.0109630375,0.0057926469,0.0055360386,0.0001104277,0.5297697105,-0.0952370079,0.0022183004,0.4651162791,2.5581395349,1.2403100775,0.0215698835,3.03318063241861E-005,0.0002935833,0.00131959,0.0213887926,0.0002208554,0.0180413184,0.146569495,0.0003804642,0.1025128442,0.0500061783,3.6434108527,3.82052632013226E-005,0.0019555097,0.0065241612,Nietsdoen
0.130826743,3.01904437094086E-005,0.152729125,6.74505805091603E-005,0.9780877243,0.8963797231,0,1,0.1598164342,0.075041684,0.6152013979,0.3152086397,0.00527675,0.0204726541,0.002298721,0.0009266628,0.0234263563,0.025843128,0.0206671826,0.0022221314,0.0746759291,0.000901452,5.28232290238552E-005,0.0241659282,2.48411606952389E-005,9.63278078865481E-005,0.0016917674,0.0013526839,2.3138832998,0.0035490803,3.1187122736,72,0.083146635,0.5030181087,0.0110868801,1.4084507042,0.0021162538,0.0002785373,51,0.0076382083,0.0007870797,51,0.0164275055,0.8911870376,3.29151929210128E-005,0.0179376575,0.0021831637,0.0047741419,3.52398515483567E-005,0.0107604456,1.42856233895605E-005,4.15788941574926E-005,0.1249137069,0.0934709065,-0.0067706637,-0.0001518713,3.1187122736,-6.34801056569525E-005,2.4144869215,2.30147563624341E-005,-2.29914590248173E-005,1.509054326,0,1.0060362173,-0.0136675543,-0.005191431,-0.0817737207,-0.0048946869,0.8804626651,-0.0022020323,-0.0035805224,0.0219122757,0.0817080012,0.2811783252,0.2999927582,0.0573254934,1.42856233895605E-005,0,0.0204726541,0.000075384,0.0852317238,0.1553922055,0.0008072031,0.0847747502,0.0516153277,0.0029537022,0.0341300468,0.0383617199,0.0022221314,0.6284110088,-0.0005671232,0.1277771949,3.89654936587406E-005,0.0019527709,0.1396008937,0.0023863149,0.0009266628,0.0011342464,0.0002462868,0.1248271101,0.0109372374,0.0112785815,0.002298721,0.0070344767,0.0252945132,3.29151929210128E-005,0.0013526839,0.0010863903,0.00490768,0.0103335913,0.0046546251,0.0058348132,9.31652001473307E-005,0.2848699241,0.1728483741,0.0018440395,0.5030181087,2.3138832998,1.106639839,0.0225041567,2.48411606952389E-005,0.0002611006,0.0010863903,0.0169208266,0.0001863304,0.0099271905,0.0360217159,0.0003096196,0.0313586295,0.0429300221,3.1187122736,2.30147563624341E-005,0.0021831637,0.0059151181,Nietsdoen
0.1008817586,6.98586705135283E-005,0.1552760451,6.53892136884922E-005,0.9649187406,0.8371952562,0,1,0.1587921896,0.036984695,0.44534167,0.265985489,0.0071084316,4.95552436441016E-007,0.003447538,0.0014124575,0.0274711251,0.0992235361,0.0324555892,0.0028966097,0.0665273028,0.0023293523,0.0001721613,0.0215582418,6.98586705135283E-005,0.0002284151,0.006059129,0.002517263,2.9,0.0059062864,3.6,77,0.0614787497,1.1,0.021100867,1.7,0.0023972621,0.0001125912,57,0.0114953246,0.0020400452,57,0.0128718164,0.8866027495,5.64183428011683E-005,0.0521222066,0.0036000264,0.0038550546,0.0001214543,0.0129751319,4.10632363220136E-005,7.56408251612251E-005,-0.0942262322,0.0773278977,-0.0034768147,-0.0009161057,0,-0.0002738272,3.8,6.44382045911176E-005,-9.35729066396822E-005,2.2,0,0.9,-0.0001282961,0.0302066856,-0.051682197,-0.0110981292,1.2301374163,-0.009380779,0.0099335373,0.0350812594,0.1277234844,0.3918535862,0.179356181,0.0555556542,4.10632363220136E-005,0,4.95552436441016E-007,0.0001309428,0.2095719578,0.1071932993,0.0019226864,0.1218074947,0.0095135699,0.0274706295,0.0369903954,0.0410233166,0.0028966097,0.5381522989,0.0001411118,0.0564938423,7.56408251612251E-005,0.006059129,0.0900519427,0.0023972621,0.0011241344,0.0026366233,4.69695981230977E-005,0.0991959564,0.0083960795,0.0228171233,0.0051320336,0.0122380137,0.0124475714,6.44382045911176E-005,0.002517263,0.0020400452,0.0117499421,0.0162277946,0.0071869264,0.0040949227,0.0001934356,0.4147118385,0.0048718789,0.0028918413,1.1,3.1,1.9,0.062298774,5.64183428011683E-005,0.0002779797,0.0019366238,0.0167666718,0.0003868712,0.0161649621,0.0503387529,0.0002541849,0.0384238139,0.0477642006,4,0.000045044,0.0036000264,0.0110307639,Nietsdoen
