t_freq_m_0.75,xy_e_freq_m_1.25,xy_e_freq_e_3.00,z_dwt_ar_-7,z_dwt_ar_-6,z_freq_e_4.25,z_dwt_ar_-9,t_freq_e_0.75,z_dwt_ar_-8,z_dwt_ar_-3,z_dwt_ar_-2,z_dwt_ar_-5,z_dwt_ar_-4,xy_e_freq_m_0.75,t_freq_e_4.75,t_freq_e_3.75,z_dwt_ar_-0,z_freq_m_2.50,z_dwt_ar_-1,t_freq_m_0.00,z_freq_e_3.75,z_freq_m_1.00,t_freq_e_1.75,t_freq_e_4.00,xy_e_freq_e_3.75,z_e_stddev,z_freq_m_4.50,xy_e_freq_e_1.50,xy_e_stddev,xy_e_freq_m_4.75,z_freq_m_3.75,t_freq_m_2.50,xy_e_freq_p3,z_peak_stddev,xy_e_freq_p4,z_freq_e_1.25,mcr_t,xy_e_freq_p1,z_peak_mean,xy_e_freq_p2,z_freq_e_0.25,z_freq_e_1.00,mcr_z,t_freq_m_1.25,zcr_z,t_freq_m_4.25,z_freq_e_2.25,xy_e_freq_m_1.50,t_freq_e_0.00,xy_e_freq_m_3.50,t_freq_m_3.25,xy_e_freq_m_2.50,z_freq_e_2.75,z_freq_e_1.50,t_freq_m_0.50,xy_e_freq_e_2.25,z_freq_m_4.00,xy_e_freq_m_0.50,t_freq_e_4.50,z_freq_e_3.50,t_freq_e_0.50,z_freq_m_0.25,t_freq_e_3.50,z_e_mean,z_freq_m_4.75,t_freq_e_2.50,t_freq_m_1.50,t_freq_e_1.00,xy_e_freq_e_1.75,xy_e_freq_e_4.75,xy_e_freq_m_2.25,z_freq_m_3.50,corr_z_e_xy_e,xy_e_freq_m_4.50,z_dwt_avg_-5,z_dwt_avg_-6,z_freq_p4,z_dwt_avg_-7,z_freq_p3,z_dwt_avg_-8,z_freq_p2,z_dwt_avg_-9,z_freq_p1,xy_e_freq_m_1.75,xy_e_freq_e_0.50,z_dwt_avg_-0,z_dwt_avg_-1,corr_z_xy_e,z_dwt_avg_-2,z_peak_d_mean,z_dwt_avg_-3,z_dwt_avg_-4,t_freq_m_3.00,z_freq_m_1.75,z_freq_e_2.00,z_dwt_norm_-8,z_dwt_norm_-7,z_dwt_norm_-6,z_dwt_norm_-5,t_freq_m_2.25,z_dwt_norm_-9,z_dwt_norm_-0,z_freq_e_1.75,z_dwt_norm_-4,t_freq_m_3.75,z_dwt_norm_-3,xy_e_freq_e_4.00,z_dwt_norm_-2,z_dwt_norm_-1,xy_e_freq_e_0.00,z_mean,t_freq_e_3.25,t_freq_m_4.50,xy_e_freq_e_3.50,xy_e_freq_m_0.25,xy_e_freq_e_2.00,z_freq_e_2.50,xy_e_freq_m_4.25,t_freq_m_1.75,xy_e_freq_m_3.25,xy_e_freq_e_1.00,z_freq_m_0.00,z_freq_m_2.25,xy_e_freq_e_0.75,z_freq_m_3.25,z_freq_e_3.25,z_freq_e_4.50,xy_e_freq_e_2.75,z_freq_m_0.75,t_freq_e_2.00,z_freq_m_4.25,z_freq_m_1.50,xy_e_freq_m_1.00,t_freq_e_2.75,z_freq_e_0.75,t_freq_e_1.25,t_mean,t_stddev,t_freq_e_1.50,t_freq_m_2.00,xy_e_mean,xy_e_freq_e_3.25,z_peak_d_stddev,t_freq_m_3.50,z_kurt,xy_e_freq_e_4.25,z_freq_m_1.25,t_freq_m_1.00,t_freq_p1,t_freq_p3,t_freq_p2,xy_e_freq_e_1.25,t_freq_e_3.00,t_freq_m_4.75,xy_e_freq_e_4.50,angle_mean,z_freq_e_4.00,xy_e_freq_m_3.00,xy_e_freq_m_4.00,xy_e_freq_e_0.25,t_freq_m_0.25,t_freq_e_4.25,xy_e_freq_m_0.00,z_freq_e_0.00,z_freq_m_2.00,t_freq_m_4.00,angle_stddev,z_freq_e_4.75,xy_e_freq_e_2.50,t_freq_e_2.25,z_freq_m_2.75,z_freq_e_3.00,t_freq_p4,xy_e_freq_m_2.00,xy_e_freq_m_3.75,z_freq_e_0.50,xy_e_freq_m_2.75,t_freq_e_0.25,t_freq_m_2.75,z_freq_m_0.50,z_freq_m_3.00,z_stddev,label
1.428323113686102,0.8705431738951821,0.0036294095924051745,0.8832455733967707,0.6185912674900277,1.6449846132941327E-4,0.9999999999999998,0.034105316482961105,0.9754151700773827,0.003911134429052928,0.001267305913032915,0.17202259177219809,0.018775157799645264,1.2166436409259846,0.001353020410898474,3.5071610615316053E-4,1.1840376268206789E-4,2.1790787875391335,1.1854102103554679E-4,9.898031421516475,0.006258366784720104,0.19605637407429433,0.008144930632447768,4.3867911568825453E-4,0.0033600024814735524,20.25308082895903,0.02784328274423498,0.05939375736768482,16.593290256660683,1.291023662806518,0.4783538946348732,0.9971817340717485,3.735059760956175,1.6792884681793339,4.681274900398407,0.0049566851171537595,183,1.842629482071713,8.152420266217216,2.7888446215139444,0.0016698083013605837,0.003245336348656747,112,0.1616173849249667,112,0.17385526915172256,0.07993031039681336,8.492472549199173,0.8592823482178424,2.6427817596037095,0.20883996921130718,9.137194789183386,0.13683509948532518,0.18911096451081583,1.428323113686102,0.03739794464770636,0.07911376228709632,1.2166436409259846,8.125142000226917E-4,0.05091076130358906,0.0352629551756521,0.1759068954604174,8.171050292716311E-4,13.288281308016137,0.022077794075900332,0.021570323451505086,0.7511490416721988,8.899245313883467E-4,0.05872054209500809,0.003628787539717114,5.679806821025737,0.9323198970893442,-0.1230606076819012,3.930877437177717,0.5705983054968256,-1.5902907623623794,3.735059760956175,-0.06430336445559656,2.7888446215139444,-0.020965855563034232,1.842629482071713,-0.007246761258021895,0.9462151394422311,8.492472549199173,0.0017031333542810588,0.9582235909783383,-0.03262522378605737,-0.12688255478472366,2.0019323146137045,1.062070958764706,-1.1416742935454425,-1.6230680322464826,0.09370362300227082,2.3698256029994966,0.01033459812693264,0.09216959668061202,0.26465430590674305,0.44656867571782966,0.15324743397255283,0.6615051606550656,0.024584829922617072,1.1840376268206789E-4,0.1910749939552551,0.014864023370592335,0.1193177565077268,0.0026438285160200127,0.008756255330164102,0.0011487648919973681,1.3725835347890195E-7,0.5832152778502044,0.012650549551697095,7.747829353369611E-4,0.17385526915172256,0.012562912565660445,0.6096193926856078,0.0012544763808111,0.20792334851685493,3.930877437177717,0.7511490416721988,2.6427817596037095,0.001352285376656574,0.07863180331912102,1.1980403512660631,0.002117462461797481,0.9323198970893442,0.048526557527183344,1.0069416464699445E-4,0.06071110329381103,0.8408063941658689,4.3976343864558017E-4,0.03705284502556525,2.3698256029994966,0.7129734020998878,0.012360474921838822,0.030334663067760097,9.588662259522652E-4,4.949015710758235,2.425559198058546,0.008566465104301948,0.11819659704378487,17.081952722770204,0.01235459241503807,0.08285887022061787,0.20883996921130718,0.32652038163666397,0.0295920577085565,0.35514253494464476,0.1708136276796584,0.9462151394422311,2.7888446215139444,1.842629482071713,0.0015712740047920555,3.114179305266644E-4,0.30771219194491534,0.021815821958811803,0.037551138859334636,3.9919504648609343E-4,1.3187075537177275,3.034642600179907,7.685860908882447E-4,0.350051451741241,9.158742963414261E-4,34.1639054455404,5.999644166761725E-4,0.31220344378845144,0.12030074302360562,0.017072666361744458,6.724371100306595E-5,0.09609431748453218,0.00964459441415797,2.1790787875391335,0.00798790120617397,5.627490039840637,0.9961014445604492,2.2748911154220655,0.029569009551263348,9.137194789183386,0.0029999273790674544,0.9971817340717485,0.8408063941658689,0.3536716356737545,3.647104282544626,Wandelen
0.8993606023106245,6.640027651811754,0.009030208288775083,0.9694476393342367,0.8558719867992445,6.596959239247746E-5,0.0,0.01222459827572616,1.0,0.02848745363030449,0.006662037759124755,0.427399471401252,0.11646043451396598,1.4633415050308527,0.012930993926673207,8.69424472188891E-4,1.4570707892378224E-5,2.2670822268278714,0.003782699879648148,9.127765655527345,0.0017734256021827938,0.1897767478832003,0.0012489439745501725,0.0018724626146610784,0.0046554497410277555,12.46379851825074,0.020119632596470153,0.03807428905331156,12.934815944217931,4.860426051764397,0.21472955328994983,1.2092560703676523,3.528225806451613,0.6489537618150114,4.334677419354839,0.0849100221978101,84,1.7137096774193548,7.1857088518394185,2.620967741935484,0.00367247063301289,0.0021927307741689446,57,0.42793607109933746,57,0.2676945285847883,0.16172000701605246,6.640027651811754,0.8990197690774484,3.0407036181553426,0.3464209510595003,9.549512640361211,0.027032246785666455,0.10828680131701217,0.8993606023106245,0.06784066290355568,0.10005915310001595,1.4633415050308527,0.0016425080549484434,0.09651277768868761,0.012844859233744173,0.23539337706120098,0.001341205709338887,8.796913407695815,0.012950265613873066,0.018989191825960525,0.42793607109933746,5.393288760188827E-4,0.009481637280974547,0.018824617106177836,9.549512640361211,1.7096657495656546,0.038509870313725464,1.5450420185294622,-2.0538756263206106,0.0402988861097882,0.0,0.00845902896993108,3.528225806451613,0.002625594260042762,2.620967741935484,0.0,1.7137096774193548,2.910341022008009,0.003033571106705803,0.17783531927755547,-2.859832413212053,-0.011088582665159944,-0.02148166928057149,1.1538351542857144,-2.2510518189369972,1.5297961031737821,0.3464209510595003,0.8165186368411065,0.0030682182750238172,0.03055236066576323,0.11357565253499227,0.4284725153979924,0.310939036887286,1.2092560703676523,0.0,1.4570707892378224E-5,0.025484957889923516,0.08797298088366148,0.17180617373404325,0.021825415871179733,0.029134765452080227,0.0028793378794766075,0.00376812917175577,0.637399421985605,-0.016623066766983934,0.002824785934792289,0.27421488732300053,0.009594217784654508,1.9354037383640705,0.006300992361794184,0.1655790646636251,5.611422814535685,0.17823480239228787,3.0407036181553426,0.0018554348881744001,0.16696919300228308,2.2670822268278714,0.0026941155743062523,1.7096657495656546,0.1810238003197629,3.45545146323387E-5,0.010282476164327186,0.5061639636380652,0.0017559107115090713,0.028827515648462563,1.658388468689364,1.1376782463735144,0.001971127991616083,0.01361974820579507,0.0024031373417938385,4.563882827763668,1.908760402913727,0.0026658678890280085,0.23885311546618374,15.66813383706803,0.01495212008048783,0.02230347219342861,0.2436574703749449,-0.006933684005292484,0.027150196062781642,1.658388468689364,0.12335880796327975,0.907258064516129,2.620967741935484,1.7137096774193548,0.031309580124978614,0.002216904848924598,0.9837845399590889,0.0041645076201767914,0.04351828865047151,4.4827099725976437E-4,2.5715627949718844,5.611422814535685,0.003871050043967733,0.3642294620942482,0.0016295499622527485,31.33626767413606,0.0015914867584664735,0.18597754652059967,0.2676945285847883,0.03648561107674089,1.573045124350804E-5,0.07035068637613746,0.018627249108755607,0.8115312680949417,0.10720029600656711,5.241935483870968,2.0951696623903864,1.9955629723032577,0.01576742031071442,3.148429651032536,0.002382180170068791,0.35136615086066886,0.5061639636380652,1.6107826402412182,2.9689068805453966,Wandelen
0.9202164863528814,2.779687605888074,0.010355846946291295,1.0,0.9681863342116415,7.809206090051313E-4,0.0,0.009560757426979035,0.0,0.17774982650351326,0.07841090020736852,0.8510399708176416,0.7508083946875995,1.5920851821342181,0.011046318769136549,0.0017140288186666258,0.005003280253983828,2.163434159002593,0.005719489293124543,9.848245104997211,0.018273335636064796,0.6064538948881489,0.001816164063409861,0.0019676722241889206,0.009835371105367597,13.065661392792808,0.10841252459679938,0.018430038937536038,16.208506478184663,5.626058975758183,0.7359753309768851,1.83181573401644,4.417670682730924,0.3437287879091082,5.220883534136546,0.02572379709904516,41,1.8072289156626506,7.552599785921845,2.610441767068273,0.0028678946538223896,0.01696364685259158,28,0.06231257773458476,28,0.35670313482289295,0.12266903546145703,6.05591257821291,0.879871325248169,4.153521353186182,0.46571294285666054,14.928954268504329,0.026701600051177485,0.08531039502258672,0.9202164863528814,0.0948654078719021,0.3506241264347416,1.8708316565021579,5.143677862525334E-4,0.06493011353782101,0.00940215843628296,0.23953230856874044,0.0028028498854506577,9.587899207921684,0.09170621968893482,0.03214569999182912,0.35324239597960494,0.0019262355652511374,0.01941337926899558,0.01369034394188515,14.928954268504329,1.39252171423951,0.21036813391659506,1.6645405431201774,-0.04602586086363397,-0.020228171823472245,0.0,-0.007323114566207635,3.4136546184738954,0.0,2.610441767068273,0.0,1.8072289156626506,6.05591257821291,0.002024959523579234,-2.521484763802185,-0.9540010047653419,-0.06227626671912431,5.5686345993787825,1.154795264,-5.1202491962351,-0.007381008764941743,0.46571294285666054,1.5896672426915102,0.004384042456530475,0.0,0.03181366578835854,0.11714636339399999,0.10023157613004195,1.83181573401644,0.0,0.005003280253983828,0.07035881076928759,0.5730585681840863,0.31500134148883285,0.09933892629614476,0.020819683124365763,0.07269141091424397,7.162090391407157E-4,0.6367023296392629,-0.2009609609118315,0.0038682909005482357,0.18716923036622482,0.010079495750793815,2.4212668064038017,0.00654465586843601,0.12263398853183637,5.787412773598143,0.35324239597960494,4.757442721592501,0.0042199995224217164,0.40192192182366293,2.163434159002593,0.0026009276400591353,2.4040833357013485,0.20202475085741703,5.277403298179819E-4,0.00839817994880676,0.815339385345091,0.001777679140560993,0.13447400032793919,1.5896672426915102,2.297609530409232,0.0020552379575950385,0.027808653927939696,6.843483462922386E-5,4.924122552498606,2.2143166820437643,0.0011650496555039626,0.34717442561503814,19.542590512768648,0.01655562753240279,0.011619881422970891,0.4585943523548356,-0.26570123515901445,0.015052957267928989,0.8558044384663427,0.38066304655240835,0.8032128514056225,5.220883534136546,2.610441767068273,0.005398447259547295,0.002258118782680921,1.081852367654834,0.0011777605910082284,0.04861301452966042,0.0045696108896913865,4.757442721592501,5.787412773598143,0.0038862426569640472,0.4376475204647188,0.0013492864279970897,39.08518102553729,0.006343540352923909,0.2993317432270577,0.35670313482289295,0.035693537202748864,5.204555339460331E-4,0.09994834560244563,0.03147605061835918,0.966848300346081,0.17784204063441597,6.024096385542169,3.0111054328733626,3.740339576351019,0.01876562679262254,4.232841424371567,0.0032142734665090177,0.4410025667019637,0.815339385345091,2.4040833357013485,3.0961285406182473,Wandelen
1.0158266485087086,10.000042598217613,0.008452559839845738,0.9739242884434557,0.8767828609995139,5.909621249591905E-5,0.0,0.015932198530288193,0.9999999999999998,0.028676626428025886,0.0012394033269533566,0.6911814420495139,0.15696870728120893,2.782351458488914,0.023569507412085702,7.348263194619239E-4,2.0224760235529267E-4,1.6699487430963424,4.038659861152336E-4,9.329788316954268,0.0016585903520745788,0.24441586458936077,6.502202605995634E-4,7.582155225988418E-4,0.024693689018974112,17.076070439135787,0.021610723025627925,0.06788760423364772,14.3267146786851,6.864866668379395,0.18829416597517842,0.9461643968596463,3.4274193548387095,1.9608519581724801,4.233870967741935,0.16111743486858052,82,1.7137096774193548,7.892533279831609,2.5201612903225805,0.0032884856248832283,0.0033352368378952316,49,0.6291647666270013,49,0.19847424994928967,0.1309137155217423,10.000042598217613,0.8809838627291589,1.4744831100729383,0.11872772615927331,7.725068169338523,0.018079476291029465,0.1602159972542499,1.0158266485087086,0.07627720135707129,0.18829416597517842,2.782351458488914,0.0026836874113825033,0.006375072745659254,0.019350581958879343,0.22702951642533958,4.2448791218430485E-4,11.79734021967314,0.015029571326064002,0.01628766782487979,0.6291647666270013,0.0014647423194416433,0.0026443460681613885,0.03329158278786061,7.725068169338523,0.35013567547905705,-0.06253696963252303,1.3519568750039026,-2.3636797480506213,-0.024302756739893266,0.0,-0.013213261855630508,3.4274193548387095,-0.004934521798382502,2.620967741935484,0.0,1.7137096774193548,1.6924679136602951,0.008976330723128145,0.7356425913102723,0.7344973599856847,0.07831027213511116,0.22494771392664809,1.03242208,2.195724615320974,1.7814109902397632,0.12569819645098068,0.47205707382704587,0.018891067768186456,0.02607571155654413,0.09714142744394182,0.18560141894999993,0.534212734768305,0.9461643968596463,0.0,2.0224760235529267E-4,0.007557233760396556,0.12829208085318305,0.19135302541982904,0.027437223101072526,0.03399118327785276,8.355373408381229E-4,2.0161838375994085E-4,0.5464071197971091,0.023990327746829708,3.0259319236360143E-4,0.3061845259047389,0.0035154882990142697,2.1198926605209234,0.00728100191892545,0.12529492290364602,3.974311672216131,0.2184956359613988,3.2321939562833717,0.004457246630521585,0.22702951642533958,1.6699487430963424,0.009587537031415665,2.6632146753138954,0.16136176738815533,3.1746521929275045E-5,0.002150948653370982,0.6087775605078624,0.0022698806078032107,0.0321950010444811,2.7242096321790474,1.398303111770385,7.168111066208693E-4,0.015576554138286864,0.004724701987217015,4.664894158477137,2.1012555887559063,0.0043217768280153085,0.3634561530224319,14.37027057518663,0.009136772889544433,0.27093864453575406,0.11872772615927331,0.10857972082609368,0.011573864162851237,2.7242096321790474,0.24624527570375673,0.8064516129032258,2.5201612903225805,1.7137096774193548,0.06932645205965407,4.426251946223364E-4,1.4601531221134278,0.002645743746852343,0.03623000874956948,9.308312631709971E-4,3.2321939562833717,5.49982859470477,0.005879680375042945,0.4643785796958086,0.0012212040246596667,28.740541150373254,0.0021167877041479255,0.6560537376147877,0.19135302541982904,0.01791792780222906,1.7657273411772542E-5,0.07182364712915577,0.01769269102678751,0.509606541056282,0.16768050935373444,5.141129032258065,2.508600413198496,5.49982859470477,0.015497816216324126,1.034847521420758,0.00546771783095019,0.1573610299254396,0.6087775605078624,2.6632146753138954,3.4381094414945403,Wandelen
1.5699451925651502,2.757529769739054,0.002912319118798544,0.8815115053929076,0.5985729636050926,1.5316120340215416E-4,1.0,0.03799808311235887,0.9749845024599197,0.005626241548000097,0.003143610622372738,0.1268755575076884,0.023943129238985093,1.5894285382589586,0.0031749199578137736,8.0885026115022E-4,0.0012349610758071055,2.568815821535615,0.0013194198782019717,10.295553966673975,0.018867518673375747,0.20024514581032402,0.009740873734756378,3.523314751044947E-4,0.013415561864575275,23.745796226347416,0.0297456856095627,0.07279475954688194,17.158184610575532,2.6191307586930757,0.8644830704476203,0.9946614718443268,3.7425149700598803,0.750457802118944,4.740518962075848,0.010615069601311759,167,1.8962075848303392,9.55659144830445,2.844311377245509,8.309488110725256E-4,0.002488025695654518,112,0.2746428376475315,112,0.23729930430495164,0.07619977431759455,8.26552738815305,0.8520936566015903,3.291356751609752,0.14990459953492144,8.284593427863252,0.1615094106813557,0.16717991275529745,1.5699451925651502,0.02109224425892116,0.0988046444146215,1.5894285382589586,0.0014689844820332313,0.04338180239230386,0.03741956181560022,0.12561110740498513,9.132731427349143E-4,16.446167562552805,0.025095582659717685,0.017475152766134764,0.7626211742844926,0.0023459863012676315,0.06772883595306455,0.009621950655541105,3.4329072961133043,0.8644830704476203,-0.13096101419020062,4.694864141294714,0.15767031791893016,1.6905130927332168,3.7924151696606785,-0.00415981641110711,2.844311377245509,-4.782719762822206E-4,1.8962075848303392,-1.0637322093622233E-4,0.9481037924151696,8.26552738815305,0.0025624708203533316,3.3744859254133406,-0.8824771028876031,0.013312931532420937,-2.1005329276956246,1.0780388327058823,-0.8081970970102504,-0.12004348914587767,0.12206021188277717,2.2519238533040067,0.013017974301060688,0.09347299706701218,0.282938541787815,0.47169740609740424,0.1029324282687033,0.46155380105072147,0.025015497540080183,0.0012349610758071055,0.1634207874033848,0.018316887690984995,0.23619924164314066,0.00248263092562736,0.012497400175648442,0.001824190744170766,8.445880239486627E-5,0.5599124741722793,0.06411638664540138,4.525016517445296E-4,0.23729930430495164,0.023253675632200085,1.2161883772363136,0.0031525646405935795,0.22292362515617,4.694864141294714,0.7626211742844926,3.291356751609752,0.002271535468909756,0.12823277329080274,1.166928488745913,0.0036697355274167886,0.7446155263326937,0.035139313646297736,1.0129190704611422E-4,0.05434820290810035,1.1245123130908796,6.581588684234219E-4,0.03990982061925448,2.2519238533040067,1.155100299599185,0.012146311328088489,0.032946577951168635,0.0016874089840945127,5.147776983336989,2.6282463524251836,0.010589137730274988,0.15565973083934928,16.954225305550725,0.01528233408860369,0.04258987592033553,0.23619924164314066,0.10925917831325727,0.028524004023129827,0.6852698568158692,0.31509462662240684,0.9481037924151696,2.844311377245509,1.8962075848303392,0.006894074768217143,4.6319974589850786E-4,0.43628532354663696,0.027144513536344173,0.03964607782411359,4.4585449309892105E-4,1.3454409294020357,2.1619053788982714,0.00179843437439041,0.26345303078643506,0.0012424270545691664,33.908450611101415,8.652202354046194E-4,0.4568087158232795,0.12940580535500848,0.01848655975723126,7.576320375597605E-5,0.07112290846603068,0.006189206583567212,2.568815821535615,0.018329960410700296,5.688622754491018,1.1900064362326448,3.1998516958473533,0.031508007160543715,8.284593427863252,0.0027799744027940626,0.9946614718443268,1.1245123130908796,0.5915816274218267,4.056905505744107,Wandelen
1.9202798749603012,1.3448136197066234,0.0040828728345429005,0.8709446939965245,0.5775754418538664,7.618060024105385E-5,1.0000000000000002,0.032078203945842765,0.972768845825381,0.0030013186301387717,0.001983472317925819,0.16188401636278632,0.03224794429978736,1.9605585076067478,0.0015647742686806985,0.00152111273087048,7.070328027970257E-4,2.239021290549344,0.0010348627941496268,10.542707097218168,0.044712074888589415,0.21380027528788262,0.0083814080493319,4.265196948473599E-4,0.009939869135949372,22.391549592831947,0.02169626688779768,0.06022968766949421,18.323398916905738,4.344209865809081,1.0439851592087956,0.9081062097087003,3.8461538461538463,0.48139508083889254,4.845154845154845,0.005145359578480142,188,1.898101898101898,9.312241865551815,2.8471528471528473,4.287954011582452E-4,0.004066335353210234,115,0.1486551896137411,115,0.18956353016704414,0.007497360122957715,8.761615595652259,0.8659199239020227,2.974735746594502,0.09195925839218899,8.636323630187057,0.22275652641002278,0.1719219871236133,1.9202798749603012,0.004607504692435531,0.04367256028297524,1.9605585076067478,0.0018570190446821398,0.049147237370698774,0.031158655954679818,0.07602647446972487,0.0013679356914296815,15.438711422040612,0.02010513426526817,0.02077525468558223,0.6732395121640196,0.0013981879644527344,0.06234424746496258,0.013061693535063198,1.8134476117043872,1.0439851592087956,-0.15305575189425424,4.344209865809081,0.2131573229334474,-0.9419066583996233,3.796203796203796,0.04390422560284177,2.8471528471528473,0.013847282256493142,1.898101898101898,0.004767009080799089,0.949050949050949,8.761615595652259,0.0036023527775081196,2.375327462454365,-1.617439516344827,-0.17238168858810396,-1.3746363346795705,1.0415523753529412,-0.09648766167573897,0.6459322798146699,0.17497862125050204,2.3949573818437986,0.021642382565835765,0.1018241518288565,0.2933692521426581,0.41569142549108,0.12963607206299899,0.21412262691765085,0.027231154174619118,7.070328027970257E-4,0.18706720265005972,0.029246625669648592,0.26244971814784723,0.0010178463122129525,9.443892160602413E-4,9.486095237761922E-4,3.27829991352601E-4,0.5739524708598854,0.06913349788102385,1.5351565039707472E-4,0.2805204075658587,0.011485491365466107,1.0484453686989907,0.005303340479686623,0.21666704385554164,3.8579485926440125,0.6732395121640196,1.3827624666718858,8.682662653034715E-4,0.13826699576204762,0.3125364530218242,0.003245638194915826,0.45356707382214184,0.006569993796560332,6.877597894836592E-5,0.104762543549802,1.1223032597443103,9.825455750373392E-4,0.022377952804359946,2.3949573818437986,0.7534123239365631,0.02058351836667552,0.025516501965834357,8.562678268788699E-4,5.271353548609089,2.4742775315505594,0.008307404543347925,0.1686150460923563,18.464390182159132,0.002353219746593511,0.020893542471013136,0.26244971814784723,0.13500452122979967,0.010411320409808994,0.23648830468075713,0.19963555374962555,0.949050949050949,2.8471528471528473,1.898101898101898,0.0019316110099370932,5.197175524052148E-4,0.2805204075658587,0.021102496798609045,0.04204491714599984,1.2806263986747906E-4,2.0064928490449643,0.7106143156513659,0.0017383175059383503,0.1219634035367731,6.986090434162389E-4,36.928780364318264,5.343631764821292E-4,0.6749305005972895,0.11845488729942834,0.018986161450535905,6.144307735522248E-5,0.1040326664880375,0.0010612595223170554,2.239021290549344,0.01227248116756932,5.794205794205794,2.0116900599947445,2.974735746594502,0.023719892276973794,8.636323630187057,3.8816598710237287E-4,0.9081062097087003,1.1223032597443103,0.5374833800165809,3.930568141311492,Wandelen
0.8880040481970433,9.247514628839973,0.009228711055708553,0.9740909220391293,0.8781206439416239,7.809738349256606E-4,0.0,0.015170790558859759,1.0,0.009099512605887506,0.008070894880367609,0.6141190103353994,0.12423964387444549,1.7876178965626026,0.021936231686621045,3.9877834187844756E-4,0.0010286107924605181,2.0116819150320424,0.0024666786465931266,9.142007406468393,0.005611469498009098,0.25160174860760054,6.474481725805699E-4,3.9347736371255924E-4,0.02591817552367835,15.511365414444334,0.07944115866150285,0.06939113464529903,13.924843608979538,4.1947764073642775,0.3015071692281082,1.054460063235958,4.225352112676056,2.512460681827855,5.130784708249497,0.16799386340178676,85,1.710261569416499,6.745677590810186,2.515090543259557,0.004274920086308327,0.0051799293483085485,50,0.48553499395589494,50,0.3368714295641516,0.13369623346504908,9.247514628839973,0.8885448796915051,1.7483061506067403,0.08827891831092374,8.205689111643265,0.02049908949799093,0.1766475468215323,0.8880040481970433,0.06548398894363637,0.25821827697072697,1.7876178965626026,0.009154240566608587,0.027600982806502476,0.015139502438544419,0.2716385488004031,3.824936909766171E-4,10.93647215579621,0.06029682034400274,0.015654828759673393,0.48553499395589494,0.0027622339482766285,0.0078059938570576885,0.027837526318489413,8.205689111643265,0.9876382163921802,-0.08894072449740098,3.2711527931728326,-0.5097652396060935,-0.024494508956170835,0.0,-0.012220865956800157,3.420523138832998,-0.0045111636308180735,2.515090543259557,0.0,1.710261569416499,3.2424899130948353,0.007877735991482419,-1.751975119251296,-2.0715340920338035,0.1495209838179645,0.7501510891693364,0.969306944,0.22548617504588345,4.397555101174853,0.11956761650063401,0.6650308319740081,0.030315788966055496,0.025909077960870705,0.09597027809750541,0.26400163360622453,0.4898793664609539,1.054460063235958,0.0,0.0010286107924605181,0.018536281159660616,0.11514013126855797,0.14332604509725555,0.0010286177255198947,0.034997764266647406,0.005604216233774484,0.0014380678541326085,0.5490163568426292,-0.06501086600396581,2.530940480938217E-4,0.7767815457592032,0.0043739620056648856,1.5099989613648088,0.00514467659074598,0.11175147150111646,2.97471999571562,0.16250208882409023,2.236808622480963,0.007034218136797502,0.1882272930085863,2.0116819150320424,0.008853683090661979,2.062993911031658,0.13386493447134232,5.158315003657982E-4,0.01049856792785895,0.6525852399696302,0.001603975170688085,0.10195774467768196,2.6215248584499005,1.7657490885941143,9.730481218345357E-4,0.013807459497147886,0.003773159413557569,4.571003703234194,1.9983357809762907,0.0032920287170005477,0.33678332177163667,13.942913691520415,0.007201635167238385,0.3098848983772632,0.14332604509725555,-0.038961490482852135,0.013050362730576621,2.6215248584499005,0.33194711818130795,0.8048289738430584,2.515090543259557,1.710261569416499,0.06439070436244601,2.7603523316140554E-4,0.9255943900422073,0.011723912246377486,0.03611562827790733,0.0029144429395519846,2.3457205962217484,5.79476364193813,0.004150135980776039,0.2744729031009084,0.0015223805804200148,27.88582738304083,0.0020100585943257252,0.9389590400605095,0.1342535593134237,0.018491134019555235,3.188875655652269E-4,0.06602075431622775,0.01618533347813669,0.7656788918797743,0.1287054379351807,5.130784708249497,2.4414420638973016,5.79476364193813,0.014974397109274711,2.6704803092638283,0.0019360400178699486,0.262280742037143,0.6525852399696302,2.062993911031658,3.30972605529945,Wandelen
2.1809611141222787,0.7475858246748712,0.001986101598234618,0.8772733476932535,0.6308236421252071,1.0132739733587569E-5,1.0000000000000002,0.042310911350692336,0.9741392842574074,0.014687157622135802,0.0013274184001281165,0.14294187989809296,0.02185977744506256,1.0860076161922396,9.864131491387751E-4,6.847483443551331E-4,1.2327576718716966E-5,2.7975026511783274,1.348596114892777E-4,10.07813666539501,0.044853557206858324,0.10425983611457634,0.008673884355201042,1.2769986117678353E-4,0.009517339091433978,21.875887093163627,0.006192296467982738,0.05994336022833765,18.01779697541247,5.123842299055188,1.0811004268613318,1.3414311337714324,3.7848605577689245,0.5479720293900513,4.780876494023905,8.56729631109856E-4,190,1.8924302788844622,9.172704990589875,2.8386454183266934,1.4350485777631268E-4,5.698830327838869E-4,116,0.07951312686928254,116,0.162326846776579,0.018047448993675188,10.48951267365354,0.8412631529139153,3.0856570235182055,0.0844207754398633,12.19874994838207,0.21897114192932915,0.1677816699071137,2.1809611141222787,0.007089803604656609,0.04899283545426358,0.9554223855706614,0.0010868263191358546,0.059860316307804154,0.04222962786219895,0.046047827856939574,7.447995532270452E-4,14.351117728311264,0.004484749400320078,0.02507909945982185,0.9356778627636086,4.293428289237692E-4,0.060325817152394226,0.015366643306443117,3.0517244367057095,1.0811004268613318,-0.11695375897471391,5.123842299055188,0.614972271465609,0.02509623504626146,3.7848605577689245,-0.010455507408142939,2.8386454183266934,-0.0013551771926458636,1.8924302788844622,-3.4409801982306955E-4,0.9462151394422311,10.48951267365354,0.0011900119368706934,-0.29416420515243774,0.927418577138656,-0.1634968708291941,1.4698355328390327,1.0481126573333335,0.4678531497048328,-0.8630265392950205,0.1638744350671025,2.7812959131512964,0.0067265081990688985,0.09686593656415392,0.24644970556804624,0.4878817622271142,0.12108210245303039,0.37093256175095357,0.02586071574259291,1.2327576718716966E-5,0.1703403543529497,0.007172619822926757,0.17333647490468065,0.013359739222007687,0.0029663847100082,0.0011925587886388387,1.2253203477056074E-4,0.5549992065532762,0.019822464312974252,2.2361472435530031E-4,0.1841583959600254,0.010575025437107638,1.0890201911661073,0.0030119275509271474,0.22872605245578953,3.870375088376575,0.9356778627636086,1.6001563474469638,0.0011636701252488064,0.04765560389131749,0.8063876239873926,0.0013752942565963674,0.6644606309018047,0.017332196794373634,3.4598319924923094E-6,0.1074013416485614,1.2566747664644198,2.998714673146697E-4,0.012293071205821607,2.7812959131512964,1.0860076161922396,0.024091697652568706,0.029390024025064465,2.2593262591260203E-4,5.039068332697501,2.5985830680065582,0.008676231617757877,0.10371899620800824,17.787000163576742,0.0027869791738748973,0.021330933658910714,0.17333647490468065,0.33162632400388503,0.01670860307299176,0.14168075375905712,0.14859355109053932,0.9462151394422311,2.8386454183266934,1.8924302788844622,0.0011373301026178391,4.4344755395117895E-4,0.1841583959600254,0.02961267955890486,0.039932790000878134,7.929555847099936E-5,1.5147786267394105,1.3069711604412266,0.001777040901863057,0.11320036561552575,5.471884916499166E-4,35.57400032715352,1.6638097893711658E-4,0.3359022217327832,0.07379077113378776,0.016351023777796944,1.6944868102444942E-6,0.11106543998965114,0.0015141845955063988,2.7975026511783274,0.007019987865911832,5.727091633466135,1.4851863902739921,3.0856570235182055,0.029119660844446758,12.19874994838207,3.6132527319651116E-4,1.3414311337714324,1.2566747664644198,0.3625485422798486,3.7901230322528914,Wandelen
2.171409005403174,1.2634420474050088,0.003801719640800554,0.8756516952281236,0.6062647305867501,1.2276123047013846E-4,1.0,0.050868400634093834,0.9736608857679826,0.019036649257211352,0.010166273402960955,0.14552134659014312,0.03570795350396497,1.3479661770014169,8.095792360636879E-4,0.001783817283182547,0.0014754738851658438,3.393157927507413,0.0030178030548920604,10.742429284814554,0.0555836763690908,0.2213624100301093,0.007714123277593316,5.182225140524946E-4,0.009760652499703733,28.121555195872723,0.029182300541598143,0.05453591720166556,18.39962138587321,6.761213931948334,1.3283683088682152,1.478822957913683,3.7848605577689245,1.1280352399556919,4.830677290836653,0.007336467490814738,185,1.9422310756972112,10.18096513616157,2.8884462151394423,8.745647219942375E-4,0.0033956279628404927,113,0.16919199092454723,113,0.14839796011842835,0.023727455107388357,9.820076236475717,0.832808564360703,2.9774653016305432,0.07218547271691354,14.003710824221965,0.20499512421444824,0.1682578091479349,2.171409005403174,0.0060828380559482965,0.03819480667271345,1.3479661770014169,9.194575038656112E-4,0.05896196845269311,0.05006854203599911,0.1747315002668701,0.001512612269327213,18.097390908327533,0.025969588578315425,0.019480135912721634,0.8436327769909323,0.0014618072028061027,0.05537792586781676,0.029998014602115406,2.739463695033599,1.3283683088682152,-0.13947352250220602,6.761213931948334,-0.19871627453407958,-0.7713788877406387,3.8346613545816735,-0.016483321289276962,2.8884462151394423,-0.0030443151837227164,1.9422310756972112,-9.172086012982188E-4,0.9462151394422311,9.820076236475717,0.002524509704166284,3.750586329989299,3.8346165204021565,-0.1357974748655576,-5.428202001612513,1.0382869944705884,-2.8940138783520126,-0.3092339412432401,0.2013954523993867,2.837576576055457,0.007235449660761214,0.09800919053985906,0.2693869646413734,0.460743383996607,0.10981339308617816,0.2481541903426166,0.02633911423201745,0.0014754738851658438,0.16509266203896375,0.016671304246753615,0.30925520769511405,0.008870375854250396,0.001478892326820443,0.0071484703480688945,0.0015423291697262164,0.5607865119027667,0.06667882227466274,2.036224759717285E-4,0.21512953058129428,0.011167061389170245,1.3264356850218075,0.003102016042587719,0.21934842187551315,4.262345327270767,0.8436327769909323,1.1538977495456044,9.982815114395719E-4,0.1485412516673547,0.8203383211148043,0.0022617004233576807,0.27854923682458904,0.005644217322605071,9.466601769083138E-5,0.09426826785157241,1.223618386096994,7.81115572872609E-4,0.03337032779515093,2.837576576055457,0.8013268505002151,0.019087411380102448,0.03609702685126027,5.914701020929582E-4,5.371214642407273,2.815003093328802,0.007655283733875042,0.18766198393379754,18.66890557020502,0.003474234711350693,0.019716794268522204,0.30925520769511405,0.4392899433115063,0.016252279870619515,0.46257150373160605,0.28124065997320163,0.9462151394422311,2.8884462151394423,1.9422310756972112,0.001998429747966295,6.701281815374665E-4,0.21512953058129428,0.04312343014172414,0.04325201485545935,1.4119276262915758E-4,1.7779436695689308,0.9151051732928838,0.0019228383875046304,0.24873928568618517,4.357194198160612E-4,37.33781114040995,0.0012016174236617494,0.3378619350940785,0.13148637400679553,0.01987019780415758,7.49087913201231E-5,0.09708447812090316,0.0011741798520200114,3.393157927507413,0.006975839045443652,5.776892430278885,1.5746431350597145,2.9774653016305432,0.034838543512476144,14.003710824221965,0.0014558070513031145,1.478822957913683,1.223618386096994,0.3346342482555172,4.255700138795677,Wandelen
1.42995568326821,7.40782040744486,0.01678024927568693,0.6069225124797448,0.16591502328959312,1.2499996095649001E-5,0.9729250958451143,0.018844887434154876,0.8720780622123455,0.002300251554851819,2.7811370187386184E-4,0.03196898204950768,0.0073965123395962,2.3649589528969455,0.019692810617333842,3.6456689308081826E-4,1.346176129973559E-7,1.6796593879929949,2.278049215383645E-5,10.682102671572894,0.0019338171743825665,0.18304662334280583,5.551799431992505E-4,4.4188587756484863E-4,0.00982892279195962,22.331750376516304,0.005536365946241269,0.048426790620027124,15.761750282473034,3.864930608875013,0.1927132631136929,0.7202024076052818,2.585627938213566,1.9230074488994167,3.4586971121558094,0.11653908529817365,252,0.8394895903290799,8.96216551400002,1.6789791806581598,0.0021672765327445513,0.00419674927433251,155,0.36392311123304244,155,0.2486063035000341,0.16321819889269037,7.40782040744486,0.89661435505662,1.3945206503448413,0.16298687638690443,6.512472937342644,0.013102385667810974,0.1358659305165298,1.42995568326821,0.07206900715157707,0.05246678340305059,2.3649589528969455,0.0037973793349430213,0.00827826881016084,0.018696099256005187,0.14273116184845636,3.499138823941866E-4,15.543263320738985,0.004163441274668346,0.013121674109891707,0.36392311123304244,0.0010859562581895727,0.011807182940436372,0.019703580902748312,6.512472937342644,0.5047482600802744,-0.08179263171505897,1.7246052119662145,-1.5864419886450458,-0.4890724940320176,3.4586971121558094,0.3693071905897751,2.5184687709872398,-0.012301915091273284,1.6789791806581598,-0.00394832668195403,0.8394895903290799,3.6429749245117784,0.005148593701182007,0.04544821025790541,-0.5894682135563565,0.06998640820792557,1.0141002130266266,1.1174581248,-1.8477751670191536,0.2893567730088453,0.16298687638690443,0.8567412490489426,0.02795636327986435,0.2651555497326008,0.44100748919015165,0.13394604124008544,0.024572469709911483,0.7202024076052818,0.10084703363276869,1.346176129973559E-7,0.022699325542820826,0.0050962607847443815,0.08225024167787685,0.002022137852977957,0.028602499248181288,2.5533320972002537E-4,2.2645874540839097E-5,0.6076249133926047,-0.0011866895171441726,6.168440871299672E-4,0.38661019368065325,0.0037759089710842353,1.628955858946884,0.011363451060220468,0.14040278972981168,4.372146003681117,0.15941193986831334,3.6357106406928,0.003449821573192551,0.14273116184845636,1.6796593879929949,0.005183705335945547,1.9293913545065446,0.16277668671149126,4.437000471323261E-6,0.0032882363701397673,0.9275192986098453,0.0026131291369813456,0.01208158473479997,2.225851085065492,1.110282922018279,6.113430501210953E-4,0.01720084708536354,0.0019585467113764975,5.341051335786449,2.254852149265763,0.002022266638080282,0.4912494771200903,18.06450965317961,0.01658927783535219,0.20101129323959124,0.08497534823118823,0.06227199380363446,0.023190607668430254,2.225851085065492,0.14594102971516562,0.8394895903290799,2.585627938213566,1.6789791806581598,0.03954285931176582,7.598133261143098E-4,0.9088766587556062,0.005219329149900834,0.04258174509479634,1.0446807069100995E-4,3.6357106406928,4.372146003681117,0.004768443610268236,0.21435910788870852,0.0010735487186026365,36.129019306359204,0.0016910773737647184,1.0783408404510457,0.13140203339618492,0.02360670710120027,3.900656380772839E-6,0.06363661908929656,0.015266980086372436,0.4296885020115882,0.1653168242037074,5.137676292813969,4.240716692225429,2.5001589973424734,0.016529068182712145,1.3477548752173005,0.001512819581844001,0.11077328432312904,0.9275192986098453,1.9293913545065446,3.943818917374323,Wandelen
1.3363465036996478,9.851048204596301,0.0017206446705117855,0.9718883983391594,0.8676840784231279,2.6255975655843037E-4,0.0,0.019133014781646425,0.9999999999999999,0.020703863558778086,0.0033810431656021,0.6054911681205032,0.13904791576665412,2.7200358083484315,0.016318844110758252,6.827923690812157E-4,1.2864512436607068E-4,2.387450745116459,0.0025413098652972838,10.296595201470396,0.0035965351080234223,0.19686055603320057,0.0012233576048149533,0.001317765750858802,0.014182850892524778,21.154986155794447,0.05393246864743829,0.07843627663173426,16.587164757245727,5.084372325843831,0.3652318283264087,1.1922465799379602,4.426559356136821,1.982768412290568,5.331991951710261,0.12640149497180225,81,1.710261569416499,8.870402844167446,2.6156941649899395,9.60669015587E-4,0.0013356969730731894,54,0.5530182973502441,54,0.25990483347839116,0.12675214411600574,9.851048204596301,0.8951434510859002,1.7547498911503128,0.20177619961589172,11.299536199984248,0.01551872096524838,0.18108001707290827,1.3363465036996478,0.07315782533706462,0.15139459962690088,2.7200358083484315,0.002042545452503513,0.12607465103942425,0.01891283913684562,0.13069415128629047,7.193053007206503E-4,14.591004392629259,0.042548558577233886,0.013725997867706084,0.5530182973502441,0.002717091539836087,0.025111687100144,0.01863091833048509,11.299536199984248,2.489542670590795,-0.172667352308874,2.334368039245429,0.28600372748766817,0.0662265569967583,3.5211267605633805,0.024623649470350957,2.6156941649899395,0.008705120270071252,1.710261569416499,0.0,0.9054325955734407,6.928235660854031,0.005687712833436489,0.7074966356366852,3.0639113971864953,0.12232050508498425,1.2751518290464587,1.012120288,1.4103435300464586,-1.5741193040354378,0.16151294005132388,1.7120620909124586,0.018603420980185706,0.02811160166084052,0.1042043199160315,0.26219291030262465,0.46644325235384915,1.1922465799379602,0.0,1.2864512436607068E-4,0.0665820902641534,0.11834405220787604,0.21868922550276465,0.017322820393175987,0.04303959951949782,8.397333003048161E-4,0.0024126647409312128,0.5479390150251472,0.07363598850913308,0.0010082108174613922,0.3990520709846857,0.0037132984351837166,1.2087877770111743,0.0024781023243853097,0.1232128533640001,6.10690440605971,0.3544865518365237,1.7547498911503128,0.0029925191009310247,0.14727197701826628,2.387450745116459,0.0071486056676724734,2.489542670590795,0.14874432151834524,1.8649005946963463E-4,0.002251742502417795,0.6883988940411608,7.277561764128421E-4,0.06554997270377817,2.455732064514627,1.4002794123230342,3.38628073779411E-4,0.010637838112962685,0.004098843816011173,5.148297600735196,2.2051546626407954,0.004172120192240397,0.19418453094430527,16.76688676038733,0.004607157151824524,0.2651839602712874,0.20177619961589172,0.1450072115478762,0.032988864402412124,2.455732064514627,0.3898247565601333,0.9054325955734407,2.6156941649899395,1.710261569416499,0.05574325245424052,3.6680711981916845E-4,1.1043361083602665,0.005010062681242899,0.03916050941292571,7.601655002578235E-4,1.2473618784369709,6.10690440605971,0.0013439655454931475,0.3272717357480904,0.0010975213776050997,33.53377352077466,0.0012181247354132163,0.6478394616155012,0.25990483347839116,0.01956385695235607,1.2307007525415618E-4,0.07381589939365027,0.014027025094859064,0.7697260780720837,0.03706429184132791,5.231388329979879,1.5195559545555777,4.20355578166738,0.010884844529998966,1.5847403896333079,0.0022260823311395857,0.1536284147761737,0.6883988940411608,1.083386416355119,3.822955473114737,Wandelen
1.3255528424014653,4.03991970112007,0.004415033500021213,0.14874106216835142,0.025706936746257725,2.4628185667478657E-5,0.8689436974887064,0.01613142528632683,0.554218327930816,5.520810585551433E-4,2.2393521190883536E-5,0.00689281780169975,0.0021428275012939967,4.3417820922149435,0.005190888004274597,1.4776104268794885E-4,1.6429948285285275E-5,1.9578074681104365,2.11359720870686E-5,11.418510855809076,0.002494636831674848,0.1369821699671035,0.0019124076667737082,5.356044489286622E-4,0.0011786480863043543,24.140717179593867,0.007343512842738366,0.05028896505093453,18.303022537835734,2.8513328814409977,0.18642101003729022,0.9095829394054818,2.6591458501208702,1.1205736978605092,3.5455278001611603,0.028820752866329645,436,0.8863819500402901,9.838246243901688,1.7727639000805802,7.847383304357318E-4,0.00222896316429464,264,0.1617402009095382,264,0.12293974001943095,0.1586101130393079,7.868907972235988,0.9169573604191489,5.1747327987290195,0.16895626152447663,8.705218691158624,0.007105147906265771,0.16033724850976938,1.3255528424014653,0.08128949923303018,0.04939521428671434,4.3417820922149435,4.508008632197155E-4,0.12435662949574501,0.015985942412639544,0.07660385728041465,5.95499823145501E-4,17.000365447524842,0.005611735727886633,0.01766136271491796,0.3417460549227907,6.313532600979491E-4,0.04055171801080482,0.006696751067341322,8.705218691158624,1.9194929218701653,-0.17258859947185773,0.9148944895721771,0.010069682110327494,0.1684161121622203,3.5455278001611603,-0.4148354256589196,2.6591458501208702,-0.2512073904420891,1.7727639000805802,0.005492182649238056,0.8863819500402901,7.868907972235988,0.009402854641003282,0.7584676829715085,0.40592522719613533,0.07716751134986605,-0.1324939785315226,1.1148145294883718,1.9606090176105972,-1.0829979500037765,0.07816089674200263,2.4401288235004412,0.004471861987563772,0.4054772657624646,0.12303412542209372,0.018814118944557975,0.004749990300405754,0.9095829394054818,0.3147253695578903,1.6429948285285275E-5,0.13386800927256828,0.0015907464427388533,0.05736949741195975,5.296875373642598E-4,0.02516990812652861,1.2575491038149342E-6,4.706023801783325E-6,0.5978958054597873,0.011396472312458385,7.30183844963669E-4,0.11148541500014403,0.018716197390291425,1.2779830891023387,0.0012953039766167775,0.16059936970512184,5.452028034779813,0.3417460549227907,5.1747327987290195,0.002515556859531203,0.07342784176788102,1.9578074681104365,0.009835356059966277,1.9194929218701653,0.14828930391630585,1.2315704854868457E-5,0.0038043713570647623,1.0013331244891417,3.228617284687766E-4,0.011518284575188475,2.4401288235004412,1.1199800706209213,5.837014538493695E-4,0.019933945755125162,6.578323982840516E-4,5.709255427904531,2.2713334689283227,0.0022748923689527613,0.07438174625054973,20.752109272771282,0.021685317056124958,0.12188210637102555,0.16895626152447663,0.02160184078328209,0.02578309764603615,1.1428401352167652,0.1125432461850281,0.8863819500402901,2.6591458501208702,1.7727639000805802,0.011134087772660247,3.7943038247383954E-4,0.5419384508502738,0.0021853354981331463,0.04530618944713365,9.343400549930956E-5,1.9309381914386918,5.452028034779813,0.0028087250585251524,0.10708851366924071,6.394006382925909E-4,41.504218545542585,5.132406270009188E-4,0.21195951233688587,0.12293974001943095,0.022838178459496903,7.594118278566221E-6,0.08334746814929443,0.01739631247297238,0.28897052981328547,0.027889107032263258,5.3182917002417405,0.6061556246182679,0.7627972145017673,0.019558959545927644,1.404943470732892,8.149787695815395E-4,0.1373965702377244,1.0013331244891417,0.9472186858076344,4.123965050611898,Wandelen
2.32352713085783,0.950138917303077,0.0028514598879438176,0.8686317284424487,0.5713149311893723,2.3888248816391497E-5,1.0,0.045445080854282394,0.9721736886885176,0.01322421684530436,6.85436561137428E-4,0.13715121295554958,0.03065315911137121,2.0110887370567836,0.0010573943825178517,0.0011947821648994163,2.929797371004823E-4,2.341204706397961,2.9883158553003385E-4,10.545401072756874,0.06835035093798832,0.4186499607259938,0.00572632744902303,2.618362707004573E-4,0.01313384157990857,26.186081652705298,0.01269454966201932,0.0574336231695581,17.126636218890667,4.563657279988301,1.3985049617733,0.9313383865525281,3.85,0.8108467736926231,4.7,9.556405772818144E-4,187,1.9,10.039674719253703,2.85,2.4459556370168517E-4,0.0032359622334283723,115,0.10523347435551797,115,0.15501094914544614,0.004054535156247602,7.700854277048374,0.8517130774676971,3.026370662546455,0.08503414800950719,8.592593706899814,0.22079822684883998,0.16507313906149107,2.32352713085783,0.002059243867198907,0.14772944766617177,2.0110887370567836,0.0010522235507522426,0.07603207354473047,0.04385876659371091,0.06602481970227378,0.0012338612229191772,16.918733041498367,0.010667958709527619,0.019076784976832437,0.5229834485742305,0.0019380150553183328,0.05826492984222537,0.016109857826466838,0.979103890989887,1.3985049617733,-0.11172325431653382,4.999962753750594,-0.26823915935698567,-0.5877409404556411,3.75,0.01187131108693722,2.85,0.0031602104097180807,1.9,0.0010988406587904133,0.95,7.700854277048374,0.003317906300389057,1.573365718727905,-0.22236038905587396,-0.11527623703923405,-1.2561894467152677,1.0516842112941176,4.370547996410402,1.8751478233666572,0.14756013938175133,2.6976590259971784,0.0037502981931839497,0.10354196024606888,0.2973167972530764,0.43416371823382266,0.10649805384417836,0.10319599313097101,0.027826311311482315,2.929797371004823E-4,0.16782889837470777,0.01742894226606685,0.26145057523717596,0.012538780284166934,0.0018356826199026884,3.8660497560739405E-4,5.851848429551572E-6,0.5875345237245053,0.03783035661701913,2.5517617240111863E-4,0.19939711823402104,0.013504602814910636,0.7495467751378139,0.002725522857506194,0.2212263747816298,4.999962753750594,0.5229834485742305,1.416639837468162,0.002181279741411853,0.07566071323403856,0.35173494653832055,0.003920746255926818,0.6475110144476016,0.008476333972284904,1.7721257422222873E-5,0.0910982884828527,1.287814755323718,4.238031932581029E-4,0.014161679977001577,2.6976590259971784,1.3189847914565742,0.01920189009648711,0.029183712329514652,3.1879259945105567E-4,5.272700536378436,2.6451522158584977,0.005571429039677121,0.15639414808440028,17.8724713196432,0.002691484679780181,0.024648789816770978,0.26145057523717596,0.413043686979468,0.01723756426961786,0.1567958313686679,0.43510692319671984,0.95,2.85,1.95,0.001619505927604913,4.2733726176192644E-4,0.19939711823402104,0.031120723478743662,0.04231980558367454,4.3818128239186916E-4,1.2194243350242733,1.0104285729447366,0.0010944731964895478,0.09470776545382734,6.201003191010263E-4,35.744942639286315,2.671337037162011E-4,0.3314214290584647,0.09858924519108642,0.01842786612225051,1.3005349676225656E-5,0.09026473947705707,3.346574076217928E-4,2.341204706397961,0.0034757101149286616,5.8,1.371263302728514,3.026370662546455,0.026554218468018094,8.592593706899814,2.8866392158754904E-4,0.9313383865525281,1.287814755323718,0.28331111885679394,4.11512285864691,Wandelen
0.9248035808979174,3.3940492116104903,0.009921249727544525,1.0,0.9663071751179686,3.572963632725758E-4,0.0,0.011305807980759933,0.0,0.12177937541693303,0.04413425772565344,0.8410027561398457,0.3584951901609598,1.6712560424855003,0.014410630554019742,8.95920963314042E-4,0.0037285788008919233,2.616450645508429,0.008419843557510279,10.467764600250979,0.008568448307038828,0.36347946190745806,0.0015222041888764669,0.0013892231279390196,0.0021955659791901383,14.98096879849355,0.08073789404995747,0.030658122426159323,15.167998994058248,5.655776479389966,0.6052213684077268,1.316886907354626,3.629032258064516,2.6505396108187687,4.435483870967742,0.004895824397945615,42,1.814516129032258,6.167984228517286,2.620967741935484,0.0027456657466251562,0.0052149553579271864,26,0.2652598986786741,26,0.3427309036818939,0.15461745399550356,7.731433720610174,0.9113170818467624,5.130584860912685,0.5923568827821577,12.368508819976215,0.02796516728775768,0.1163414059125861,0.9248035808979174,0.06967994449138301,0.14109912495296256,1.1994701372648333,0.0012981828422597894,0.12134822673064358,0.007219146531637597,0.2844456197702769,0.003400815145994301,11.805768514929056,0.066153084784333,0.015176352245261865,0.4025044588945473,0.004305447147049735,0.027429302954786072,0.01723769277554846,12.368508819976215,2.3151427266165863,0.08021817336110376,1.6867609283011198,-0.18996016149155032,-0.05518749535344836,0.0,-0.018777730566337712,3.629032258064516,0.0,2.620967741935484,0.0,1.814516129032258,7.731433720610174,0.0011444453053117696,-2.3546081958650906,2.6411432685773204,-0.07477557821085631,-4.383561547849989,0.91643296,-0.2586112361042461,-0.9783378133839267,0.3553439871822612,2.30555973403927,0.0175043439110305,0.0,0.03369282488203138,0.125304418978123,0.4825075659788857,1.316886907354626,0.0,0.0037285788008919233,0.12060967081020613,0.23671581474402678,0.24111056385171956,0.07764511769127959,0.023012839490633406,0.03571441416814316,0.004691264756618356,0.6658467054516369,0.07611050917824615,0.003967325679140554,0.3289910658003126,0.012724975456678948,1.5138406986236814,0.00562030160728142,0.15218770339143228,7.188789533328086,0.4025044588945473,5.130584860912685,0.002156359981728673,0.2205745533059274,2.616450645508429,0.0019521836513753895,2.3151427266165863,0.16904077248243446,2.308815964977126E-4,0.00939473159438338,0.56185229909443,0.0011890237573950518,0.10169311289425094,2.30555973403927,1.6712560424855003,0.0013373775669931931,0.010702901867975387,6.957669705899453E-4,5.233882300125488,2.0173322983899653,0.0019320682221684305,0.3491958543125356,19.64097522198239,0.017073452425257558,0.2576654305382193,0.5923568827821577,-0.3558243333546445,0.023446351018026244,0.41750599764699925,0.6863961738375256,0.8064516129032258,3.629032258064516,2.620967741935484,0.0056835854169496065,0.0016298703582119961,1.1815301508317804,0.002205996516075778,0.046240274852526096,0.0010251851691222718,3.6579984211128447,7.188789533328086,0.0016041649130356134,0.11399817063225799,0.0013749205110594573,39.28195044396478,0.0017263400263007502,0.6710236125426843,0.3427309036818939,0.038658477228697204,2.0556621181041284E-4,0.07101202881701418,0.015432829802335976,0.8880507434442608,0.07630777804648939,5.241935483870968,3.0097877869742877,1.8079508996002862,0.008404412387400364,3.4866242585808744,2.0000455823051448E-4,0.3018125512601665,0.56185229909443,1.617655159131385,3.4420559098182717,Wandelen
1.8704997910362564,1.5986882209831006,0.003925042975079379,0.9751140124405373,0.8818280966998114,9.522853979817905E-5,0.0,0.03788015881352176,0.9999999999999998,0.04947905459048586,0.006650906390585099,0.6719618818138041,0.19523215882182582,1.4475251133103226,0.0010600580381647797,3.972900143373032E-4,0.0024904201021901467,2.497769262001067,0.005860208674447383,8.955879669200106,0.014024985263560044,0.16385795824138227,0.00958478566699435,2.9623224817086125E-4,0.004747641468165552,15.324715078562367,0.022891709605787607,0.06177343990362155,14.80045035404428,1.4061643604014458,0.6200368086447375,1.2894128713265167,4.473161033797217,1.0093226430236606,5.467196819085487,0.003232143515836564,90,1.7892644135188867,7.47502674852058,2.68389662027833,3.02875997662005E-4,0.0029313875180048926,57,0.11753115042723275,57,0.0986221269025275,0.16920787932425682,9.454588251493494,0.8510815488606676,2.719100093745671,0.11291466371197437,10.502950928080173,0.0508530312284632,0.16695328668483106,1.8704997910362564,0.0719910290545889,0.05446620190035933,1.4475251133103226,4.6948847476748287E-4,0.05907397011836912,0.038166103911566156,0.07067291224428329,4.4043059453623384E-4,9.840064903026622,0.018466492403395797,0.0229293062344386,0.8966059510049805,6.856122974755343E-4,0.06160715320056374,0.0024486174956112466,10.502950928080173,1.2149084619851056,-0.09368437746762819,3.822656684579205,0.6646217127283294,0.02093770225667764,3.5785288270377733,0.00866407457825346,2.68389662027833,0.0031065703927212404,1.7892644135188867,0.0,0.8946322067594433,9.454588251493494,0.002180470469236798,2.4563910277788135,-2.8573439570269525,-0.12505030916881288,-0.6641007372133516,1.090045929,0.10176743757375584,-1.6380159413869264,0.17761579214331022,2.4343547246619566,0.0221976670508838,0.02488598755946252,0.09328591574072582,0.2098662148860074,0.47672972299197824,1.2894128713265167,0.0,0.0024904201021901467,0.17884651604427898,0.14575310423133997,0.1062014292044505,0.04282814819990076,0.014933778579416305,7.906977161377151E-4,0.003369788572257236,0.5833915324138739,0.03687750498762558,3.528672725946717E-4,0.1372769143754709,0.010638153160866682,0.9234766841712075,0.0034022012863462354,0.20372770605209373,4.583637209521348,0.8966059510049805,2.719100093745671,0.0033927243702290277,0.07375500997525115,2.497769262001067,0.001829911296964041,1.2149084619851056,0.054809713341431886,4.529590951207897E-5,0.024273516630865556,1.0287872784175298,8.787290340596086E-4,0.0350599596431662,2.4343547246619566,1.5986882209831006,0.0056406397537303084,0.028489438311641028,3.5814644313026447E-4,4.477939834600058,2.2453750230015217,0.009465079353747298,0.19604904859454392,15.243565974872489,0.008504643862774764,0.03307204822834784,0.11291466371197437,0.44765581007712285,0.02794454451771751,0.19384194366019392,0.14140601263474722,0.8946322067594433,2.68389662027833,1.7892644135188867,0.004270564899292992,6.69731989241406E-4,0.23015194619690313,0.01591231017674772,0.035576633361235274,1.9159791537223616E-4,1.396528184618537,4.583637209521348,9.828845162255205E-4,0.22712265327188555,2.0783969789671665E-4,30.48713194974498,2.940978103070734E-4,0.5634421750573886,0.0986221269025275,0.017067388527258007,3.104730288411364E-5,0.0918498397218128,0.01847683268517622,0.8412888900969017,0.017131658470511155,5.467196819085487,1.5295383823039643,1.6239335243833821,0.027560473600301873,3.873453814668997,9.591186157831129E-4,0.4794799834572847,1.0287872784175298,0.46527471691370387,3.1397936184568573,Wandelen
1.7442322860916248,1.1137837981825305,0.0011267205816526482,0.8698642892602134,0.5536699395302321,9.688912670641439E-5,1.0000000000000002,0.036141167689548614,0.9724269887543425,0.00922577230111247,8.756273032364593E-4,0.13481920375802492,0.03156686088862625,1.215331461165578,0.0015331747671410369,8.496267069023871E-4,9.323797289146021E-5,3.3733122439067116,1.9174337005452413E-4,10.352397757128891,0.0529962813923185,0.3012366414236018,0.008445694080943967,2.032599763797212E-4,0.009114598998989505,22.47100355638255,0.021704737092017253,0.06377229859281507,18.637802056479856,5.474241052652649,1.2426499549215648,1.6480224363496048,3.8461538461538463,0.2992028130343181,4.845154845154845,0.005911315994230263,187,1.948051948051948,9.361556093392416,2.897102897102897,4.195128602584691E-4,0.004535059676331111,116,0.1166196773516648,116,0.1392461750288949,0.0022667346997296226,10.394061427832849,0.8516918874231206,2.975702742108597,0.08726194948222708,15.498471378706622,0.226862368236648,0.17904990539320462,1.7442322860916248,0.002027446306764085,0.06510786904329285,1.215331461165578,0.0015119439637459957,0.05837493460817964,0.03514108562747442,0.08073386096600185,8.893163155254396E-4,14.923637945588677,0.016810350971163113,0.025026512913849053,0.875600770246199,0.002142584178641191,0.06248897045937763,0.022814509927973507,1.1413778557130538,1.2426499549215648,-0.13186308240757785,5.474241052652649,-0.34355027869109656,-0.7201614311572164,3.8461538461538463,-0.09140341269363843,2.897102897102897,-0.027681332377800703,1.948051948051948,-0.009482012186685113,0.949050949050949,10.394061427832849,0.0017706399878296235,0.854630310907861,0.8784395757042416,-0.17932197545430764,-1.6345121991287463,1.0338049994444445,3.009650241754784,-1.4310722731367433,0.09767878521387333,2.778533691436397,0.0032542832656141238,0.10256269949412905,0.31619434972998123,0.41885073577220727,0.10325234286939866,0.12776000399384324,0.027573011245657683,9.323797289146021E-5,0.1767433199715456,0.02234108858751378,0.20736163277645428,0.008350144997876011,0.0013977401907594993,6.838839331819352E-4,9.850539716306392E-5,0.560051920903209,0.030471304543341304,2.1307511542516296E-4,0.3259781935472911,0.009327583591036488,1.0537906860484143,0.0014643577013410416,0.22604823852966976,1.5313570986535918,0.875600770246199,0.9014694446565517,0.0013666140981634283,0.07572002859843037,0.16327943811371487,0.0019009483248046196,0.3871206839175864,0.007676896040876545,5.109841111983797E-5,0.11391536362541677,1.0003681805092175,2.492966335706743E-4,0.03312648625237788,2.778533691436397,0.866966196663286,0.02495434286919526,0.026929111403851326,3.076334946347175E-4,5.17619887856444,2.572074243650064,0.008447609983832932,0.08336582325447636,18.478353842753314,0.0014975717647242577,0.018027470675540523,0.20736163277645428,0.28035156685374263,0.0031284992238428786,0.28345443744013654,0.447585414684253,0.949050949050949,2.897102897102897,1.948051948051948,0.0025232092906634627,2.021636614824108E-4,0.3259781935472911,0.024381344678587363,0.04222724540037839,2.782917306763863E-4,0.9021166422526494,1.0485216752863438,0.0013150469991481703,0.19435567669943835,2.997230201521363E-4,36.95670768550661,3.2099420278735116E-4,0.17925635536091636,0.06992029172248078,0.018780023076604785,3.327958780724142E-5,0.11461461475290102,3.256991977458597E-4,3.3733122439067116,0.003883639527531071,5.794205794205794,1.0120680945072211,2.975702742108597,0.0242678453409142,15.498471378706622,0.0014242023806884285,1.6480224363496048,1.0003681805092175,0.2268667505802347,3.864923305142456,Wandelen
