t_freq_e_2.38,t_freq_m_0.75,xy_e_freq_m_1.25,xy_e_freq_e_3.00,xy_e_freq_m_4.63,z_freq_e_4.25,t_freq_e_0.75,t_freq_m_1.38,xy_e_freq_m_0.75,t_freq_e_3.75,xy_e_freq_m_3.63,z_freq_e_3.75,z_freq_m_1.00,t_freq_m_4.13,t_freq_e_1.75,t_freq_e_4.00,z_freq_m_4.50,xy_e_freq_e_1.50,xy_e_freq_m_1.38,xy_e_stddev,xy_e_freq_e_3.13,t_freq_m_0.88,xy_e_freq_m_4.75,mcr_t,z_freq_e_4.13,xy_e_freq_m_0.63,xy_e_freq_e_2.38,t_freq_e_0.88,mcr_z,z_freq_e_3.63,t_freq_m_1.25,z_freq_m_0.38,t_freq_e_3.63,xy_e_freq_e_0.38,t_freq_e_1.63,z_freq_m_1.13,t_freq_m_4.25,z_freq_m_4.63,xy_e_freq_m_3.50,z_freq_e_2.75,xy_e_freq_e_4.88,xy_e_freq_e_1.63,t_freq_m_0.50,xy_e_freq_e_2.25,xy_e_freq_m_0.50,xy_e_freq_m_3.38,z_freq_e_3.50,t_freq_e_0.50,t_freq_m_4.38,z_freq_m_0.25,t_freq_e_3.50,z_e_mean,xy_e_freq_m_4.38,z_freq_m_4.75,xy_e_freq_e_0.63,t_freq_e_2.50,t_freq_m_1.50,xy_e_freq_e_1.75,xy_e_freq_e_4.75,t_freq_m_0.63,xy_e_freq_m_1.13,xy_e_freq_e_2.13,corr_z_e_xy_e,t_freq_m_3.88,z_freq_e_4.38,z_freq_e_2.88,xy_e_freq_m_4.50,t_freq_e_0.63,z_dwt_avg_-5,z_dwt_avg_-6,xy_e_freq_m_0.38,z_dwt_avg_-7,z_dwt_avg_-8,t_freq_e_1.88,z_dwt_avg_-9,z_freq_m_0.13,xy_e_freq_e_0.50,z_dwt_avg_-0,z_dwt_avg_-1,z_freq_m_4.88,z_dwt_avg_-2,z_peak_d_mean,z_dwt_avg_-3,t_freq_e_2.63,z_dwt_avg_-4,z_dwt_norm_-8,z_dwt_norm_-7,z_freq_m_3.38,z_dwt_norm_-6,z_dwt_norm_-5,z_dwt_norm_-9,z_dwt_norm_-0,xy_e_freq_e_2.88,z_freq_e_4.63,z_dwt_norm_-4,t_freq_m_3.75,z_freq_m_4.13,xy_e_freq_e_1.88,xy_e_freq_e_4.63,z_dwt_norm_-3,xy_e_freq_e_4.00,z_dwt_norm_-2,z_dwt_norm_-1,xy_e_freq_e_0.00,t_freq_m_4.50,t_freq_e_1.38,xy_e_freq_e_3.50,xy_e_freq_m_0.25,z_freq_e_0.88,t_freq_m_1.75,xy_e_freq_m_3.25,z_freq_m_0.00,z_freq_m_3.25,z_freq_e_4.50,xy_e_freq_e_2.75,t_freq_e_2.00,t_freq_m_3.63,z_freq_m_4.25,t_freq_m_4.63,xy_e_freq_m_1.00,z_freq_e_0.75,xy_e_freq_m_0.13,t_freq_e_1.25,xy_e_freq_m_3.13,t_freq_m_1.63,z_freq_m_3.13,t_freq_e_1.50,xy_e_freq_m_4.88,xy_e_freq_e_3.25,t_freq_m_3.50,z_freq_m_4.38,z_freq_e_4.88,xy_e_freq_e_2.63,xy_e_freq_e_4.25,xy_e_freq_m_2.13,t_freq_e_2.13,t_freq_p1,z_freq_e_0.63,z_freq_m_2.88,t_freq_p3,t_freq_p2,t_freq_m_2.88,t_freq_m_4.75,xy_e_freq_e_4.50,angle_mean,xy_e_freq_m_3.00,xy_e_freq_e_0.25,t_freq_e_3.88,xy_e_freq_m_0.00,xy_e_freq_e_4.38,xy_e_freq_e_3.38,z_freq_e_4.75,xy_e_freq_e_2.50,t_freq_e_2.25,z_freq_m_2.75,xy_e_freq_e_4.13,t_freq_p4,xy_e_freq_m_2.00,z_freq_e_0.50,t_freq_m_2.75,t_freq_m_1.88,t_freq_m_4.88,xy_e_freq_e_0.13,z_freq_m_3.00,z_freq_e_3.88,z_stddev,z_freq_m_3.63,z_freq_m_1.88,t_freq_m_2.63,xy_e_freq_m_2.38,z_dwt_ar_-7,z_dwt_ar_-6,z_freq_e_1.38,z_dwt_ar_-9,z_dwt_ar_-8,z_dwt_ar_-3,z_dwt_ar_-2,z_dwt_ar_-5,z_freq_e_1.13,z_freq_e_0.13,z_dwt_ar_-4,t_freq_e_4.75,z_dwt_ar_-0,z_freq_m_2.50,z_dwt_ar_-1,t_freq_m_0.00,xy_e_freq_m_1.63,z_e_stddev,xy_e_freq_e_3.75,z_freq_e_2.13,t_freq_m_3.38,z_freq_m_3.75,t_freq_m_2.50,z_peak_stddev,xy_e_freq_p3,z_freq_e_1.25,xy_e_freq_p4,z_peak_mean,xy_e_freq_p1,xy_e_freq_p2,t_freq_e_4.88,z_freq_e_0.25,z_freq_e_1.00,zcr_z,z_freq_m_2.63,z_freq_e_2.25,xy_e_freq_m_1.50,xy_e_freq_e_3.63,t_freq_e_0.00,t_freq_m_3.25,xy_e_freq_m_2.50,t_freq_e_1.13,z_freq_e_1.50,z_freq_e_0.38,z_freq_m_2.38,z_freq_m_4.00,t_freq_e_4.50,xy_e_freq_m_1.88,z_freq_m_1.63,t_freq_m_3.13,t_freq_e_1.00,xy_e_freq_m_2.25,z_freq_m_3.50,t_freq_m_2.38,z_freq_p4,z_freq_p3,z_freq_p2,t_freq_e_4.63,z_freq_p1,xy_e_freq_m_1.75,xy_e_freq_e_3.88,corr_z_xy_e,t_freq_m_3.00,z_freq_e_2.00,z_freq_m_1.75,z_freq_e_3.38,xy_e_freq_e_0.88,t_freq_e_4.38,z_freq_m_2.13,t_freq_m_2.25,z_freq_e_1.75,z_freq_m_0.88,xy_e_freq_m_2.88,z_mean,t_freq_e_3.25,t_freq_e_2.88,t_freq_e_0.38,xy_e_freq_e_2.00,z_freq_e_2.50,xy_e_freq_m_4.25,xy_e_freq_m_0.88,xy_e_freq_e_1.00,z_freq_m_2.25,xy_e_freq_e_0.75,t_freq_m_0.38,z_freq_e_3.25,t_freq_m_2.13,z_freq_e_1.63,z_freq_m_0.75,z_freq_m_1.50,xy_e_freq_e_1.13,t_freq_e_3.38,t_freq_e_2.75,t_mean,z_freq_e_2.63,z_freq_e_3.13,t_freq_e_4.13,t_stddev,t_freq_m_2.00,xy_e_mean,z_peak_d_stddev,z_freq_m_3.88,z_kurt,xy_e_freq_m_3.88,z_freq_m_1.25,t_freq_m_1.00,t_freq_e_0.13,z_freq_e_2.38,xy_e_freq_m_2.63,z_freq_m_0.63,xy_e_freq_e_1.25,t_freq_e_3.00,z_freq_e_4.00,xy_e_freq_m_4.00,t_freq_m_0.25,z_freq_e_1.88,t_freq_e_4.25,z_freq_e_0.00,z_freq_m_2.00,t_freq_m_4.00,angle_stddev,t_freq_m_1.13,z_freq_e_3.00,z_freq_m_1.38,xy_e_freq_m_3.75,xy_e_freq_m_2.75,t_freq_e_0.25,z_freq_m_0.50,xy_e_freq_e_1.38,t_freq_e_3.13,xy_e_freq_m_4.13,t_freq_m_0.13,label
0.008363187644463721,0.0,0.0,0.03692654087223649,2.3775694056894198E-4,0.0,0.0,0.009131839208440223,0.0,0.0,9.601926034646894E-5,0.0,0.015113090231165619,0.0,0.0,8.069113216218118E-4,0.0,0.0,5.081739297627582E-4,8.168898781099956E-4,0.0,0.0,0.0,6,0.0,0.0,0.08852710345643548,0.0,5,0.0012626604343416378,0.0,0.06421072379204633,6.712049042618699E-4,0.018735231360348954,0.0,0.0,0.0,7.106360965369773E-4,0.0,0.0,0.0,0.0,0.0,0.0,0.0,0.0,0.0,0.0,0.0,0.0,0.0,0.01885131616866252,0.0,0.0,0.0,0.0,0.0,0.0,0.0,0.0,0.0,0.0,0.055558349653027556,0.0,0.0,0.0,0.0,0.0,0.007255477445201412,0.002604731724158712,2.056536276087989E-4,9.228307512556843E-4,0.0,0.0,0.0,0.0,0.0,1.0673948089683662,0.6035864668307978,0.0,-0.06288650019782066,2.276000256,0.039429229868056005,0.0,0.04051944903288323,0.0,0.0025132199535052332,0.0,0.009581474644797574,0.03692468188892395,0.0,0.4328354311303106,0.0,2.4080201755639085E-5,0.03221400140666088,0.0,0.0,0.0,0.03468974901004562,0.15082838710555882,0.019430125624351455,0.19669785509701726,0.13840494877322565,0.6258300853114113,0.0,0.002453865056627444,0.0,0.0,0.0,0.0,0.0,0.16961530645816789,0.0,0.0,0.0,0.00503273108509514,0.005013671930845771,0.0,0.003230687310839831,2.757487471958795E-4,0.0,0.0,0.0,0.0,0.0,0.0,0.0,0.0,0.0,0.0,0.0,0.0,0.0,0.0,0.0,0.0,0.6048387096774194,0.0,0.0,0.0,2.620967741935484,0.0,0.0,0.0,7.081770251690978E-4,2.3990398305753481E-4,0.0,0.0,0.0012345937924770922,0.0,0.0,0.0,0.0,0.0,0.0,0.0,0.0,2.072336316971886E-4,0.0,0.0,0.0,0.0,0.0,0.009864219254768497,0.0,0.1375756906615037,0.005113749141921627,0.0,0.0,4.321254168748968E-4,1.0,0.9974867800464948,4.886096914041617E-4,0.0,0.0,0.9187666221061124,0.7679382350005536,0.9879053054016972,0.0,0.0,0.9509806235127732,0.0,0.4328354311303106,0.0,0.5712403799035363,0.22617981022406147,0.0,0.023361037051162586,0.0,0.0,0.0,0.0,0.0,0.2371460307890811,4.838709677419355,0.0,0.0,0.09071615224965603,1.6129032258064515,2.620967741935484,0.0,0.0,0.007958273206156587,5,0.0,0.0,0.0,0.00424028610260586,0.8256530159870477,0.0,0.0,0.0,0.0,0.15460029520555552,0.016735592743457903,0.004382156156082023,0.0,0.0,0.0,0.0,0.010949205321480365,0.0,0.0,0.016694842007727077,0.0,0.0,2.217741935483871,2.8223104130771785E-4,0.6048387096774194,0.0,0.0,-0.18514591838750172,0.010704565198519887,0.019217604799604222,0.0,0.0,0.0,0.0,0.0,0.0,0.0,0.0,0.0,7.512263195585221E-4,0.0,0.0,0.14299300214854901,0.02117251329534401,0.0,0.0,0.0,0.037005391442776904,0.0,0.0,0.08318416650504315,0.0,0.0,0.0,0.0,0.0,0.0,0.0,0.0,0.11308990511203079,0.0,0.0,0.0,0.08189217344841314,0.014114903086271629,6.172968962385461E-4,0.0,0.0,-0.47357894113816723,0.0,0.0,0.021931677231114412,0.0,0.013563081342814379,0.0,0.0,0.0,0.0027946454895453458,5.738260571482039E-4,2.2628048239365262E-4,0.0,0.0,0.0,0.7974168738945889,0.01905611436025439,0.005812923553737155,0.00159414317147252,0.0,0.004894695166631017,0.0038574743158306976,0.0,0.0,0.0,0.0,0.11344297352444381,0.0,0.0,0.0,LiftAU
0.0,0.0,0.0,0.0,0.0,0.0,0.0,0.0,0.0,0.0,0.0,0.0,0.0,0.0,0.0,0.0027034452143221855,0.0,0.0,0.0,0.024936371413364248,0.0,0.03480402014375677,0.0,18,0.0,0.0,0.0,0.011618456843846228,8,0.0,0.0,0.0,0.0,0.0,0.0,0.0,0.0,0.0,0.0,0.0,0.005784364991193489,0.0,0.0,0.0,0.0,0.0,0.0,0.0,0.0,0.0,0.0,0.025162392997479414,0.0,0.0,0.0,0.0,0.0,0.0,0.0,0.0,0.0,0.0,0.18366714703825215,0.0,0.0,0.030078852456113525,0.0,0.0,0.00689898722146282,0.0025229163518951684,0.0,8.970067743056739E-4,0.0,0.0,0.0,0.0,0.0,1.117725627092876,0.6198707055137842,6.376953168889697E-4,0.354671190700237,1.077718099,9.158759532709795E-4,0.0,0.0661711809672771,0.0,0.0024907727521611125,0.0,0.00932542157971687,0.040451140926499506,0.0,0.33034519959973657,0.06461163426241442,0.0,0.03723281085617665,0.0,0.0,0.0,0.0,0.08798419400066383,0.03806915757842941,0.3905690331534109,0.10160142713163461,0.7771073443423467,0.0,0.0,0.0,0.0,0.022711867402455656,0.0,0.0,0.20430789451147102,0.0,0.0,0.0,0.0036751373481428316,0.0,0.0,0.0,0.0,0.0,0.0,0.0,0.0,0.0,0.0,0.0,0.002481715842133145,0.0,0.0,0.0,1.543964182269831E-5,0.0,0.0,0.0,0.0,0.8888888888888888,0.0,0.028186093624470002,3.7777777777777777,2.6666666666666665,0.020225121444310056,0.0,0.0,0.0019254855857160358,0.0,0.0,0.0,0.037981591450216394,0.0,0.0,0.0,0.0,0.0,0.0,0.0,0.0,0.005112884247909702,0.0,0.0,0.0,0.010105896806726045,0.0,0.0,0.0,0.15878795672272508,0.0,0.0,0.0,0.0,1.0,0.997509227247839,0.0,0.0,0.0,0.9104998538854459,0.822515659884782,0.988183805668122,0.0,0.0,0.9477326647416225,0.0,0.33034519959973657,0.0,0.4319466267313712,0.3860587836824001,0.0,0.022969567750941226,0.0,0.0,0.0,0.0,0.0,0.13927487997777235,4.444444444444445,0.0,0.0,0.1126086940632679,0.6666666666666666,2.6666666666666665,9.820723225729803E-4,0.0,0.0,10,0.0,0.0,0.0,0.0,0.9764606981738146,0.0,0.0,0.0,0.0,0.0,0.0,0.005880250526029962,0.0,0.0,0.0,0.0,0.0,0.0,0.0,0.0,0.0,0.0,3.111111111111111,0.0,0.8888888888888888,0.0,0.0,0.12523517734761044,0.0,0.0046775167269194114,0.0,0.0,0.09541812245226572,0.0,0.0,0.0,0.0,0.026040054513963597,0.01007097758169021,0.007799891621182952,0.0,0.004560190097301233,0.0,0.019009376373350314,0.0,0.0,0.009684554613018788,0.0,0.0,0.0,0.0,0.0,0.0,0.0,0.0,0.0,0.0,0.0,0.0,0.19302939184120008,0.0,0.0,0.0,0.08320825816461846,0.02286950845900784,0.01899079572510819,0.4331344812871354,0.0,-1.2275028126442866,0.0,0.0,0.0,0.0,0.0,0.0,0.0,0.0,0.0,8.701672445705571E-4,0.007406491663477737,0.0,0.0,0.0,0.9416461565281182,0.014427440958767771,0.01901736559395761,9.795770552812409E-4,0.0,0.0,0.0,0.0,0.0,0.0,0.0,0.0,0.0,0.0,0.0,LiftAU
NaN,0.0,0.0,NaN,0.0,NaN,NaN,0.0,0.0,NaN,0.0,NaN,0.0,0.0,NaN,NaN,0.0,NaN,0.0,0.026570810408905465,NaN,0.0,0.0,8,NaN,0.0,NaN,NaN,1,NaN,0.0,0.0,NaN,NaN,NaN,0.0,0.0,0.0,0.0,NaN,NaN,NaN,0.0,NaN,0.0,0.0,NaN,NaN,0.0,0.0,NaN,0.04977964485514205,0.0,0.0,NaN,NaN,0.0,NaN,NaN,0.0,0.0,NaN,0.010589850230698594,0.0,NaN,NaN,0.0,NaN,0.012035992027359534,0.0040324267648547485,0.0,0.0014123722977348152,0.0,NaN,0.0,0.0,NaN,0.3969621225662603,2.286512747476001,0.0,0.1511641454465381,1.512237549,0.08479035919419105,NaN,-0.030665372922201783,0.0,0.002137687983737691,0.0,0.007926402096329567,0.013666446827167781,0.0,0.022091855424389305,NaN,NaN,0.061204003749819956,0.0,0.0,NaN,NaN,0.06108441261632624,NaN,0.09892744682885586,0.7329617444733737,NaN,0.0,NaN,NaN,0.0,NaN,0.0,0.0,0.0,0.0,NaN,NaN,NaN,0.0,0.0,0.0,0.0,NaN,0.0,NaN,0.0,0.0,0.0,NaN,0.0,NaN,0.0,0.0,NaN,NaN,NaN,0.0,NaN,1.3333333333333333,NaN,0.0,0.0,3.3333333333333335,0.0,0.0,NaN,0.0026496100974386302,0.0,NaN,NaN,0.0,NaN,NaN,NaN,NaN,NaN,0.0,NaN,0.0,0.0,NaN,0.0,0.0,0.0,NaN,0.0,NaN,0.22342696814816732,0.0,0.0,0.0,0.0,1.0000000000000002,0.9978623120162624,NaN,0.0,0.0,0.9150654593429451,0.8539810467266188,0.9899359099199327,NaN,NaN,0.976269463092765,NaN,0.022091855424389305,0.0,0.755053599897763,0.0,0.0,0.04818084785450986,NaN,NaN,0.0,0.0,0.0,0.3515819879856707,4.666666666666667,NaN,0.0,0.08956367942552831,1.3333333333333333,3.3333333333333335,NaN,NaN,NaN,1,0.0,NaN,0.0,NaN,NaN,0.0,0.0,NaN,NaN,NaN,0.0,0.0,NaN,0.0,0.0,0.0,NaN,0.0,0.0,0.0,0.0,4.0,2.6666666666666665,NaN,1.3333333333333333,0.0,NaN,0.04161069653354862,0.0,NaN,0.0,NaN,NaN,NaN,0.0,0.0,NaN,0.0,0.0,0.013886401978161747,NaN,NaN,NaN,NaN,NaN,0.0,0.0,NaN,0.0,NaN,0.0,NaN,0.0,NaN,0.0,0.0,NaN,NaN,NaN,0.24455256752928856,NaN,NaN,NaN,0.10596529991730154,0.0,0.021180100584678473,0.0,0.0,-1.1311498505061424,0.0,0.0,0.0,NaN,NaN,0.0,0.0,NaN,NaN,NaN,0.0,0.0,NaN,NaN,NaN,0.0,0.0,0.0019421838655911724,0.0,NaN,0.0,0.0,0.0,NaN,0.0,NaN,NaN,0.0,0.0,LiftAU
0.0,0.0,0.0,0.0,0.0037412684759504443,0.0,0.0,0.0,0.0,0.0019791773714786017,0.0,0.0013671231775110367,0.0,0.0,0.0035938066698636257,0.0,0.0,0.0,0.0,0.018258552649477518,0.0,0.054804006569296924,0.0,6,0.0,0.0,0.0,0.038904740262206396,4,0.0,0.0,0.0,0.0,0.0,0.0,0.0,0.0,4.7343793471683513E-4,0.0,0.0,0.0,0.0,0.0,0.0,0.0,0.0,0.0,0.0,0.0,0.0,0.0,0.021003468162397454,0.0,0.0,0.0,0.0,0.0,0.049874000520971705,0.0,0.0,0.0,0.0,-0.188278784871838,0.0,0.0,0.0023536416446109693,0.0,0.0,0.0031560991361062668,0.0011370686213410509,0.0,4.0347793064825894E-4,0.0,0.0,0.0,0.0,0.0,1.1435150297218086,0.29098750819363595,0.0,-0.2117407514054401,1.2872161865,0.0447475245633012,0.0,0.026900570536946278,0.0,6.56373090625542E-4,0.0,0.002572599073607001,0.008937604803576148,0.0,0.5004250343161195,0.011096006120658525,9.470196616725377E-6,0.04748858529591209,0.011278200534439684,0.0,0.0,0.05610787664279021,0.05654516235980656,0.0,0.35097024254820053,0.03240439851215263,0.566308124011838,0.0,0.0,0.0,0.0,0.01876365199354018,0.013597352382771351,0.0,0.19128486814393672,0.0,0.0,0.0,0.0,0.0,0.0,0.009378768564711395,0.0,0.0,0.0,0.0,0.0,0.0,0.0,0.0,0.0,0.0,0.0,0.0,0.0,0.0,0.0,0.0,0.0,0.6637168141592921,0.0,0.0077898231250196825,0.0,0.0,0.006652540561663321,0.0,0.0,8.426060321586365E-4,0.0,0.0,0.0,0.012703308066780031,0.0,0.0,0.0,0.0,0.0,0.0,0.0,0.0,0.0,0.0,0.0,0.0,0.0,0.0,0.0,0.0,0.1452364056332001,0.0,0.0,0.0,0.0,1.0,0.9993436269093744,0.0,0.0,0.0,0.9403448377362792,0.8837996753764726,0.9967710278357673,0.0,0.0,0.9878334230321912,0.0,0.5004250343161195,0.0,0.5328294328282721,0.2848515131564932,0.0,0.02310749198252028,0.03942840362466317,0.0,0.0,0.0067325990127520855,0.0,0.18847057992205174,4.424778761061947,0.0,5.530973451327434,0.05139158280504799,0.6637168141592921,1.5486725663716814,0.0,0.0,0.0,4,0.0,0.0,0.0,0.0,0.953026342556105,0.0,0.0,0.0,0.0,0.0,0.0,0.0,0.0,0.0,0.0,0.0,0.0,0.0,0.0,0.0,0.0,0.0,0.0,0.0019675354709676306,0.6637168141592921,0.003947858261928086,0.0,-0.14780043285079558,0.0,0.0,0.010063257245359442,0.0,0.27718558907907836,0.0,0.0,0.0,0.003350741204482772,0.02358968560305794,0.0016806420930360016,0.0017858371283292563,0.0,5.28397669378856E-4,0.0,0.0,0.0,0.0,0.008819625011780977,0.0,0.0,0.0,0.0,0.0,0.0,0.0,0.0,0.0,0.0,0.0,0.0,0.1424257565782464,0.0,0.0,0.0,0.08427009194809919,0.0,0.00635165403339002,0.12690719547254034,0.0,-0.8037831058881437,0.0,0.0,0.0,0.0,0.0,0.0,0.0,0.0,0.0,0.0,0.0,0.0,0.0,0.0,0.9741553717832382,0.0,0.0,7.54781894675789E-4,0.0,0.0,0.0,0.0033287203889286352,0.0,0.0,0.0,0.0,0.0,0.0,0.0,LiftAU
0.0,0.0,0.0,0.0,0.0,0.0,0.0,0.0,0.0,0.0,0.0,0.0,0.0,0.0,0.0,0.0,0.0,0.0,0.0,0.010091218230461179,0.0,0.0,0.0,9,0.0,0.0,0.0,0.0,6,0.0,0.0,0.0,0.0,0.0,0.0,0.0,0.0,0.0,0.0,0.0,0.0,0.0,0.0,0.0,0.0,0.0,0.0,0.0,0.0,0.0,0.0,0.020386682188797703,0.0,0.0,0.0,0.0,0.0,0.0,0.0,0.0,0.0,0.0,-0.13921116092387137,0.0,0.0,0.0,0.0,0.0,-3.3179571870781046E-4,-6.656938389863499E-5,0.0,-2.00586690176473E-5,0.0,0.0,0.0,0.0,0.0,1.1526026737014496,-0.13535606624724628,0.0,-0.09916658020462432,2.799621632,0.01865184702823611,0.004247316127316872,-0.008953911577647236,0.0,6.139128144840354E-4,0.0,0.002376882968214342,0.00643147059377162,0.0,0.5609145321548538,0.0,0.0,0.02084753604624841,0.0,0.0,0.0,0.0,0.08533529338968805,0.0,0.31574479179770626,0.007735580235033462,0.8250974971831274,0.0,0.0,0.0,0.0,0.0,0.0,0.0,0.1894783687146452,0.0,0.0,0.0,0.0,0.0,0.0,0.0,0.0,0.0,0.0,0.0,0.0,0.0,0.0,0.0,0.0,0.0,0.0,0.0,0.0,0.17490250281687253,0.0,0.0,0.0,0.9569377990430622,0.0,0.0,3.588516746411483,2.6315789473684212,0.0,0.0,0.0,0.007622055912259223,0.0,0.0,0.0,0.007257454084649731,0.0,0.0,0.0,0.0,0.0,0.0,0.0,0.0,0.0,0.0,0.0,0.0,0.0,0.0,0.0,0.0,0.14265518230992272,0.0,0.0,0.015551442702657283,0.0,1.0,0.9993860871855159,0.0,0.0,0.0,0.9697301975772814,0.8843949041875935,0.9970092042173015,0.0,0.0,0.9905777336235299,0.0,0.5609145321548538,0.0,0.5686501123898872,0.2647585674847314,0.0,0.0222787629810093,0.0,0.0,0.0,0.0,0.0,0.19174399959782368,3.110047846889952,0.0,4.0669856459330145,0.1490809991576987,0.9569377990430622,1.9138755980861244,0.0,0.0,0.0,4,0.00438298933331794,0.0,0.0,0.0,0.9957526838726832,0.0,0.0,0.0,0.0,0.0,0.0,0.0,0.0,0.0,0.0,0.0,0.0,0.0,0.0,0.0,0.0,0.0,3.827751196172249,0.0,0.7177033492822966,0.0,0.0,-0.19756847904837035,0.0,0.0,0.0,0.0,0.0,0.0,0.0,0.0,0.0,0.0,0.0,0.011556468634190985,0.0,0.0,0.0,0.0,0.0,0.0,0.0,0.0,0.0,0.0,0.0,0.0,0.0,0.0,0.0,0.0,0.0,0.0,0.0,0.13237928374236566,7.821838764187442E-4,0.0,0.0,0.08076101685978143,0.0,0.003628727042324865,0.0,0.0,-0.8023240441126176,0.0,0.0,0.0,0.0,0.0,0.002912547739182849,0.0,0.0,0.0,0.0,0.0,0.0,0.0,0.0,0.9992178161235814,0.0,0.0,0.01048874939243903,0.0,0.0,0.0,0.0,0.0,0.0,0.0,0.0,0.0,0.0,0.0,LiftAU
0.0,0.0,0.0,0.0,0.0,0.0,0.0,0.0,0.0,0.0,0.0,0.0,0.0,0.0,0.0,0.0,0.0,0.0,0.0,0.0021495134870101657,0.025317588371607427,0.0,0.0,8,0.0,0.0,0.0,0.0,4,0.0,0.0,0.0,0.0,0.0,0.0,0.0,0.0,0.0,0.0,0.0,0.0,0.0,0.0,0.0,0.0,0.0,0.0,0.0,0.0,0.0,0.0,0.021317687111523223,0.0,0.0,0.0,0.0,0.0,0.0,0.0,0.0,0.0,0.0,-0.19067376728131027,0.0,0.0,0.0,0.0,0.0,0.003932099369063115,0.0014018011743174364,0.0,4.966336089963533E-4,0.0,0.0,0.0,0.0,0.0,1.1349628467038064,0.3555726217707123,0.0,-0.17686685681626518,1.551025408,0.002207183125200289,0.0,0.021771048420352553,0.0,0.0011416444937008131,0.0,0.004342666391131706,0.014606049604485843,0.0,0.5336021086379719,0.0,0.0,0.04615387028348228,0.0,0.0,0.0,0.0,0.02999706080890164,0.0,0.3177831869421473,0.052373412838178604,0.9746824116283925,0.0,0.0,0.0,0.0,0.0,0.0,0.0,0.1958600657975867,0.0,0.0,0.0,0.0,0.0,0.0,0.0,0.0,0.0,0.0,0.0,4.4020710528659327E-4,0.0,0.008589506192127274,0.0,0.0,0.0,0.0,0.0,0.0,0.0,0.0,0.0,0.0,0.9615384615384616,0.0,0.0,0.0,2.1634615384615383,0.0,0.0,0.0,0.003338943411933128,0.0,0.0,0.0,0.0034513780725012096,0.0,0.0,0.0,0.0,0.0,0.0,0.0,0.0,0.0,0.0,0.0,0.0,0.0,0.0,0.0,0.0,0.14622818312917468,0.0,0.0,0.0,0.0,1.0,0.9988583555062993,0.0,0.0,0.0,0.9337557692271994,0.9037587084182978,0.9945156891151675,0.0,0.0,0.9799096395106817,0.0,0.5336021086379719,0.0,0.5859755214761504,0.2623749227369531,0.0,0.02326175816266907,0.0,0.0,0.0,0.0,0.0,0.23387099370733164,2.8846153846153846,0.0,3.8461538461538463,0.09957394444645955,0.9615384615384616,1.9230769230769231,0.0,0.0,0.0,3,0.0,0.0,0.0,0.0,0.9970434217169611,0.0,0.0,0.0,0.0,0.0,0.0,0.0,0.0,0.0,0.0,0.012463670261110648,0.0,0.0,0.0,0.0,0.0,0.0,0.0,0.0,0.7211538461538461,0.0,0.0,0.1931455783926216,0.0,0.0,0.0,0.0,0.0,0.0,0.0,0.0,0.0,0.0,0.0,0.006148733514109552,0.0,0.0,0.0,0.0,0.0,0.0,0.0,0.0,0.0,0.0,0.0,0.0,0.0,0.0,0.0,0.0,0.0,0.0,0.0,0.13118746136847667,0.0,0.002268157492544883,0.0,0.07655981951280245,0.0,0.0017256890362506048,0.0,0.0,-0.8296033261503961,0.0,0.0,0.0,0.0,0.0,0.0,0.0,0.0,0.0,0.0,0.0,0.0,0.0,0.0,0.9977318425074552,0.0,0.0,0.0019043291996160984,0.0,0.0,0.0,0.0,0.0,0.0,0.0,0.0,0.0029565782830389352,0.0,0.0,LiftAU
NaN,0.0,0.0,NaN,0.0,NaN,NaN,0.0,0.0,NaN,0.0,NaN,0.0,0.0,NaN,NaN,0.0,NaN,0.0,0.0017247049593312103,NaN,0.0,0.0,6,NaN,0.0,NaN,NaN,4,NaN,0.0,0.0,NaN,NaN,NaN,0.0,0.0,0.0,0.0,NaN,NaN,NaN,0.0,NaN,0.0,0.0,NaN,NaN,0.0,0.0,NaN,0.05015281028769198,0.0,0.0,NaN,NaN,0.0,NaN,NaN,0.0,0.0,NaN,0.14663759104185253,0.0,NaN,NaN,0.0,NaN,0.006375253367323088,0.002285922385379421,0.0,8.104091081598027E-4,0.0,NaN,0.0,0.0,NaN,0.3789463752784019,2.480268326434655,0.0,-0.06204250384447357,1.421020508,-0.005803936980039698,NaN,0.020168739405989573,0.0,7.120241963567319E-4,0.0,0.002786546955316158,0.011978037478727312,0.0,0.015616447067700467,NaN,NaN,0.032980210893971316,0.0,0.0,NaN,NaN,0.12269061413904295,NaN,0.14423929917091433,0.6689968200979707,NaN,0.0,NaN,NaN,0.0,NaN,0.0,0.0,0.0,0.0,NaN,NaN,NaN,0.0,0.0,0.0,0.0,NaN,0.0,NaN,0.0,0.0,0.0,NaN,0.0,NaN,0.0,0.0,NaN,NaN,NaN,0.0,NaN,0.75,NaN,0.0,0.0,3.5,0.0,0.0,NaN,0.0012683348303985564,0.0,NaN,NaN,0.0,NaN,NaN,NaN,NaN,NaN,0.0,NaN,0.0,0.0,NaN,0.0,0.0,0.0,NaN,0.0,NaN,0.22437459972458693,0.0,0.0,0.0,0.0,0.9999999999999997,0.9992879758036429,NaN,0.0,0.0,0.9515431804756284,0.8288525663365854,0.9965014288483268,NaN,NaN,0.9845233913695995,NaN,0.015616447067700467,0.0,0.6846132671656711,0.0,0.0,0.05509871870838341,NaN,NaN,0.0,0.0,0.0,0.17352540683557277,0.0,NaN,0.0,0.25743951629318346,2.0,3.5,NaN,NaN,NaN,4,0.0,NaN,0.0,NaN,NaN,0.0,0.0,NaN,NaN,NaN,0.0,0.0,NaN,0.0,0.0,0.0,NaN,0.0,0.0,0.0,0.0,3.25,2.25,NaN,1.25,0.0,NaN,0.33353264229027785,0.0,NaN,0.0,NaN,NaN,NaN,0.0,0.0,NaN,0.0,0.0,0.0077826146718952575,NaN,NaN,NaN,NaN,NaN,0.0,0.0,NaN,0.0,NaN,0.0,NaN,0.0,NaN,0.0,0.0,NaN,NaN,NaN,0.195319450498793,NaN,NaN,NaN,0.11945449430628502,0.0,0.0021949067843789263,0.0,0.0,-0.8444959311629958,0.0,0.0,0.0,NaN,NaN,0.0,0.0,NaN,NaN,NaN,0.0,0.0,NaN,NaN,NaN,0.0,0.0,0.0012366808546069973,0.0,NaN,0.0,0.0,0.0,NaN,0.0,NaN,NaN,0.0,0.0,LiftAU
0.0,0.0,0.0,0.0,0.0,0.0,0.0,0.0,0.0,0.0,0.0,0.0,0.0,0.0,0.0,8.080553883658666E-5,0.0,0.0,0.0,0.0016822481559798591,0.0,0.048605885465740434,0.0,4,0.0,0.0,0.0,0.01708961994701772,1,0.0,0.0,0.0,0.0,0.0,0.0,0.0,0.0,0.0,0.0,0.0,0.0022151247043536815,0.0,0.0,0.0,0.0,0.0,0.0,0.0,0.0,0.0,0.0,0.04486132690327409,0.0,0.0,0.0,0.0,0.0,0.0,0.0,0.0,0.0,0.0,0.33360345132098335,0.0,0.0,7.038937926352013E-4,0.0,0.0,0.010247639190790515,0.003562148905076336,0.0,0.0012559175103666964,0.0,0.0,0.0,0.0,0.0,0.49347766519903813,2.3609750127354205,2.8762083461801336E-4,0.13176717069250382,0.0,0.0805132018139765,0.0,0.025067762832290987,0.0,5.392344152584991E-4,0.0,0.002133205422133798,0.008357573450370111,0.0,0.025640017711069288,0.006893963855439429,0.0,0.03000087111532289,0.0,0.0,0.0,0.0,0.11285419516431262,0.006779297411205956,0.23357221304702339,0.5869026896745094,0.9344169935073872,0.0,0.0,0.0,0.0,0.005096907063935177,0.0,0.0,0.23576681758569368,0.0,0.0,0.0,0.001337111594185452,0.0,0.0,0.0,0.0,0.0,0.0,0.0,0.0,0.0,0.0,0.0,1.7274783127441153E-4,0.0,0.0,0.0,2.6657487326073814E-6,0.0,0.0,0.0,0.0,0.6666666666666666,0.0,0.006076235611684453,0.0,0.0,0.009271123257550773,0.0,0.0,8.206626829556841E-4,0.0,0.0,0.0,0.004300591854101171,0.0,0.0,0.0,0.0,0.0,0.0,0.0,0.0,6.877838905302232E-4,0.0,0.0,0.0,0.001976607967259398,0.0,0.0,0.0,0.21227687869121686,0.0,0.0,0.0,0.0,1.0,0.9994607655847415,0.0,0.0,0.0,0.9589691155969147,0.8461149204326022,0.9973275601626076,0.0,0.0,0.9889699867122376,0.0,0.025640017711069288,0.0,0.6125427073855788,0.3503846916740459,0.0,0.05458880513204409,0.0,0.0,0.0,0.0,0.0,0.0,0.0,0.0,0.0,0.0,1.7777777777777777,3.3333333333333335,2.771070210727945E-5,0.0,0.0,1,0.0,0.0,0.0,0.0,0.9806194679909562,0.0,0.0,0.0,0.0,0.0,0.0,8.913725482867885E-4,0.0,0.0,0.0,0.0,0.0,0.0,0.0,0.0,0.0,0.0,0.0,0.0,0.6666666666666666,0.0,0.0,0.4473931933152987,0.0,0.0012567571928020342,0.0,0.0,0.021682522855265837,0.0,0.0,0.0,0.0,0.013882052084520622,3.04470888685651E-4,3.562172513883906E-4,0.0,8.452842268966537E-4,0.0,0.02801209766634788,0.0,0.0,6.279855276438804E-4,0.0,0.0,0.0,0.0,0.0,0.0,0.0,0.0,0.0,0.0,0.0,0.0,0.175192345837023,0.0,0.0,0.0,0.1280317095532089,0.011734034971533067,0.0021502959270505847,0.0,0.0,-0.5283539864348348,0.0,0.0,0.0,0.0,0.0,0.0,0.0,0.0,0.0,1.989654537038707E-5,3.700805181862562E-4,0.0,0.0,0.0,0.9929198796565246,0.007171714779102603,0.0030997992995231405,8.315271656478318E-4,0.0,0.0,0.0,0.0,0.0,0.0,0.0,0.0,0.0,0.0,0.0,LiftAU
NaN,0.0,0.0,NaN,0.0,NaN,NaN,0.0,0.0,NaN,0.0,NaN,0.0,0.0,NaN,NaN,0.0,NaN,0.0,0.002218407411197146,NaN,0.0,0.0,6,NaN,0.0,NaN,NaN,2,NaN,0.0,0.0,NaN,NaN,NaN,0.0,0.0,0.0,0.0,NaN,NaN,NaN,0.0,NaN,0.0,0.0,NaN,NaN,0.0,0.0,NaN,0.04452796224334751,0.0,0.0,NaN,NaN,0.0,NaN,NaN,0.0,0.0,NaN,0.014447956347062498,0.0,NaN,NaN,0.0,NaN,0.006402038242135099,0.002312803107418064,0.0,8.196580398921234E-4,0.0,NaN,0.0,0.0,NaN,0.6687524508666688,2.1110355237683156,0.0,-0.27987883842071004,0.604217344,-0.09419824109017572,NaN,0.053474409598708916,0.0,0.0012875170520165204,0.0,0.005029125040156594,0.018388029684112538,0.0,0.05660868638174947,NaN,NaN,0.040369265164099506,0.0,0.0,NaN,NaN,0.18397612040973765,NaN,0.13025776863829544,0.5640834876298323,NaN,0.0,NaN,NaN,0.0,NaN,0.0,0.0,0.0,0.0,NaN,NaN,NaN,0.0,0.0,0.0,0.0,NaN,0.0,NaN,0.0,0.0,0.0,NaN,0.0,NaN,0.0,0.0,NaN,NaN,NaN,0.0,NaN,0.7575757575757576,NaN,0.0,3.0303030303030303,2.0202020202020203,0.0,0.0,NaN,0.002403243343018065,0.0,NaN,NaN,0.0,NaN,NaN,NaN,NaN,NaN,0.0,NaN,0.0,0.0,NaN,0.0,0.0,0.0,NaN,0.0,NaN,0.21149381697751374,0.0,0.0,0.0,0.0,0.9999999999999999,0.9987124829479834,NaN,0.0,0.0,0.9349260630596148,0.7509499426498772,0.9936833579078268,NaN,NaN,0.9752953282237143,NaN,0.05660868638174947,0.0,0.6206921740115817,0.0,0.0,0.05393664685549304,NaN,NaN,0.0,0.0,0.0,0.08806086327265772,5.05050505050505,NaN,0.0,0.31328799942218544,1.0101010101010102,3.787878787878788,NaN,NaN,NaN,4,0.0,NaN,0.0,NaN,NaN,0.0,0.0,NaN,NaN,NaN,0.0,0.0,NaN,0.0,0.0,0.0,NaN,0.0,0.0,0.0,0.0,0.0,3.282828282828283,NaN,0.7575757575757576,0.0,NaN,0.04684448715026845,0.0,NaN,0.0,NaN,NaN,NaN,0.0,0.0,NaN,0.0,0.0,0.0049228923595427245,NaN,NaN,NaN,NaN,NaN,0.0,0.0,NaN,0.0,NaN,0.0,NaN,0.0,NaN,0.0,0.0,NaN,NaN,NaN,0.1745667412781849,NaN,NaN,NaN,0.12540202561116306,0.0,0.0015918303787250758,0.0,0.0,-0.587658947601974,0.0,0.0,0.0,NaN,NaN,0.0,0.0,NaN,NaN,NaN,0.0,0.0,NaN,NaN,NaN,0.0,0.0,0.0011715755653298903,0.0,NaN,0.0,0.0,0.0,NaN,0.0,NaN,NaN,0.0,0.0,LiftAU
0.0,0.0,0.0,0.0,0.0,0.0,0.0,0.0,0.0,0.0,0.0,0.0,0.0,0.0,0.0,2.677646996157867E-4,0.0,0.0,0.0,9.258167548920324E-4,0.0,0.0778213318278586,0.0,6,0.0,0.0,0.0,0.06319897794813928,6,0.0,0.0,0.0,0.0,0.0,0.0,0.0,0.0,0.0,0.0,0.0,0.003886455479495738,0.0,0.0,0.0,0.0,0.0,0.0,0.0,0.0,0.0,0.0,0.04193153370500865,0.0,0.0,0.0,0.0,0.0,0.0,0.0,0.0,0.0,0.0,-0.10996356878600055,0.0,0.0,0.0013908251494753466,0.0,0.0,0.001830207484361402,7.276497583372401E-4,0.0,2.6317476400121887E-4,0.0,0.0,0.0,0.0,0.0,0.6582953656241357,1.6462312093734566,2.832633970438294E-4,0.07180272320876147,0.619384766,0.0984683542500148,0.0,-0.012408963594600739,0.0,9.845827660993004E-4,0.0,0.003863506336957831,0.01327516439084111,0.0,0.05092491242693363,0.06058866948566424,0.0,0.0481963027871894,0.0,0.0,0.0,0.0,0.11318536264776047,0.034674794839661745,0.4510988272690997,0.31847134137511857,0.8182238381250244,0.0,0.0,0.0,0.0,0.04817151911101018,0.0,0.0,0.2121163554371281,0.0,0.0,0.0,0.0033143255024110337,0.0,0.0,0.0,0.0,0.0,0.0,0.0,0.0,0.0,0.0,0.0,8.684189222182129E-5,0.0,0.0,0.0,2.689173727612603E-6,0.0,0.0,0.0,0.0,0.8888888888888888,0.0,0.007533356608074668,0.0,1.7777777777777777,0.011376540380356239,0.0,0.0,0.0011559170928284056,0.0,0.0,0.0,0.0015589933704614047,0.0,0.0,0.0,0.0,0.0,0.0,0.0,0.0,1.9739774791595408E-4,0.0,0.0,0.0,0.0015709498842508686,0.0,0.0,0.0,0.20520858572188894,0.0,0.0,0.0,0.0,1.0000000000000002,0.9990154172339009,0.0,0.0,0.0,0.9336804437189125,0.820495081071152,0.9951519108969431,0.0,0.0,0.9818767465061019,0.0,0.05092491242693363,0.0,0.3693962538020522,0.31985638001543115,0.0,0.055453085135791065,0.0,0.0,0.0,0.0,0.0,0.09506202091630744,4.222222222222222,0.0,0.0,0.3144591591248656,1.3333333333333333,2.6666666666666665,2.6262413984215154E-5,0.0,0.0,6,0.0,0.0,0.0,0.0,0.9319073540643833,0.0,0.0,0.0,0.0,0.0,0.0,0.005461442640502321,0.0,0.0,0.0,0.0,0.0,0.0,0.0,0.0,0.0,0.0,1.5555555555555556,0.0,0.6666666666666666,0.0,0.0,-0.11496191565273003,0.0,0.011621480334976479,0.0,0.0,0.061836087555949514,0.0,0.0,0.0,0.0,0.03881641856347159,4.0351971983102717E-4,0.002850984341445198,0.0,0.00128531537146631,0.0,0.02079015451420425,0.0,0.0,3.734588464085629E-4,0.0,0.0,0.0,0.0,0.0,0.0,0.0,0.0,0.0,0.0,0.0,0.0,0.1599281900077156,0.0,0.0,0.0,0.13118877818741054,0.01573890497312552,7.794966852307024E-4,0.0,0.0,-0.2876995192111611,0.0,0.0,0.0,0.0,0.0,0.0,0.0,0.0,0.0,6.429289927873438E-4,2.5663382708604265E-4,0.0,0.0,0.0,0.938170557238023,0.02246642026378574,0.005708956374466046,0.0013727588615696476,0.0,0.0,0.0,0.0,0.0,0.0,0.0,0.0,0.0,0.0,0.0,LiftAU
0.0,0.0,0.0,0.0,0.0,0.0,0.0,0.0,0.0,0.0,0.0,0.0,0.0,0.0,0.0,0.0,0.0,0.0,0.0,4.8208466393887347E-4,0.0,0.0,0.0,6,0.0,0.0,0.0,0.0,2,0.0,0.0,0.0,0.0,0.0,0.0,0.0,0.0,0.0,0.0,0.0,0.0,0.0,0.0,0.0,0.0,0.0,0.0,0.0,0.0,0.0,0.0,0.02348310122644415,0.0,0.0,0.0,0.0,0.0,0.0,0.0,0.0,0.0,0.0,0.4834283064499449,0.0,0.0,0.0,0.0,0.0,0.007834855145072395,0.002822197894529358,0.0,0.0010002462739532793,0.0,0.0,0.0,0.0,0.0,1.05321881770374,0.729619023608094,0.0,-0.07375001596573016,1.616241455,0.09363207721198621,0.0,0.03156646228705261,0.0,7.193500397571383E-4,0.0,0.0028118344680571317,0.010784278108156813,0.0,0.40181873439976484,0.0,0.0,0.030609066953364922,0.0,0.0,0.0,0.0,0.10486306425623886,0.0,0.25555893940475144,0.19283473236990897,1.0,0.0,0.0,0.0,0.0,0.0,0.0,0.0,0.20901620415984548,0.0,0.0,0.0,0.0,0.0,0.0,0.0,0.0,0.0,0.0,0.0,0.0,0.0,0.0,0.0,0.0,0.0,0.0,0.0,0.0,0.0,0.0,0.0,0.0,0.9950248756218906,0.0,0.0,0.0,1.9900497512437811,0.0,0.0,0.0,0.0010166344658553519,0.0,0.0,0.0,0.0010273866723117344,0.0,0.0,0.0,0.0,0.0,0.0,0.0,0.0,0.0,0.0,0.0,0.0,0.0,0.0,0.0,0.0,0.1535094951142489,0.0,0.0,0.0,0.0,1.0,0.9992806499602429,0.0,0.0,0.0,0.9550754704306641,0.8502124061744252,0.9964688154921857,0.0,0.0,0.985684537384029,0.0,0.40181873439976484,0.0,0.5946534667696738,0.2621825590300862,0.0,0.024260393944637266,0.0,0.0,0.0,0.0,0.0,0.27642978704486776,4.975124378109452,0.0,0.0,0.06623298513571438,0.9950248756218906,3.9800995024875623,0.0,0.0,0.0,2,0.0,0.0,0.0,0.0,1.0,0.0,0.0,0.0,0.0,0.0,0.0,0.0,0.0,0.0,0.0,0.0,0.0,0.0,0.0,0.0,0.0,0.0,0.0,0.0,0.746268656716418,0.0,0.0,-0.167230930211671,0.0,0.0,0.0,0.0,0.0,0.0,0.0,0.0,0.0,0.0,0.0,0.005930915909633712,0.0,0.0,0.0,0.0,0.0,0.0,0.0,0.0,0.0,0.0,0.0,0.0,0.0,0.0,0.0,0.0,0.0,0.0,0.0,0.13109127951504318,0.0,0.0,0.0,0.08274013749503561,0.0,5.136933361558668E-4,0.0,0.0,-0.9527392718009642,0.0,0.0,0.0,0.0,0.0,0.0,0.0,0.0,0.0,0.0,0.0,0.0,0.0,0.0,1.0,0.0,0.0,6.827359594078502E-4,0.0,0.0,0.0,0.0,0.0,0.0,0.0,0.0,0.0,0.0,0.0,LiftAU
7.943862777436276E-4,0.0,2.570935244430076E-4,0.0,0.0,0.0,0.0,0.0,0.0,0.0,4.6842093729042365E-4,0.0,0.0,0.0,0.0,2.0538282088028767E-4,0.0,0.0,0.0,0.0019487108532379382,0.0,0.04465562953230149,5.3987107978235E-4,6,0.0,0.0,0.01648536637217363,0.016856648233976885,8,8.861105612203947E-4,0.014303000607781866,0.0,4.080848133500196E-4,0.0,3.882241019263434E-4,0.0,0.0,0.0,0.0,0.0,0.0,0.03682822547399778,0.07489791526531646,0.0,0.0011416443286619918,0.0,0.0,0.06773849070568444,0.00348528123218441,0.0,0.0,0.03597220472588387,5.692919591343867E-4,9.111577366135637E-5,0.0,0.002277624182557789,0.0,0.0,0.021510304386236245,0.0,0.0,0.0,0.12228308633061935,0.0,8.28293770006195E-7,0.0011857289616897372,0.0,0.0,-0.005292274192031398,-8.087302350721578E-5,0.0,-1.7904600625803308E-5,-5.773526781506695E-6,0.0,0.0,0.17437095683303644,0.10123917041130673,0.01945744344617406,0.720284286822591,0.0,0.9031382718422329,1.42861952,-0.10683171483772444,0.0,0.0671772462414938,0.0010569822101992139,0.004135213303892161,0.0,0.01593278448183939,0.034980594286426456,0.0,3.8560921794243926E-5,0.00906733878807494,0.0,0.1523940238323775,0.0,0.0,0.0,0.0,0.3834810724238485,0.024119642928294313,0.3551382224664257,0.05284254607319672,0.6109343380288775,0.0,0.0,0.0,0.0,0.014644523589942325,0.0,2.306324286360322E-4,0.1489138829063199,0.005746045311363966,0.0,0.0,0.001946730242775677,0.006692337750887253,0.0,0.0,0.0,0.0,6.019956366795178E-4,0.0026908296251425263,0.0,0.006330569109050921,0.0,0.0,0.0,0.00643656269624094,0.0,2.401550324538502E-4,0.0,0.0,0.0,0.0,0.0,0.7326007326007326,0.0,0.007988839573722317,0.0,0.0,0.010215205104844237,0.005502804010726803,0.0,6.173316177930226E-4,0.0,0.0,0.0,0.0029908388977346314,0.02756938810504931,0.0,1.2765412517190784E-7,0.021605878099184243,0.0,0.0,0.0,0.0,4.792777031657589E-4,0.1666987278716286,0.0,0.0,0.0,0.03332603001098796,0.0,0.0,0.1900088362358698,0.007115962757220429,0.0,0.0,3.9349613465231823E-4,0.9989430177898008,0.9948078044859086,0.0,0.0,1.0,0.7915004018852652,0.40801932946141667,0.978875020004069,0.0,0.5586349703975765,0.9438944257176426,3.442561154564846E-4,3.8560921794243926E-5,0.004638147785610714,0.05288110699499096,0.2996829071493037,5.994183347854638E-4,0.050779377058087896,0.0,0.0,0.0,0.0,0.01435850372770448,0.17186799597300798,5.128205128205129,0.013694238612825293,0.0,0.2653189212994862,0.5494505494505495,1.8315018315018314,0.0,0.0,0.0,8,0.0,0.0,0.0,0.024392419409420114,0.777222963042558,0.009281500179413312,4.805467898479259E-4,0.0,0.0,0.0,0.004668584016170046,0.003155450720241612,0.0,0.0,0.014611976658697463,0.0,0.0,0.0,0.0,0.010045472854879731,0.0,0.0,0.0,0.0,0.5494505494505495,0.0,0.0,-0.14908971252228106,0.0,0.0035998200911010404,0.0,0.0,0.04415348257169035,1.1985794774594619E-4,0.0,0.0,0.0,0.02675809756413385,3.4259087506719317E-4,0.001045758202067568,8.456956000710006E-4,9.911816310893527E-4,0.0,0.017352167216154644,2.4364181765611738E-4,0.0,7.196903780107495E-4,0.0,0.0,0.0,0.0,5.17515483774095E-4,0.0,0.0038936259934111636,0.0,0.0,0.0,0.0,0.0,0.14984145357465187,0.0,0.0,0.0,0.1227614180856773,0.01302651197337014,0.0014954194488673155,0.0,0.0,-0.025178801484193603,0.0,0.02797176092500082,0.0,0.1271696446590418,2.4665129342565044E-4,0.0,0.0,0.004979685502311151,0.0,1.0816559295869956E-4,4.960901030402598E-4,0.0,0.0,0.0,0.23564532378489522,0.016237907488171572,0.0037350304865497934,5.760112189916755E-4,0.0,0.0,0.0,0.0,0.0,0.0,0.12474204471890848,0.0,0.0,0.0,0.12238618833242436,LiftAU
0.0,0.0,0.0018809798588295449,0.01578072774068628,0.002253933354379584,1.472865451820917E-4,0.0,0.008236674894353447,0.0,5.165642150699634E-4,0.0,0.003745545561688682,0.0,0.003279621180200513,0.0058038931959572245,0.0,0.0,0.0,0.001859911719462339,0.009617266341305365,0.0,0.010915375164918459,0.0,14,4.4319861632405105E-4,0.0,0.0,0.0013040006954440427,12,0.0,0.01251799800036609,0.0,0.0,0.0,0.0,0.0,0.009347765914869242,0.0013761230027241758,0.0,0.0,0.0,0.0,0.04698646305278918,0.0,0.004362979910732033,0.002134045854574902,0.0,0.0270548287094064,0.0,0.0,0.0,0.017917047888416207,0.0,0.0,0.0,0.010963061437049499,0.0,0.004901521799968094,0.0,0.0,0.0,8.143497725489698E-4,-0.012200314611420694,0.0,0.0,0.006637125201919829,0.0,0.0,-0.04400686677470848,9.851845622190604E-4,0.0,2.2060704657447913E-4,7.083956103564297E-5,0.0,0.0,0.1488173903619121,0.06017165630842198,-0.005305053584015673,1.5129414172945719,0.0,-0.11456476434322682,1.128082304,-0.12091995365595949,0.0,-0.009460014209228752,0.003393984127719251,0.012842775171934846,0.010754339292932251,0.02687495298338112,0.11542252167446161,0.0,5.665777676109121E-6,0.01605833048791186,5.5290111596391776E-5,0.10053789075598972,0.006904920317471208,0.004498614490804226,0.0,0.014482050393132582,0.12194473967547992,0.0,0.15816502086840586,0.4608124489649516,0.6316497286810553,0.0,0.0012948952969094633,0.0,0.0,0.006706071481814506,0.020042425568534,0.0,0.1488173903619121,0.0,0.0,0.0,0.0,0.0,0.0023706774028029558,0.0063235076541151404,0.0,0.0,0.005438109320841532,0.002427783828160556,0.0,0.0,0.0,0.0,0.0,0.0,0.0,0.0,0.0,0.0,0.029829926037882596,4.998628660433765E-4,0.006347982988060421,0.539568345323741,0.0,0.016451370148546442,2.5179856115107913,1.2589928057553956,0.0035292573054692437,0.0,0.0,0.001067819752888243,0.0021047492600143516,0.0,0.0,0.01632347850849951,0.0,0.01681697944044306,0.0,0.010864946095549182,0.0,0.0,0.017994077323905098,6.654676258992806,0.0,0.034030822920201674,0.0,0.0,0.0,0.08744511022556557,0.016451370148546442,0.0,0.1340925310886833,0.0,0.0,0.0,0.0,0.9966060158722806,0.9837632407003458,0.007694183462030556,0.0,0.9999999999999998,0.7409278752865135,0.6189831356110336,0.9568882877169648,0.0,0.49495557417452346,0.8414657660425032,0.0,5.665777676109121E-6,0.02189828057113319,0.46081811474262774,0.2782833428623343,0.0,0.02725280930612205,0.024391220772705245,0.01999107884727194,0.004458696215209597,0.012143089265945263,0.02702868725809458,0.15681297752952336,3.776978417266187,0.005324580687319483,4.496402877697841,0.07514392944120821,0.7194244604316546,1.618705035971223,0.0,0.0,0.0,12,0.0,0.0,0.0,0.0,0.8592905615375573,0.0,0.0016115652709092494,0.0,0.0,0.0,0.0,0.0,0.0,0.0,0.0,0.0,0.0,0.0,0.0,0.0,0.0,0.0,2.338129496402878,5.080680153771904E-4,0.7194244604316546,0.0012247785608743241,0.0,0.15875803750560014,0.0065579323068190665,0.0,0.022180612709119002,0.003155602086431942,0.047174822513867745,0.0,0.029426731249426866,0.0,0.015489515126146665,0.01638631992378322,0.0021047492600143516,9.592476922610443E-4,0.0,2.5262089860795254E-4,0.0,0.0,0.014076317622364228,0.0032502147633783826,0.003933612308494741,0.0,0.0,0.0,0.0,0.0,0.0177992050241572,0.0,0.0,0.0,0.0,2.914290605655031E-4,0.0,0.1391416714311671,0.0,0.0,2.2591828324077955E-4,0.08211355857679244,0.0,0.008161739254249753,0.1422929643400713,0.0,0.29197192850617526,0.0,0.014722132907257787,0.0,0.08208105828825205,0.0,0.0,0.0,0.010902807718116525,5.829396149107001E-4,0.0,0.0,0.0,0.0,0.0010543939354310489,0.3796548823364038,0.0,0.0,9.633094612721414E-4,0.0,0.007892925218780662,0.018841218195985946,0.0028002308428646287,0.0,0.0,0.042745106653925634,0.010721744688239962,0.0,0.0023263607793177292,0.07455438813398717,LiftAU
0.0,0.0,0.0,0.0,0.0,0.0,0.0,0.0,0.0,0.0,0.0,0.0,0.0,0.0,0.0,0.0,0.0,0.0,0.0,0.003436616456222354,0.0,0.0,0.0,6,0.0,0.0,0.0,0.0,6,0.0,0.0,0.0,0.0,0.0,0.0,0.03610046842856205,0.0,0.0,0.0,0.0,0.0,0.0,0.0,0.0,0.0,0.0,0.0,0.0,0.0,0.0,0.0,0.041312049889875115,0.0,0.0,0.0,4.338570806670508E-4,0.0,0.0,0.0,0.0,6.438579655564007E-4,0.0,-0.2549029825349143,0.010180420456921158,0.0,0.0,0.0,0.0,-2.3237826845452824E-4,8.286893002607486E-5,0.0,4.037573411896513E-5,0.0,0.0,0.0,0.0,0.0,0.6582005193883981,2.0860978863684125,0.0,-0.2768134051067926,0.684905984,-0.1407772600665685,0.0,0.01561893699343261,0.0,0.0011544377758466095,0.0,0.004484656893153457,0.01600644432659667,0.0,0.053395459562979905,0.0,0.0,0.045505433723420426,0.0,0.0,0.0,0.0,0.20514297891727395,0.0,0.13794951258949456,0.5363610762112345,0.9472524707198543,0.0,0.0,0.0,0.0,0.0,0.0,0.0,0.2122677601025824,0.0,0.0,0.0,0.0,0.0,0.0,0.0,0.0,0.0,0.0,0.0,0.0,0.0,0.0,0.0,0.0,0.0,0.0,0.0,0.0,0.0,0.0,0.0,0.0,0.91324200913242,0.0,0.0,0.0,1.82648401826484,0.0,0.0,0.0,0.001563280288333113,0.0,0.0,0.0011004161829571745,0.003729160493788243,0.0,0.0,0.0,0.007800037219816749,0.0,0.0,0.0,0.0,0.0,0.0,0.0,0.0,0.0,0.0,0.0,0.0035175683835105944,0.20370666429620865,0.0,0.0,0.0,0.0,1.0000000000000004,0.9988455622241538,0.0,0.0,0.0,0.932849027280983,0.727706048363709,0.9943609053310002,0.047210525116739156,0.0,0.9783544610044035,0.0,0.053395459562979905,0.01023869279640941,0.5897565357742144,0.33883847550413926,0.0,0.05335645370988171,0.0,0.0,0.0,0.0,0.0066847428866834225,0.07766880214223784,4.794520547945205,0.0,6.392694063926941,0.30292677678021096,1.5981735159817352,3.4246575342465753,0.0,0.0,0.0,6,0.0,0.0,0.0,0.0,0.9720197346575937,0.0,3.521079932148295E-4,0.026445992078782194,0.0,0.0,0.0,0.0,0.0,0.0,0.0,0.0,0.0,0.0,0.0,0.0,0.0,0.0,0.0,0.0,0.684931506849315,0.0,0.02222044271783258,-0.0015730498179066662,0.0,0.0,0.0,0.0,0.0,0.0,0.0,0.0,0.0,0.0,0.0,0.0022640920732407734,0.0,0.0,0.0,0.0,0.0037805423018064622,0.0,0.0,0.0,0.0,0.0,0.0,0.0,0.0,0.0,0.0,0.0,0.02272704934249657,0.0,0.0,0.1694192377520696,0.0,0.0,0.0,0.12058252516077865,0.0,0.0018645802468941217,0.0,0.01276632694026116,-0.3628214629468429,5.641542290801244E-4,0.0,0.0,0.0,0.0,0.0,0.0,0.0,0.0,0.0,0.0,0.0,0.0,0.0,0.9454913641979437,0.0,0.0,0.0010521137682973694,0.0470118833277935,0.0,0.0,0.0,0.0,0.0,0.0,0.0,0.0,0.0,0.0,LiftAU
0.0,0.0,0.0,0.0,0.0,2.8476400505703187E-5,0.0,0.0,0.0,0.0,0.0,0.0,0.0,0.0,0.0,0.0,0.0,0.0,0.0,5.14519495303196E-4,0.023318891244867135,0.04804070583900624,0.0,4,0.0,0.0,0.0,0.019325782091440407,4,0.0,0.0,0.0,0.0,0.0,0.0,0.0,0.002568778550522621,0.0,0.0,0.0,0.0,0.0,0.0,0.0,0.0,0.0,0.0,0.0,0.0,0.0,0.0,0.04322609724823292,0.0,0.0,0.0,0.0,0.0,0.0,0.0,0.0,0.0,0.0,0.37887999492244767,0.0,0.0,0.0,0.0,0.0,0.012367379579052432,0.004426673224367453,0.0,0.001568291705417071,0.0,0.0,0.0,0.0,0.0,0.7040947109093827,1.6168060708752334,0.0,0.23960555505548364,0.0,0.12439431471046297,0.0,0.027106926856859392,0.0,5.960765440342543E-4,0.0,0.0023542022873072484,0.008564706874000178,0.0,0.05790150073481599,0.0,0.0,0.03076648959693449,0.0,0.0,0.0,0.0,0.08177225124266808,0.0,0.512733022555486,0.3053117501647537,0.8504784886445887,0.0,0.0,0.0,0.0,0.007951247682257592,0.0,0.0,0.23208841801326602,0.0,0.0,0.0,0.0013352899195317074,0.0,0.0010475312460844167,0.0,0.0,0.0,0.0,0.0,1.508332316867671E-4,0.0,0.0056723785485383255,0.0,0.0,0.0,0.0,0.0,0.0,0.0,0.005933434824981913,0.0,0.0,0.672645739910314,0.0,0.0,0.0,0.0,0.0,0.0,0.0,6.294244527781849E-4,0.0,0.0,0.0,0.0010625474405449279,0.0,0.0,0.0,0.0,0.0,0.0,0.0,0.0,2.0046528700612323E-4,0.0,0.0,0.0,0.0,0.0,0.0,0.0,0.20836149717858607,0.0,0.0,0.0,0.0,0.9999999999999998,0.9994039234559655,0.0,0.0,0.0,0.9577185246977238,0.8759462734550557,0.9970497211686583,0.0,0.0,0.9884850142946582,0.0,0.05790150073481599,0.0,0.3632132508995697,0.32763971503253914,0.0,0.05308402456872986,0.0,0.0,0.0,0.0,0.0,0.0,3.811659192825112,0.0,0.0,0.0,1.345291479820628,2.4663677130044843,0.0,0.0,0.0,4,0.0,0.0,0.0,0.0,0.9789172937290948,0.0,0.0,0.0,0.0,0.0,0.0,0.0,0.0,0.0,0.0,0.005099617398471106,0.0,0.0,0.0,0.0,0.0,0.0,0.0,0.0,0.672645739910314,0.0,0.0,0.05561454420608511,0.0,0.0033239999724312065,0.0,0.0,0.08196959848407576,0.0,0.0,0.0,0.0,0.015487113444538651,0.0,0.0025035292689476077,0.0,0.0,0.0,0.03829958680148659,0.0,8.831689697036823E-5,2.594870188265534E-4,0.0,0.0,0.0,0.0,0.0,0.0,0.0,0.0,0.0,0.0,0.0,0.0,0.1638198575162695,0.0,8.696601360614593E-4,0.0,0.13037117543237703,0.011315446453714587,5.31273720272464E-4,0.0,0.0,-0.5157318456644076,0.0,0.0,0.0,0.0,0.0,0.0,0.0,0.0,0.0,0.0,0.0,0.0,0.0,8.285148999822355E-5,0.987826615808744,0.01150276665328397,0.0,4.5876167760252294E-4,0.0,0.0,0.0,0.0,0.0,0.0,0.0,0.0,3.3878276993483505E-4,0.0,0.0,LiftAU
NaN,0.0,0.0,NaN,0.0,NaN,NaN,0.0,0.0,NaN,0.0,NaN,0.0,0.0,NaN,NaN,0.0,NaN,0.0,0.0011056469323756566,NaN,0.0,0.0,4,NaN,0.0,NaN,NaN,2,NaN,0.0,0.0,NaN,NaN,NaN,0.0,0.0,0.0,0.0,NaN,NaN,NaN,0.0,NaN,0.0,0.0,NaN,NaN,0.0,0.0,NaN,0.062102528818452095,0.0,0.0,NaN,NaN,0.0,NaN,NaN,0.0,0.0,NaN,-0.08805758886234172,0.0,NaN,NaN,0.0,NaN,4.445751359275418E-5,5.164281592492298E-5,0.0,2.0860435554125224E-5,0.0,NaN,0.0,0.0,NaN,0.7146687720105412,1.8627743608830372,0.0,-0.11854051498175305,0.0,-0.060358648533042014,NaN,0.0057425197215913715,0.0,9.229542405057507E-4,0.0,0.0036380773388516733,0.014412405385980227,0.0,0.06326454753847204,NaN,NaN,0.046910291392493066,0.0,0.0,NaN,NaN,0.1678425937092614,NaN,0.2732042937299823,0.42980483666445357,NaN,0.0,NaN,NaN,0.0,NaN,0.0,0.0,0.0,0.0,NaN,NaN,NaN,0.0,0.0,0.0,0.0,NaN,0.0,NaN,0.0,0.0,0.0,NaN,0.0,NaN,0.0,0.0,NaN,NaN,NaN,0.0,NaN,2.3076923076923075,NaN,0.0,0.0,0.0,0.0,0.0,NaN,0.0014547442858929094,0.0,NaN,NaN,0.0,NaN,NaN,NaN,NaN,NaN,0.0,NaN,0.0,0.0,NaN,0.0,0.0,0.0,NaN,0.0,NaN,0.2422726424974117,0.0,0.0,0.0,0.0,1.0,0.9990770457594942,NaN,0.0,0.0,0.9341162716421694,0.7662736779329079,0.9954389684206426,NaN,NaN,0.9810265630346624,NaN,0.06326454753847204,0.0,0.4930693842029256,0.0,0.0,0.058241431755334847,NaN,NaN,0.0,0.0,0.0,0.0,5.769230769230769,NaN,0.0,0.0,1.5384615384615385,3.8461538461538463,NaN,NaN,NaN,5,0.0,NaN,0.0,NaN,NaN,0.0,0.0,NaN,NaN,NaN,0.0,0.0,NaN,0.0,0.0,0.0,NaN,0.0,0.0,0.0,0.0,0.0,3.076923076923077,NaN,1.5384615384615385,0.0,NaN,-0.2751194681907209,0.0,NaN,0.0,NaN,NaN,NaN,0.0,0.0,NaN,0.0,0.0,0.06211282849988069,NaN,NaN,NaN,NaN,NaN,0.0,0.0,NaN,0.0,NaN,0.0,NaN,0.0,NaN,0.0,0.0,NaN,NaN,NaN,0.21217473368570264,NaN,NaN,NaN,0.13559676432240977,0.0,0.0011606368101253488,0.0,0.0,-1.1681871813987668,0.0,0.0,0.0,NaN,NaN,0.0,0.0,NaN,NaN,NaN,0.0,0.0,NaN,NaN,NaN,0.0,0.0,7.852146927897727E-4,0.0,NaN,0.0,0.0,0.0,NaN,0.0,NaN,NaN,0.0,0.0,LiftAU
