xy_e_freq_m_4.69,xy_e_freq_m_1.25,z_freq_m_1.88,z_dwt_ar_-7,z_dwt_ar_-6,z_dwt_ar_-9,z_dwt_ar_-8,z_dwt_ar_-3,z_dwt_ar_-2,z_dwt_ar_-5,z_dwt_ar_-4,t_freq_e_3.75,z_dwt_ar_-0,z_freq_m_2.50,z_dwt_ar_-1,z_freq_e_3.75,t_freq_m_0.00,z_e_stddev,xy_e_freq_e_3.75,t_freq_e_4.06,z_freq_e_2.19,xy_e_stddev,xy_e_freq_e_3.13,z_freq_m_4.69,z_freq_m_3.75,xy_e_freq_e_1.56,t_freq_m_2.50,z_peak_stddev,xy_e_freq_p3,z_freq_e_1.25,mcr_t,xy_e_freq_p4,z_peak_mean,xy_e_freq_p1,xy_e_freq_p2,xy_e_freq_m_0.63,mcr_z,t_freq_m_1.25,zcr_z,z_freq_m_0.31,xy_e_freq_e_0.31,t_freq_e_0.00,xy_e_freq_m_1.56,xy_e_freq_m_2.50,z_freq_m_3.44,xy_e_freq_m_2.19,z_freq_e_1.56,z_freq_e_0.31,xy_e_freq_m_3.44,z_freq_m_4.06,t_freq_m_4.38,t_freq_m_1.56,z_e_mean,xy_e_freq_m_1.88,xy_e_freq_m_4.38,xy_e_freq_e_0.63,t_freq_e_2.50,t_freq_m_3.13,z_freq_e_2.81,t_freq_m_0.63,t_freq_e_3.44,t_freq_e_4.69,corr_z_e_xy_e,z_freq_e_4.38,t_freq_e_0.63,xy_e_freq_e_2.19,z_dwt_avg_-5,z_dwt_avg_-6,z_freq_p4,z_dwt_avg_-7,z_freq_p3,z_dwt_avg_-8,t_freq_e_1.88,z_freq_p2,z_dwt_avg_-9,z_freq_p1,z_freq_e_3.44,z_freq_e_0.94,z_dwt_avg_-0,z_dwt_avg_-1,corr_z_xy_e,z_freq_m_0.94,z_dwt_avg_-2,z_peak_d_mean,z_dwt_avg_-3,z_dwt_avg_-4,z_dwt_norm_-8,z_freq_e_4.69,z_dwt_norm_-7,t_freq_e_2.81,z_dwt_norm_-6,t_freq_e_4.38,z_dwt_norm_-5,xy_e_freq_m_0.31,z_dwt_norm_-9,xy_e_freq_e_4.06,z_dwt_norm_-0,z_freq_m_2.19,xy_e_freq_e_4.69,z_dwt_norm_-4,t_freq_m_3.75,xy_e_freq_e_1.88,z_dwt_norm_-3,xy_e_freq_e_3.44,z_dwt_norm_-2,z_dwt_norm_-1,t_freq_e_0.31,xy_e_freq_e_0.00,z_mean,z_freq_e_2.50,xy_e_freq_m_2.81,z_freq_m_0.00,z_freq_m_1.56,xy_e_freq_e_2.81,t_freq_m_2.19,t_freq_e_1.25,xy_e_freq_m_0.94,t_freq_m_4.69,xy_e_freq_m_3.13,t_mean,t_freq_m_0.31,z_freq_e_3.13,z_freq_m_3.13,t_freq_e_2.19,t_freq_m_0.94,t_stddev,xy_e_mean,z_freq_m_2.81,z_peak_d_stddev,z_freq_m_4.38,z_kurt,z_freq_m_1.25,t_freq_p1,z_freq_e_0.63,t_freq_p3,t_freq_p2,z_freq_e_4.06,z_freq_m_0.63,xy_e_freq_e_1.25,angle_mean,t_freq_e_0.94,t_freq_m_2.81,t_freq_e_1.56,z_freq_e_1.88,xy_e_freq_m_0.00,xy_e_freq_e_0.94,xy_e_freq_e_4.38,xy_e_freq_m_4.06,t_freq_m_3.44,z_freq_e_0.00,angle_stddev,xy_e_freq_e_2.50,t_freq_p4,t_freq_m_4.06,xy_e_freq_m_3.75,t_freq_e_3.13,t_freq_m_1.88,z_stddev,label
2.3775694056894198E-4,5.081739297627582E-4,0.01905611436025439,1.0,0.9974867800464948,0.0,0.0,0.9187666221061124,0.7679382350005536,0.9879053054016972,0.9509806235127732,0.001007506736876124,0.4328354311303106,0.014466847134942678,0.5712403799035363,0.0010048133717005996,0.22617981022406147,0.023361037051162586,0.013325570643007467,3.9599271885754913E-4,0.018282252295094337,8.168898781099956E-4,0.016060544696262797,6.0318690282374E-4,0.005113749141921627,0.09406553685999776,0.016694842007727077,0.2371460307890811,4.838709677419355,0.00299202261164717,6,0.0,0.09071615224965603,1.6129032258064515,2.620967741935484,2.757487471958795E-4,5,0.014195652052194033,5,0.06421072379204633,0.014962035005296704,0.8133661875313332,5.081739297627582E-4,4.321254168748968E-4,0.005113749141921627,4.321254168748968E-4,0.009755343715439123,0.14637267729002193,9.601926034646894E-5,0.0012251259277895835,0.003230687310839831,0.014195652052194033,0.01885131616866252,2.1620851838792987E-4,2.3775694056894198E-4,0.027029690291677892,0.006907844002115812,0.008011877156578303,0.009142681748828749,0.021931677231114412,0.0010071368432526713,1.5482371325901034E-4,0.055558349653027556,3.5380885352453124E-5,0.011260600442851059,0.06170239064689107,0.007255477445201412,0.002604731724158712,0.0,9.228307512556843E-4,0.0,0.0,0.007590009656918022,2.217741935483871,0.0,0.6048387096774194,0.0013888284994057268,0.006476974699035444,1.0673948089683662,0.6035864668307978,-0.18514591838750172,0.015113090231165619,-0.06288650019782066,2.276000256,0.039429229868056005,0.04051944903288323,0.0,1.8607749314456762E-5,0.0025132199535052332,0.004536509922651817,0.009581474644797574,2.6195101058213035E-4,0.03692468188892395,2.056536276087989E-4,0.0,0.02735621020749732,0.4328354311303106,0.01905611436025439,0.01600264187609102,0.03221400140666088,0.005812923553737155,0.025691960209502752,0.15082838710555882,0.0028111581276591036,0.19669785509701726,0.13840494877322565,0.12213697592118428,0.42574296098440356,7.512263195585221E-4,0.010853266882003885,2.4041090912001675E-4,0.16961530645816789,0.018172924286359755,0.0426405296463071,0.016694842007727077,0.0047056109908672995,2.757487471958795E-4,0.002759968397777319,1.9958691117915028E-4,0.11308990511203079,0.08318416650504315,0.003193903077405914,0.008905208829480614,0.009637626561157433,0.021931677231114412,0.08189217344841314,6.172968962385461E-4,0.01412436205070208,0.0,8.837306928466715E-4,-0.47357894113816723,0.011040339811169114,0.6048387096774194,0.032905611229233626,0.0,2.620967741935484,5.976634599979218E-5,0.03531646816220485,0.0935657222340372,7.081770251690978E-4,0.010288568703931729,0.011531023710204454,0.005221868761908014,0.020876397090814264,0.0012345937924770922,0.034698175440307635,0.028689949019308894,2.2628048239365262E-4,0.005812923553737155,0.7366414725087024,0.00159414317147252,0.07565492411175158,0.0,0.004222477131050509,2.2628048239365262E-4,0.0015207864822540554,0.016009015904331146,0.1375756906615037,LiftAU
0.002481715842133145,0.0057140081043913,0.023552431466235348,1.0,0.997509227247839,0.0,0.0,0.9104998538854459,0.822515659884782,0.988183805668122,0.9477326647416225,0.006280494943941467,0.33034519959973657,0.028186093624470002,0.4319466267313712,0.0017562585619354848,0.3860587836824001,0.022969567750941226,0.035376677529706864,0.0022637124614917977,0.014133560413121075,0.024936371413364248,0.028563363404030078,6.376953168889697E-4,0.008040351867048665,0.008002889062169548,0.04258141363105346,0.13927487997777235,4.444444444444445,0.008122956724937984,18,0.0,0.1126086940632679,0.6666666666666666,2.6666666666666665,0.011238978576457353,8,0.009950284661394674,10,0.06105266558602672,0.10094163466492177,0.8891007039667318,0.005112884247909702,0.011431698435892488,0.0200919850598852,0.011431698435892488,0.0045510094007313795,0.07537880657207256,0.007698524438808795,0.002054434402137979,0.015572062122343784,0.02286950845900784,0.025162392997479414,0.005112884247909702,0.006939543623159139,0.08270005217128208,0.014543165103745072,0.02408877692618469,0.031619077106000607,0.03480402014375677,0.009299940141192686,8.78138015606899E-4,0.18366714703825215,4.2260447687772526E-5,0.014142837679976093,0.04182913193565193,0.00689898722146282,0.0025229163518951684,0.0,8.970067743056739E-4,0.0,0.0,0.003773241590015572,3.111111111111111,0.0,0.8888888888888888,0.008538273699168332,0.009258983066417948,1.117725627092876,0.6198707055137842,0.12523517734761044,0.018291172282100348,0.354671190700237,1.077718099,9.158759532709795E-4,0.0661711809672771,0.0,1.1687510763548492E-5,0.0024907727521611125,0.0054885466044209035,0.00932542157971687,0.0022225185508698304,0.040451140926499506,0.012485308709573985,0.0,0.021087744993110582,0.33034519959973657,0.023552431466235348,0.0029576091417626784,0.03723281085617665,0.02587078486786994,0.013762677461203262,0.08798419400066383,0.04390080878090569,0.3905690331534109,0.10160142713163461,0.026726098249403443,0.4391934208464467,0.007799891621182952,0.023950960930361576,0.01007097758169021,0.20430789451147102,0.016360132883078735,0.04833792643319296,0.04258141363105346,0.0014421742610477523,0.009377448901631436,0.010105896806726045,0.007549461154210584,0.19302939184120008,0.05261777033430702,0.01570363926720414,0.0228313703814151,0.01122000962559539,0.024260323348417975,0.08320825816461846,0.01899079572510819,0.028186093624470002,0.4331344812871354,0.0011850533872945312,-1.2275028126442866,0.016360132883078735,0.8888888888888888,0.017775987768968295,3.7777777777777777,2.6666666666666665,1.0701398942179117E-4,0.026040054513963597,0.01247355659615343,0.0019254855857160358,0.004539259325888483,0.020225121444310056,0.0033188990978445456,0.012958583427737981,0.037981591450216394,0.03509725138522212,0.01765392751624717,0.006939543623159139,0.02587078486786994,0.7760909411134695,9.795770552812409E-4,0.06812132807799316,0.0,0.015572062122343784,0.007698524438808795,0.004760260382228218,0.02286950845900784,0.15878795672272508,LiftAU
0.0,0.013882821700210027,0.012757870123358538,1.0000000000000002,0.9978623120162624,0.0,0.0,0.9150654593429451,0.8539810467266188,0.9899359099199327,0.976269463092765,0.001694953130338771,0.022091855424389305,0.040892043563557585,0.755053599897763,0.002702327056261223,0.48910513505857733,0.04818084785450986,0.020050892533172656,0.0025085847810691632,0.009216732242070666,0.026570810408905465,0.03556888482273819,0.0,0.02256618899816253,0.014130318738745465,0.03313331915885512,0.3515819879856707,4.666666666666667,0.003880448882024352,8,0.0,0.08956367942552831,1.3333333333333333,3.3333333333333335,0.017600645044473402,1,0.04447923827688886,1,0.3041062390027637,0.09676864965189463,0.8488616066593541,0.00587349333726934,0.004735692352169609,0.02636479840995079,0.011364401710307217,7.642888413025483E-4,0.4701363201528787,0.008309842966354302,0.005363080655460461,0.0,0.006420596185434759,0.04977964485514205,0.011364401710307217,0.0,0.08660001492814738,0.0039774526592075265,0.034699067473076654,0.006947543160340776,0.12427823588169172,0.0010462660290925224,0.0,0.010589850230698594,0.0,0.056440247436249404,0.0352518489972989,0.012035992027359534,0.0040324267648547485,0.0,0.0014123722977348152,4.0,0.0,1.4720321241914385E-4,2.6666666666666665,0.0,1.3333333333333333,0.006049322409375076,0.004781289318923547,0.3969621225662603,2.286512747476001,0.04161069653354862,0.02538171041166589,0.1511641454465381,1.512237549,0.08479035919419105,-0.030665372922201783,0.0,0.0,0.002137687983737691,0.008152782976076394,0.007926402096329567,0.0,0.013666446827167781,0.017600645044473402,0.0,0.03334605846493484,0.022091855424389305,0.040892043563557585,0.0,0.061204003749819956,0.016851267722306988,0.03730789523722418,0.06108441261632624,0.03104078733189522,0.09892744682885586,0.7329617444733737,0.056270493528260086,0.46030697495016976,0.013886401978161747,0.009098945547367758,0.009356557156759801,0.3041062390027637,0.011327483125643821,0.026929078731981512,0.005016972298289844,0.007153217835413511,0.013882821700210027,0.0,0.009356557156759801,0.24455256752928856,0.12427823588169172,0.009739246201713925,0.035268188254607556,1.6842558063197E-4,0.04447923827688886,0.10596529991730154,0.021180100584678473,0.035268188254607556,0.0,0.0,-1.1311498505061424,0.02538171041166589,1.3333333333333333,0.007155789729690277,0.0,3.3333333333333335,1.9018562998354861E-4,0.03342096712490929,0.05564248644280038,0.0026496100974386302,0.008743276304761172,0.034699067473076654,2.1393555562450827E-4,9.373365384633625E-4,0.042360201169356924,0.0579377245075992,0.0,0.011106204630770906,0.013949365676183162,0.4684002242896043,0.0019421838655911724,0.009118384661397737,0.0,0.02059864324756561,0.008309842966354302,0.004621554311501817,0.004731063864742205,0.22342696814816732,LiftAU
0.0037412684759504443,0.005986580480601618,0.008699496635982053,1.0,0.9993436269093744,0.0,0.0,0.9403448377362792,0.8837996753764726,0.9967710278357673,0.9878334230321912,0.002261418944100637,0.5004250343161195,0.0077898231250196825,0.5328294328282721,0.0011134068672444882,0.2848515131564932,0.02310749198252028,0.024323981219686694,0.0026341651427337813,0.0021784914219851433,0.018258552649477518,0.010135260798925289,3.628873076133396E-4,0.0067325990127520855,0.018368182693329464,0.009003650999024452,0.18847057992205174,4.424778761061947,0.006598503678875403,6,5.530973451327434,0.05139158280504799,0.6637168141592921,1.5486725663716814,0.009571922850189511,4,0.01626337145955177,4,0.05275555240514736,0.20039038391720485,0.7956782841294082,0.003947858261928086,0.0016806420930360016,0.0067325990127520855,0.002607177955896487,0.0026548092482147293,0.09824039330020867,0.0033287203889286352,0.001197298434106953,0.011020166611964364,0.013597352382771351,0.021003468162397454,0.00291747703430711,0.003873910204290982,0.17192399483335502,0.0011576576985945707,0.004410636274726711,0.0019751244775660535,0.06028794770907234,0.0016063051656320592,0.0016036578246605962,-0.188278784871838,1.7075198221037886E-5,0.06381314312737392,0.008983187316456387,0.0031560991361062668,0.0011370686213410509,0.0,4.0347793064825894E-4,0.0,0.0,0.0012060677437816412,0.0,0.0,0.6637168141592921,0.0013927924937259949,0.007595441684444465,1.1435150297218086,0.29098750819363595,-0.14780043285079558,0.013241237520005451,-0.2117407514054401,1.2872161865,0.0447475245633012,0.026900570536946278,0.0,5.823622901082798E-6,6.56373090625542E-4,5.921647051893665E-4,0.002572599073607001,0.0026547731214846045,0.008937604803576148,0.009668767724033744,0.0,0.03123683693310294,0.5004250343161195,0.008699496635982053,0.025224705584549215,0.04748858529591209,0.011278200534439684,0.013386030039660768,0.05654516235980656,0.020058898778851503,0.35097024254820053,0.03240439851215263,0.11060613334720608,0.2798257894321473,0.0017858371283292563,0.002306363877820294,0.0024559097928848798,0.19128486814393672,0.010063257245359442,0.00868408506175096,0.009003650999024452,0.005556953407612459,0.007492660022976748,0.00893529354420996,0.0026953620951800056,0.1424257565782464,0.07357123796446138,4.1993613439948014E-4,0.0038318295238031347,8.339506715705308E-4,0.017734201593690838,0.08427009194809919,0.00635165403339002,0.0077898231250196825,0.12690719547254034,6.73744694006937E-4,-0.8037831058881437,0.013241237520005451,0.6637168141592921,0.0735538725498024,0.0,0.0,4.452659435185523E-5,0.05275555240514736,0.05913546429754218,8.426060321586365E-4,0.006746587534876765,0.006652540561663321,0.0028131175381942747,0.002256309715101493,0.012703308066780031,0.09004811391287106,0.03210332115553643,0.003873910204290982,0.011278200534439684,0.7996471291351371,7.54781894675789E-4,0.006171764025029732,0.0,0.011020166611964364,0.0035861326459659055,2.3561989758065036E-4,0.011027643044507946,0.1452364056332001,LiftAU
0.0019511006521740434,0.0026620989138841705,0.00896018046126198,1.0,0.9993860871855159,0.0,0.0,0.9697301975772814,0.8843949041875935,0.9970092042173015,0.9905777336235299,0.002389075339143338,0.5609145321548538,0.006281602470359421,0.5686501123898872,0.003272022978174417,0.2647585674847314,0.0222787629810093,0.05171221548471665,0.001210984522720557,0.001962993368180524,0.010091218230461179,0.0373547644466661,5.978952556524273E-4,0.012027322047733793,0.06936630670591253,0.015551442702657283,0.19174399959782368,3.110047846889952,0.0031888832962370527,9,4.0669856459330145,0.1490809991576987,0.9569377990430622,1.9138755980861244,0.0040784214898065664,6,0.009572302632904773,4,0.058680476809182126,0.05512793184697314,0.8371299832883252,0.003319948742361899,0.0031767019745591396,0.012027322047733793,0.002912547739182849,0.0016339315423214203,0.0841559931351612,0.0022504540446052906,0.0018778412840580792,0.004739609306080021,0.01404665993139005,0.020386682188797703,0.003319948742361899,0.00143930953512858,0.10257853126499897,0.003951961777284046,0.014912334417103733,0.0014111563554376635,0.031068115072442677,0.0037443800702608833,7.795846465167471E-4,-0.13921116092387137,2.0796201460686473E-5,0.015567999277123523,0.042380911147733825,-3.3179571870781046E-4,-6.656938389863499E-5,0.0,-2.00586690176473E-5,0.0,0.0,0.0035998805066020084,3.827751196172249,0.0,0.7177033492822966,0.005318701594200979,0.006243035801910958,1.1526026737014496,-0.13535606624724628,-0.19756847904837035,0.010920026183466774,-0.09916658020462432,2.799621632,0.01865184702823611,-0.008953911577647236,0.0,1.670801258233376E-5,6.139128144840354E-4,0.00225593967157941,0.002376882968214342,4.31972313253858E-4,0.00643147059377162,0.0036271884304126495,0.0,0.04750167900449658,0.5609145321548538,0.00896018046126198,0.024445353424870826,0.02084753604624841,0.01161300342968175,0.07141015143789531,0.08533529338968805,0.02254511940985616,0.31574479179770626,0.007735580235033462,0.10528626496872705,0.2169398104992518,0.011556468634190985,0.0014894085862775883,0.0031767019745591396,0.1894783687146452,0.007479520255931212,0.06992689489921353,0.015551442702657283,0.0012670417013053877,0.0040784214898065664,0.005418357516714714,0.0030584346919702208,0.13237928374236566,0.09842162678290088,0.0022751388775753213,0.009904729066742057,0.0036352798077544427,0.031068115072442677,0.08076101685978143,0.003628727042324865,0.006281602470359421,0.0,7.692314059268966E-4,-0.8023240441126176,0.009466053012068175,0.9569377990430622,0.07972223379046127,3.588516746411483,2.6315789473684212,1.1566674062690784E-4,0.058680476809182126,0.030163023257371194,0.007622055912259223,0.012120024968756336,0.008946240378033068,0.0034599083525108823,0.002167238891570026,0.007257454084649731,0.08029650248981547,0.01058067392819897,0.0030047712748402424,0.014912334417103733,0.8070060908278219,0.01048874939243903,0.0676701307520288,0.0,0.007631186813125284,0.0030047712748402424,0.003169718788136233,0.01404665993139005,0.14265518230992272,LiftAU
2.4360189884923276E-4,6.276476591808037E-4,0.010806477534977535,1.0,0.9988583555062993,0.0,0.0,0.9337557692271994,0.9037587084182978,0.9945156891151675,0.9799096395106817,7.809073668865293E-4,0.5336021086379719,0.009036840594848872,0.5859755214761504,0.0017758607805728787,0.2623749227369531,0.02326175816266907,0.029088639712573333,5.179929646237555E-4,0.0017131502909283577,0.0021495134870101657,0.014178595173387765,5.594777533579806E-4,0.009109117962014534,0.04585441942744218,0.007808169673065095,0.23387099370733164,2.8846153846153846,0.002752586712164363,8,3.8461538461538463,0.09957394444645955,0.9615384615384616,1.9230769230769231,0.001027947509921042,4,0.005095242153258563,3,0.05426773521759678,0.05868961732322825,0.8497536867435521,7.681928859448534E-4,7.351379171694082E-4,0.010962771743621568,7.351379171694082E-4,0.005015755944252676,0.06569225820719055,7.879662235210799E-4,5.328195724907834E-4,0.0022028934255303367,0.01322013125536312,0.021317687111523223,7.681928859448534E-4,4.652242850180021E-4,0.06234769207793868,0.0011372733269739868,0.012463670261110648,0.0036083863638255043,0.039615693971439526,7.599310347214986E-4,5.42368533392002E-5,-0.19067376728131027,1.2699269632594025E-5,0.01892955539740745,0.028374187285643206,0.003932099369063115,0.0014018011743174364,0.0,4.966336089963533E-4,0.0,0.0,0.0027553544742502426,0.0,0.0,0.7211538461538461,0.004332198335371751,0.008988763436075993,1.1349628467038064,0.3555726217707123,0.1931455783926216,0.013170014759426814,-0.17686685681626518,1.551025408,0.002207183125200289,0.021771048420352553,0.0,1.97933809480027E-5,0.0011416444937008131,0.002898419968279541,0.004342666391131706,7.898789206281154E-5,0.014606049604485843,0.0012175735407452108,0.0,0.01399131286030146,0.5336021086379719,0.007667307365320415,0.004604614128299099,0.04615387028348228,0.005692873873356834,0.03935104328382594,0.02999706080890164,0.025304786554380794,0.3177831869421473,0.052373412838178604,0.09786834876358462,0.5192424271486129,0.006148733514109552,0.002200982489426633,6.759661440091741E-4,0.1958600657975867,0.010806477534977535,0.029106047129193454,0.0065860513687516905,5.425579609838419E-4,0.001027947509921042,0.0015473569166335529,4.4020710528659327E-4,0.13118746136847667,0.09405195786774903,0.004429750799245512,0.010962771743621568,9.155973990661036E-4,0.039615693971439526,0.07655981951280245,0.0017256890362506048,0.009036840594848872,0.0,5.582431513443209E-4,-0.8296033261503961,0.009043134906741392,0.9615384615384616,0.07004451465265321,0.0,2.1634615384615383,1.2513892585637355E-5,0.05426773521759678,0.019279025328685768,0.003338943411933128,0.017733619895039618,0.012463670261110648,0.002595488848557266,0.005260630014914226,0.0034513780725012096,0.06356959064586681,0.009789237182333257,4.652242850180021E-4,0.006383415545665833,0.824140155430212,0.0019043291996160984,0.03722876473828735,0.0,0.005692873873356834,7.879662235210799E-4,0.0026780411106715227,0.01322013125536312,0.14622818312917468,LiftAU
3.6211364629936625E-4,7.156346484119375E-4,0.016644639164394348,0.9999999999999997,0.9992879758036429,0.0,0.0,0.9515431804756284,0.8288525663365854,0.9965014288483268,0.9845233913695995,1.1702637854928037E-4,0.015616447067700467,0.012271088053849718,0.6846132671656711,4.584215384712913E-4,0.3906389009975862,0.05509871870838341,0.010584261386889532,7.418501393146641E-5,0.002100358882466834,0.0017247049593312103,0.04377857192383464,1.559732985229251E-4,0.007263296190615283,0.019291944355020466,0.01937871807031211,0.17352540683557277,0.0,0.01687735610087959,6,0.0,0.25743951629318346,2.0,3.5,3.9728182525840104E-4,4,0.01744667858835483,4,0.20698902358412372,0.036736584709727994,0.8346306061553158,7.44278436619247E-4,5.628252691785857E-4,0.007263296190615283,5.628252691785857E-4,0.002552317831955294,0.29180856633850255,0.0010495924942139367,2.0753696260689524E-4,0.003337617222696824,0.01232769689401773,0.05015281028769198,7.44278436619247E-4,3.6211364629936625E-4,0.008073703229852092,0.002527844814523095,0.018529091486197944,0.002067752359814367,0.106170301547757,0.001767668136888677,2.2863716519801793E-4,0.14663759104185253,3.469973501272487E-7,0.06324000289110165,0.02559561062398578,0.006375253367323088,0.002285922385379421,0.0,8.104091081598027E-4,3.25,0.0,0.002056180918064946,2.25,0.0,1.25,4.955156092250064E-4,0.020070575595324453,0.3789463752784019,2.480268326434655,0.33353264229027785,0.0342750054809565,-0.06204250384447357,1.421020508,-0.005803936980039698,0.020168739405989573,0.0,4.925643246417339E-7,7.120241963567319E-4,8.18839891237153E-4,0.002786546955316158,5.741155545103868E-5,0.011978037478727312,9.676848922499944E-4,0.0,0.008448711956827058,0.015616447067700467,0.016644639164394348,0.009088518611009495,0.032980210893971316,0.0038054366710385213,0.024783189435271614,0.12269061413904295,0.040286233770279456,0.14423929917091433,0.6689968200979707,0.0747392517825676,0.6848104335737932,0.0077826146718952575,0.001242911570941558,4.4984134174344846E-4,0.2304790882052907,0.018120254233086074,0.011532582448893847,0.01937871807031211,0.0030292443151205984,7.156346484119375E-4,0.004531551327696205,0.0010495924942139367,0.195319450498793,0.106170301547757,0.0010841866069742465,0.012425457916245115,0.0037702634537664093,0.03642434942697494,0.11945449430628502,0.0021949067843789263,0.012425457916245115,0.0,1.6386204493891104E-4,-0.8444959311629958,0.0342750054809565,0.75,0.006736289577643955,0.0,3.5,4.740838921246677E-7,0.028272066079320847,0.022596202481280345,0.0012683348303985564,0.009279989415249705,0.012368657491223532,0.001171615681732383,0.002204498992862615,0.004389813568757855,0.024676610559283607,0.005567982191060331,4.657602078432526E-4,0.018529091486197944,0.6522999353493715,0.0012366808546069973,0.024148858742990463,0.0,0.0038054366710385213,4.657602078432526E-4,0.0024912324313024013,0.016051994269087853,0.22437459972458693,LiftAU
1.7274783127441153E-4,7.804245146536135E-4,0.007171714779102603,1.0,0.9994607655847415,0.0,0.0,0.9589691155969147,0.8461149204326022,0.9973275601626076,0.9889699867122376,2.2653528116598935E-4,0.025640017711069288,0.006076235611684453,0.6125427073855788,1.7514320693328144E-5,0.3503846916740459,0.05458880513204409,0.006706182683457422,5.851027152340295E-5,3.1490431605308444E-4,0.0016822481559798591,0.034919547038739736,2.8762083461801336E-4,0.0010273348084047342,0.037389094729155484,0.009271123257550773,0.0,0.0,0.001224362652634784,4,0.0,0.0,1.7777777777777777,3.3333333333333335,6.518648969702072E-4,1,0.010490984828510833,1,0.17632044192698812,0.05554762346747845,0.8352733656426697,7.804245146536135E-4,3.14997066357595E-4,0.003747661332882238,3.6424189907470635E-4,0.0014025740718579878,0.2720032853876724,6.252580779130927E-4,5.650845943599898E-4,0.002824349509898292,0.011734034971533067,0.04486132690327409,6.877838905302232E-4,1.7274783127441153E-4,0.029964589212522545,7.751983677761733E-4,0.005641043354853366,7.635900613540794E-4,0.09607689385251046,2.2932617720766913E-4,2.299996220777151E-5,0.33360345132098335,2.8222348043009782E-6,0.06805770636397032,0.011411446998057405,0.010247639190790515,0.003562148905076336,0.0,0.0012559175103666964,0.0,0.0,0.001504722770519872,0.0,0.0,0.6666666666666666,1.2833223122196713E-4,9.849108896474669E-4,0.49347766519903813,2.3609750127354205,0.4473931933152987,0.009624348878176843,0.13176717069250382,0.0,0.0805132018139765,0.025067762832290987,0.0,1.204901466900863E-6,5.392344152584991E-4,8.873064727510875E-4,0.002133205422133798,4.7718518620770176E-5,0.008357573450370111,8.878944891814578E-4,0.0,0.001541753682252842,0.025640017711069288,0.004468964629470516,0.0015612828527896386,0.03000087111532289,0.005227173798465159,0.02432781861847723,0.11285419516431262,0.020168222373572738,0.23357221304702339,0.5869026896745094,0.08901804581220664,0.6858429987499811,3.562172513883906E-4,4.7940228970119844E-4,7.87202763744211E-4,0.23576681758569368,0.011058301026151926,0.026270562989620147,0.008225926242190136,8.62338547013683E-4,5.725745372182247E-4,0.001976607967259398,7.87202763744211E-4,0.175192345837023,0.09607689385251046,5.588305819547141E-4,0.007427682786150549,7.747507910352561E-4,0.010490984828510833,0.1280317095532089,0.0021502959270505847,0.007427682786150549,0.0,3.977605978922863E-4,-0.5283539864348348,0.011058301026151926,0.6666666666666666,0.021746053364047075,0.0,0.0,4.732450874033604E-6,0.04907214472038986,0.036461329127293815,8.206626829556841E-4,0.0011111902894316017,0.009271123257550773,9.507861688016604E-4,5.689205238117659E-4,0.004300591854101171,0.017073278206599176,0.002526843660891789,1.6460688487608503E-4,0.005227173798465159,0.699798559722205,8.315271656478318E-4,0.008287425609110673,0.0,0.002824349509898292,3.700805181862562E-4,1.9949856309857088E-4,0.011734034971533067,0.21227687869121686,LiftAU
7.217076325003639E-4,0.0011062040966077662,0.020764226914136458,0.9999999999999999,0.9987124829479834,0.0,0.0,0.9349260630596148,0.7509499426498772,0.9936833579078268,0.9752953282237143,2.604340665397176E-4,0.05660868638174947,0.006570095493648419,0.6206921740115817,6.083526688763632E-4,0.34913348255636967,0.05393664685549304,0.034053483908279836,1.5857393217759698E-5,0.002686315814615108,0.002218407411197146,0.012263254785796766,6.383809522827737E-4,0.008058424907493417,0.014095563089281282,0.01484591276150876,0.08806086327265772,5.05050505050505,0.021758601865591545,6,0.0,0.31328799942218544,1.0101010101010102,3.787878787878788,0.0011266886476819734,2,0.039625885395846334,4,0.14624632259029732,0.05175038496894382,0.819844089298299,4.7930425631051877E-4,3.643693124173067E-4,0.009271237862049975,3.3086499591575296E-4,0.01034036985772798,0.2228103189622038,6.270602351604747E-4,0.0011790873974454493,0.0017257708655001901,0.022799053538790484,0.04452796224334751,4.7930425631051877E-4,5.338104036213887E-4,0.08260438854414492,0.0020421063872430438,0.013190569575572379,0.003159209083404873,0.06922160673105286,0.001267345936861144,9.757061113967431E-5,0.014447956347062498,8.984129216952345E-6,0.05067746671088955,0.012148710487705532,0.006402038242135099,0.002312803107418064,0.0,8.196580398921234E-4,0.0,0.0,0.00390956339027142,3.282828282828283,0.0,0.7575757575757576,0.001307507671998348,0.02300548435016122,0.6687524508666688,2.1110355237683156,0.04684448715026845,0.03184886951491882,-0.27987883842071004,0.604217344,-0.09419824109017572,0.053474409598708916,0.0,7.2222381331369485E-6,0.0012875170520165204,0.001628448237317109,0.005029125040156594,2.4632592717511957E-5,0.018388029684112538,9.213475610304743E-4,0.0,0.02462442764186063,0.05660868638174947,0.016585783643119967,0.04104862285274653,0.040369265164099506,0.005180569508379618,0.013123267583347488,0.18397612040973765,0.028566633402484932,0.13025776863829544,0.5640834876298323,0.05993538740738455,0.4737206953184138,0.0049228923595427245,6.641025609210696E-4,3.643693124173067E-4,0.23907121157102312,0.02862789071236829,0.009414798230232587,0.01224895176759067,0.015781854024267176,0.0011266886476819734,0.002846437023483083,4.536638339864698E-4,0.1745667412781849,0.07400827166469655,0.003617750653260474,0.018751682953085217,0.001631416791149297,0.06237824448145065,0.12540202561116306,0.0015918303787250758,0.018751682953085217,0.0,8.240972367249993E-4,-0.587658947601974,0.03184886951491882,0.7575757575757576,0.054005543177597086,3.0303030303030303,2.0202020202020203,1.710884384030936E-5,0.07457758165309476,0.06330438712753009,0.002403243343018065,0.03580095234075045,0.01484591276150876,0.005725304028700795,0.005838924331390269,0.0031836607574501513,0.10766923106498685,0.01845095409235032,5.886559108442118E-4,0.013190569575572379,0.6501642037910614,0.0011715755653298903,0.013161196901894668,0.0,0.0012144183055737225,6.270602351604747E-4,0.0013575707832517807,0.022799053538790484,0.21149381697751374,LiftAU
8.684189222182129E-5,4.840007683359934E-4,0.02246642026378574,1.0000000000000002,0.9990154172339009,0.0,0.0,0.9336804437189125,0.820495081071152,0.9951519108969431,0.9818767465061019,3.0162657025039794E-4,0.05092491242693363,0.012583448300011365,0.3693962538020522,0.0013745760781392784,0.31985638001543115,0.055453085135791065,0.022929468415109858,1.1545013212174272E-4,0.002106928283368613,9.258167548920324E-4,0.003910795026148886,2.832633970438294E-4,0.011740905392947507,0.03644282939619816,0.011376540380356239,0.09506202091630744,4.222222222222222,0.01892981235943099,6,0.0,0.3144591591248656,1.3333333333333333,2.6666666666666665,3.734588464085629E-4,6,0.03497939259988848,6,0.1532673550974975,0.060411148515336306,0.7768779202156929,3.9248310345607064E-4,4.500353592851922E-4,0.011740905392947507,4.500353592851922E-4,0.007287734719076173,0.2766856175693121,1.9491938058633195E-4,0.001014347419229271,0.0030990887088988023,0.023103678442507502,0.04193153370500865,1.9739774791595408E-4,1.3207505615925097E-4,0.048767734759886786,0.0013839438288245588,0.011792348963029874,0.0010361605589729096,0.0778213318278586,0.0011864762100037838,2.1148568832992663E-5,-0.10996356878600055,4.486431804447684E-6,0.07970864022966491,0.045540969941446505,0.001830207484361402,7.276497583372401E-4,0.0,2.6317476400121887E-4,0.0,0.0,0.0031861301978141467,1.5555555555555556,0.0,0.6666666666666666,0.001408552863646525,0.028031012097118772,0.6582953656241357,1.6462312093734566,-0.11496191565273003,0.03881641856347159,0.07180272320876147,0.619384766,0.0984683542500148,-0.012408963594600739,0.0,1.0515734507363057E-6,9.845827660993004E-4,0.001670378671610041,0.003863506336957831,1.245982155266667E-4,0.01327516439084111,3.734588464085629E-4,0.0,0.017625052162369,0.05092491242693363,0.012583448300011365,0.002197859398976051,0.0481963027871894,0.005708956374466046,0.014657381346059727,0.11318536264776047,0.013949729849751095,0.4510988272690997,0.31847134137511857,0.09407499524106495,0.4829986733028893,0.002850984341445198,0.0018340167186488411,4.0351971983102717E-4,0.2121163554371281,0.02246642026378574,0.03471901640794349,0.012984211114388756,0.01211029473947982,4.840007683359934E-4,0.0015709498842508686,1.3528615956290562E-4,0.1599281900077156,0.0778213318278586,5.346528981107214E-4,0.007773050544290726,0.0019469246482586658,0.04338296520583117,0.13118877818741054,7.794966852307024E-4,0.007773050544290726,0.0,5.686434634007668E-4,-0.2876995192111611,0.036110476151595766,0.8888888888888888,0.09756294551598993,0.0,1.7777777777777777,1.2215947415125175E-5,0.09829665856156686,0.07891565913963186,0.0011559170928284056,0.02075438278768674,0.011376540380356239,0.005010225080500653,0.004929301786278454,0.0015589933704614047,0.05846533193640399,0.005963483198045925,2.5663382708604265E-4,0.011792348963029874,0.5582609345992364,0.0013727588615696476,0.07250486720380302,0.0,0.0030990887088988023,2.5663382708604265E-4,0.001526864662667064,0.01573890497312552,0.20520858572188894,LiftAU
1.7734820074695625E-4,1.6157715890507108E-4,0.006652175066887425,1.0,0.9992806499602429,0.0,0.0,0.9550754704306641,0.8502124061744252,0.9964688154921857,0.985684537384029,2.0358314931302605E-4,0.40181873439976484,0.005817009549854041,0.5946534667696738,5.55474521024886E-5,0.2621825590300862,0.024260393944637266,0.014084746615882451,9.679455095381778E-6,0.0012969631906546769,4.8208466393887347E-4,0.013632383844949096,2.0296342768401238E-4,0.0015905379163816365,0.019541345147099477,0.004475380482342602,0.27642978704486776,4.975124378109452,0.0029824151881981463,6,0.0,0.06623298513571438,0.9950248756218906,3.9800995024875623,1.9008514603372672E-4,2,0.008190014868371478,2,0.052088031010492586,0.07182420980221912,0.8448339327572103,1.3706933810348865E-4,1.1608991765030333E-4,0.007305508836503487,1.427834072005041E-4,7.164148610067574E-4,0.05443056339208462,1.5316583637113741E-4,5.10902030833578E-4,0.0010442653729346803,0.010686390891821525,0.02348310122644415,1.427834072005041E-4,1.7734820074695625E-4,0.053694395530527655,3.175373579160204E-4,0.006602377069172987,0.0015756736348385774,0.030502893989577277,8.29182621332594E-4,2.6407998057701975E-5,0.4834283064499449,2.8445266548948754E-6,0.010339354980822274,0.02401777854763612,0.007834855145072395,0.002822197894529358,0.0,0.0010002462739532793,0.0,0.0,0.00151334876972684,0.0,0.0,0.746268656716418,0.0012437473726373705,0.004557132435234446,1.05321881770374,0.729619023608094,-0.167230930211671,0.010704465291308167,-0.07375001596573016,1.616241455,0.09363207721198621,0.03156646228705261,0.0,2.3520038673832437E-6,7.193500397571383E-4,2.656377022502983E-4,0.0028118344680571317,2.6831060683744716E-5,0.010784278108156813,3.1919921415401737E-4,0.0,0.005959638990914448,0.40181873439976484,0.006652175066887425,0.021592501060956067,0.030609066953364922,0.004397257023848579,0.02663858036667821,0.10486306425623886,0.02572790161576157,0.25555893940475144,0.19283473236990897,0.1277633796219515,0.6113609675022174,0.005930915909633712,8.187289390450626E-4,8.46199921770431E-5,0.20901620415984548,0.005937829671780216,0.003962577401702699,0.004928305486524271,7.005556894723728E-4,1.9008514603372672E-4,0.0010442653729346803,1.512631399732363E-4,0.13109127951504318,0.11053339962517411,0.0020955805180592813,0.007305508836503487,5.314845496558147E-4,0.030502893989577277,0.08274013749503561,5.136933361558668E-4,0.006732597362169882,0.0,2.514964812661682E-4,-0.9527392718009642,0.010704465291308167,0.9950248756218906,0.056278040938596285,0.0,1.9900497512437811,6.454150500444095E-6,0.052088031010492586,0.023544208003298053,0.0010166344658553519,0.00996450422818395,0.0038796095549890257,0.0018900698367445641,0.0011663816744194035,0.0010273866723117344,0.04899427881369386,0.02460168788591417,8.925493524345932E-5,0.006602377069172987,0.8727711597221005,6.827359594078502E-4,0.010822798870549643,0.0,8.594764806388551E-4,1.5316583637113741E-4,7.845102215835865E-4,0.010686390891821525,0.1535094951142489,LiftAU
7.073248500964224E-4,5.994183347854638E-4,0.016237907488171572,0.9989430177898008,0.9948078044859086,0.0,1.0,0.7915004018852652,0.40801932946141667,0.978875020004069,0.9438944257176426,2.814864480285005E-4,3.8560921794243926E-5,0.007988839573722317,0.05288110699499096,4.996807091049183E-4,0.2996829071493037,0.050779377058087896,0.024196278908716024,2.234968017609181E-4,0.00253380262085474,0.0019487108532379382,0.01520318491239817,9.111577366135637E-5,0.007115962757220429,0.027764113251264003,0.01435850372770448,0.17186799597300798,5.128205128205129,0.013601035960452422,6,0.0,0.2653189212994862,0.5494505494505495,1.8315018315018314,7.196903780107495E-4,8,0.014303000607781866,8,0.17437095683303644,0.09674364555725679,0.8200410548290487,5.994183347854638E-4,4.805467898479259E-4,0.007115962757220429,4.805467898479259E-4,0.003628510925770491,0.38416368952116925,4.960901030402598E-4,4.7332324637313716E-4,0.005502804010726803,0.009632015965808836,0.03597220472588387,4.792777031657589E-4,5.692919591343867E-4,0.04135677161550098,0.0032712528779565513,0.009281500179413312,0.0010458831382512495,0.07489791526531646,0.0011498099446100498,5.082509763308678E-4,0.12228308633061935,7.392530014147288E-7,0.0585080092092336,0.03404819662729462,-0.005292274192031398,-8.087302350721578E-5,0.0,-1.7904600625803308E-5,0.0,-5.773526781506695E-6,0.001994139074373307,0.0,0.0,0.5494505494505495,0.0010383210526267257,0.016472657705591268,0.01945744344617406,0.720284286822591,-0.14908971252228106,0.02797176092500082,0.9031382718422329,1.42861952,-0.10683171483772444,0.0671772462414938,0.0010569822101992139,1.2117842563874327E-7,0.004135213303892161,0.0011988201491157475,0.01593278448183939,4.6446150414089705E-4,0.034980594286426456,0.0011416443286619918,0.0,0.025186449832272004,3.8560921794243926E-5,0.016237907488171572,0.04094375828843267,0.1523940238323775,0.0037350304865497934,0.019913675504574898,0.3834810724238485,0.031932495012975785,0.3551382224664257,0.05284254607319672,0.0986766610033817,0.518435110255057,0.001045758202067568,0.0011053600767320746,3.4259087506719317E-4,0.17437095683303644,0.014611976658697463,0.008549918708029004,0.01435850372770448,0.0030813587408603923,7.196903780107495E-4,0.005502804010726803,4.6842093729042365E-4,0.14984145357465187,0.07489791526531646,6.694170121284805E-4,0.005746045311363966,0.003584827864303172,0.016689926680348046,0.1227614180856773,0.0014954194488673155,0.007988839573722317,0.0,2.401550324538502E-4,-0.025178801484193603,0.02797176092500082,0.7326007326007326,0.012390175590440504,0.0,0.0,2.4812115183320087E-6,0.02675809756413385,0.029977261031182447,6.173316177930226E-4,0.004760446266625924,0.010215205104844237,0.0010771551781657029,0.002962884307421556,0.0029908388977346314,0.028564418115789917,0.0351913003731555,5.692919591343867E-4,0.009281500179413312,0.559885239736511,5.760112189916755E-4,0.02199342200610047,0.0,0.0037350304865497934,4.960901030402598E-4,0.0011787691320638465,0.01302651197337014,0.1900088362358698,LiftAU
0.0023340983387253023,0.0018809798588295449,0.029426731249426866,0.9966060158722806,0.9837632407003458,0.0,0.9999999999999998,0.7409278752865135,0.6189831356110336,0.9568882877169648,0.8414657660425032,6.775920201118333E-4,5.665777676109121E-6,0.02189828057113319,0.46081811474262774,0.004936632606113815,0.2782833428623343,0.02725280930612205,0.03235436411917346,0.0014629296793865505,0.03408164446601373,0.009617266341305365,0.01711443831315096,0.0011541619415856687,0.012143089265945263,0.010246095687327254,0.02702868725809458,0.15681297752952336,3.776978417266187,0.02176320243045285,14,4.496402877697841,0.07514392944120821,0.7194244604316546,1.618705035971223,0.004362979910732033,12,0.01251799800036609,12,0.08204082323107226,0.12492748217457217,0.8608206871201576,0.001859911719462339,0.0021047492600143516,0.012143089265945263,0.0016115652709092494,0.0314944253035148,0.17854801052404262,0.0028002308428646287,0.004498614490804226,0.009347765914869242,0.020042425568534,0.017917047888416207,0.0012247785608743241,0.0032502147633783826,0.06939241023074891,0.010235469345124057,0.0065579323068190665,0.013993479754279123,0.017162283891633053,6.675771979865581E-4,9.32499429892219E-4,-0.012200314611420694,1.252185766925813E-4,0.004096349517011383,0.008477090362666664,-0.04400686677470848,9.851845622190604E-4,0.0,2.2060704657447913E-4,0.0,7.083956103564297E-5,0.009756819107923831,2.338129496402878,0.0,0.7194244604316546,0.00579705344467533,0.01169926449044984,-0.005305053584015673,1.5129414172945719,0.15875803750560014,0.01638631992378322,-0.11456476434322682,1.128082304,-0.12091995365595949,-0.009460014209228752,0.003393984127719251,6.286646144790206E-5,0.012842775171934846,7.246948495119818E-4,0.02687495298338112,0.0013258646250176905,0.11542252167446161,0.005438109320841532,0.0,0.04117008411348961,5.665777676109121E-6,0.029426731249426866,0.015671401542239637,0.10053789075598972,0.006904920317471208,0.003252264212686777,0.12194473967547992,0.0234693922842642,0.15816502086840586,0.4608124489649516,0.07954995849902377,0.5465735732925205,9.592476922610443E-4,0.024411769467322212,0.002134045854574902,0.1488173903619121,0.022180612709119002,0.024521778497776456,0.02702868725809458,0.004060937123644773,0.002249685243143379,0.006962524372733143,0.002134045854574902,0.1391416714311671,0.07455438813398717,0.007554065930501802,0.01377865227462259,0.013130959948235791,0.01251799800036609,0.08211355857679244,0.008161739254249753,0.016451370148546442,0.1422929643400713,0.0017242572470810454,0.29197192850617526,0.02029110479729894,0.539568345323741,0.04481216243501007,2.5179856115107913,1.2589928057553956,6.206405260965061E-4,0.042745106653925634,0.015499823102078113,0.001067819752888243,0.0033912311280069043,0.0065579323068190665,0.008476119277989956,0.03349853252234075,0.01632347850849951,0.01719797624697903,0.02958023050354859,0.0032502147633783826,0.006904920317471208,0.5866010310610461,9.633094612721414E-4,0.020551595316777485,6.654676258992806,0.009347765914869242,0.0028002308428646287,6.903111309749023E-4,0.020042425568534,0.1340925310886833,LiftAU
0.001344342591569689,9.528672999609491E-4,0.016369509206144425,1.0000000000000004,0.9988455622241538,0.0,0.0,0.932849027280983,0.727706048363709,0.9943609053310002,0.9783544610044035,0.001012504444526508,0.053395459562979905,0.01023869279640941,0.5897565357742144,0.001412478291424654,0.33883847550413926,0.05335645370988171,0.02340485846135965,0.0011840918275112205,0.0020483011289567127,0.003436616456222354,0.03156339572555381,8.573933355881016E-4,0.01276632694026116,0.03715734866714765,0.015274734401299924,0.07766880214223784,4.794520547945205,0.021326319420654622,6,6.392694063926941,0.30292677678021096,1.5981735159817352,3.4246575342465753,0.001146850571156158,6,0.03477985445235107,6,0.15000410152616642,0.10097439951143193,0.7949877935618938,9.528672999609491E-4,6.380512489576536E-4,0.01276632694026116,3.521079932148295E-4,0.015671350971844775,0.2722747898860645,4.886008571869814E-4,0.0021743244418885423,0.008935155209002659,0.024807049004687307,0.041312049889875115,4.4796785688054733E-4,0.001344342591569689,0.03120823452076548,0.001792300565278125,0.013971611440386944,0.0019207094735974842,0.07662893578249852,0.0014482374157708028,8.644943657113764E-4,-0.2549029825349143,1.573532821841989E-5,0.07454949511849278,0.003582643793336879,-2.3237826845452824E-4,8.286893002607486E-5,0.0,4.037573411896513E-5,0.0,0.0,0.0019527923182033082,0.0,0.0,0.684931506849315,0.0017460076335972631,0.01872809157612427,0.6582005193883981,2.0860978863684125,-0.0015730498179066662,0.03610046842856205,-0.2768134051067926,0.684905984,-0.1407772600665685,0.01561893699343261,0.0,1.3364924084632739E-5,0.0011544377758466095,0.002296517951642543,0.004484656893153457,9.053758404200912E-4,0.01600644432659667,0.0018325855191556927,0.0,0.044556634719920496,0.053395459562979905,0.01023869279640941,0.07836535660479933,0.045505433723420426,0.010180420456921158,0.004470799865807002,0.20514297891727395,0.007839585532710455,0.13794951258949456,0.5363610762112345,0.07746891655486178,0.4764091397444151,0.0022640920732407734,0.0017633234728676836,9.38708211578237E-4,0.2122677601025824,0.033128519837519424,0.03511127434416196,0.01480117857867179,0.01174504583967893,6.438579655564007E-4,0.008935155209002659,9.38708211578237E-4,0.1694192377520696,0.07662893578249852,0.0020470500459477806,0.010700153490971087,0.0017040998002695702,0.0470118833277935,0.12058252516077865,0.0018645802468941217,0.010700153490971087,0.0,0.0010751933549613523,-0.3628214629468429,0.033128519837519424,0.91324200913242,0.09589809118396678,0.0,1.82648401826484,6.603827069779799E-5,0.09719435627498046,0.041663935371237325,0.001563280288333113,0.02117763221850553,0.015274734401299924,0.004850199092088676,0.002778139494429877,0.003729160493788243,0.009732489316458974,0.06204152750737712,0.0010663811843479236,0.013971611440386944,0.5622902088975226,0.0010521137682973694,0.01191837631351673,0.0,0.010180420456921158,8.118942872506964E-4,0.002060503085144888,0.01480117857867179,0.20370666429620865,LiftAU
8.6469933154342E-5,2.876823060720251E-4,0.01150276665328397,0.9999999999999998,0.9994039234559655,0.0,0.0,0.9577185246977238,0.8759462734550557,0.9970497211686583,0.9884850142946582,2.6801588446014496E-4,0.05790150073481599,0.007436745598044808,0.3632132508995697,1.6019374752797145E-4,0.32763971503253914,0.05308402456872986,0.015684290178506647,6.743421247632078E-5,6.605349139869563E-4,5.14519495303196E-4,0.020840931321812774,5.013678100435468E-4,0.0032369499868350623,0.03224617366877819,0.010877683150016236,0.0,3.811659192825112,0.0014424434239094777,4,0.0,0.0,1.345291479820628,2.4663677130044843,2.594870188265534E-4,4,0.01184309736501485,4,0.17123002204289717,0.06981660998068207,0.8233673022402278,2.0046528700612323E-4,1.226758099991246E-4,0.004800614295062971,1.713946885182296E-4,0.0022197225886743145,0.2671893748012467,1.4832820330283524E-4,0.0010475312460844167,0.001999553061919286,0.006538069235969663,0.04322609724823292,2.0046528700612323E-4,7.29386564280816E-5,0.07236233454218549,8.653038926551136E-4,0.005099617398471106,8.631589567046242E-4,0.09299581229031328,2.2789025396121744E-4,5.822257764393629E-5,0.37887999492244767,7.281505187284726E-6,0.07076355101872993,0.02082260735462532,0.012367379579052432,0.004426673224367453,0.0,0.001568291705417071,0.0,0.0,0.00159259198171235,0.0,0.0,0.672645739910314,3.445765141542104E-4,0.002349150901971264,0.7040947109093827,1.6168060708752334,0.05561454420608511,0.015487113444538651,0.23960555505548364,0.0,0.12439431471046297,0.027106926856859392,0.0,4.37119112035234E-6,5.960765440342543E-4,3.8807619508121757E-4,0.0023542022873072484,6.306596609037886E-5,0.008564706874000178,2.594870188265534E-4,0.0,0.003746791416183773,0.05790150073481599,0.007001754389978475,0.007651468314776345,0.03076648959693449,0.004893171203111134,0.037995559533920684,0.08177225124266808,0.018133097079318712,0.512733022555486,0.3053117501647537,0.09633078287799998,0.554612875161792,0.0025035292689476077,5.495771415089063E-4,1.508332316867671E-4,0.23208841801326602,0.01150276665328397,0.02180029305025458,0.011315446453714587,0.001170836135416443,2.876823060720251E-4,0.0017991960236181386,1.508332316867671E-4,0.1638198575162695,0.09299581229031328,5.921592935606295E-4,0.0056723785485383255,0.0020735392075331895,0.012801892951055514,0.13037117543237703,5.31273720272464E-4,0.007436745598044808,0.0,6.75415376157605E-4,-0.5157318456644076,0.010681451200091865,0.672645739910314,0.022898954074639558,0.0,0.0,1.3050506707542848E-5,0.04787561099692804,0.05226168115021163,6.294244527781849E-4,0.001935477932606201,0.005099617398471106,5.503031786141644E-4,0.001687081814725685,0.0010625474405449279,0.059014329151373265,0.004216181654161353,8.831689697036823E-5,0.004893171203111134,0.6990183686243745,4.5876167760252294E-4,0.00879477644141717,0.0,0.002568778550522621,1.4832820330283524E-4,2.7760644479184416E-4,0.011315446453714587,0.20836149717858607,LiftAU
0.0,0.0,0.014278308272242822,1.0,0.9990770457594942,0.0,0.0,0.9341162716421694,0.7662736779329079,0.9954389684206426,0.9810265630346624,3.761536572993656E-4,0.06326454753847204,0.018154645489815324,0.4930693842029256,1.380663813804263E-4,0.42434946737140533,0.058241431755334847,0.075527683791242,1.6794761748476793E-4,1.8637553164425931E-4,0.0011056469323756566,0.0,0.0,0.005825299613475214,0.0,0.013128684550281267,0.0,5.769230769230769,0.0,4,0.0,0.0,1.5384615384615385,3.8461538461538463,2.9326404843043474E-4,2,0.0,5,0.32488343882239473,0.09000173332026333,0.7599591256475399,0.0,2.277401723359748E-4,0.005825299613475214,2.934267728587496E-4,0.0,0.4604427612795837,6.582425592125663E-4,3.861267587186526E-4,0.0,0.0,0.062102528818452095,2.934267728587496E-4,0.0,0.009678640223535723,0.0011037468843728669,0.0,0.0,0.14175500108027736,4.3998291366684135E-4,0.0,-0.08805758886234172,0.0,0.09328416097399135,0.015210163478517013,4.445751359275418E-5,5.164281592492298E-5,0.0,2.0860435554125224E-5,0.0,0.0,0.00215876178748907,3.076923076923077,0.0,1.5384615384615385,1.7238776128051446E-4,0.008913822104912674,0.7146687720105412,1.8627743608830372,-0.2751194681907209,0.03457461948804693,-0.11854051498175305,0.0,-0.060358648533042014,0.0057425197215913715,0.0,0.0,9.229542405057507E-4,0.0,0.0036380773388516733,0.0,0.014412405385980227,8.546129224491675E-4,0.0,0.03631045186536947,0.06326454753847204,0.006649151262079269,0.0,0.046910291392493066,0.008042638290174427,0.013121368697447214,0.1678425937092614,0.05254148213993862,0.2732042937299823,0.42980483666445357,0.12583874830366465,0.6745633696728368,0.06211282849988069,0.001342410315544516,0.0,0.32488343882239473,0.0,0.0,0.017845377434809358,0.0,4.698179768401424E-4,0.0,0.0,0.21217473368570264,0.14175500108027736,0.0,0.0,0.0019455105709201043,0.05864773586216054,0.13559676432240977,0.0011606368101253488,0.0,0.0,0.0,-1.1681871813987668,0.0,2.3076923076923075,0.03771972778490215,0.0,0.0,1.09416145813771E-6,0.09008954786047196,0.0,0.0014547442858929094,0.014725861643571187,0.0,0.0,0.0010049431338551493,0.0023212736202506967,0.02453163455414318,0.0,5.01792685043279E-4,0.008042638290174427,0.4900784115454386,7.852146927897727E-4,0.008513472256706548,0.0,0.005496659029322761,6.582425592125663E-4,0.0,0.017845377434809358,0.2422726424974117,LiftAU
