z_freq_e_2.08,z_freq_e_2.92,xy_e_freq_m_1.25,z_freq_m_4.58,z_dwt_ar_-7,z_dwt_ar_-6,z_dwt_ar_-9,z_dwt_ar_-8,z_dwt_ar_-3,z_dwt_ar_-2,z_dwt_ar_-5,z_dwt_ar_-4,t_freq_e_3.75,z_dwt_ar_-0,z_freq_m_2.50,t_freq_m_4.17,z_dwt_ar_-1,z_freq_e_3.75,t_freq_m_0.00,z_freq_m_0.42,xy_e_freq_e_0.42,t_freq_m_3.33,z_e_stddev,xy_e_freq_e_3.75,xy_e_freq_m_1.67,xy_e_stddev,z_freq_m_3.75,t_freq_m_2.50,z_peak_stddev,xy_e_freq_p3,z_freq_e_1.25,mcr_t,xy_e_freq_p4,z_peak_mean,xy_e_freq_p1,xy_e_freq_p2,z_freq_e_4.17,t_freq_m_0.83,mcr_z,t_freq_e_1.67,zcr_z,t_freq_m_1.25,t_freq_e_0.83,t_freq_e_0.00,xy_e_freq_m_2.50,xy_e_freq_e_1.67,z_freq_m_1.67,t_freq_e_4.58,z_e_mean,t_freq_e_2.50,xy_e_freq_m_4.58,xy_e_freq_m_0.42,corr_z_e_xy_e,z_freq_e_0.42,z_dwt_avg_-5,z_dwt_avg_-6,z_freq_p4,z_dwt_avg_-7,z_freq_p3,xy_e_freq_m_3.33,z_dwt_avg_-8,z_freq_p2,z_dwt_avg_-9,z_freq_p1,z_dwt_avg_-0,z_dwt_avg_-1,corr_z_xy_e,z_dwt_avg_-2,z_peak_d_mean,z_dwt_avg_-3,z_dwt_avg_-4,z_dwt_norm_-8,z_dwt_norm_-7,z_dwt_norm_-6,z_dwt_norm_-5,xy_e_freq_e_0.83,xy_e_freq_m_4.17,z_dwt_norm_-9,z_dwt_norm_-0,z_freq_m_4.17,z_freq_e_3.33,z_dwt_norm_-4,t_freq_m_3.75,z_dwt_norm_-3,z_dwt_norm_-2,z_dwt_norm_-1,xy_e_freq_e_2.08,xy_e_freq_e_2.92,z_freq_m_0.83,xy_e_freq_e_0.00,z_mean,z_freq_e_0.83,xy_e_freq_m_0.83,z_freq_e_2.50,z_freq_m_3.33,t_freq_m_0.42,t_freq_m_4.58,z_freq_m_0.00,z_freq_e_4.58,z_freq_e_1.67,t_freq_e_2.08,xy_e_freq_e_4.58,z_freq_m_2.92,t_freq_e_3.33,t_freq_e_0.42,xy_e_freq_m_2.92,t_freq_m_1.67,t_freq_m_2.92,t_freq_e_1.25,t_mean,t_stddev,t_freq_e_4.17,xy_e_mean,z_peak_d_stddev,z_kurt,z_freq_m_1.25,t_freq_p1,t_freq_p3,t_freq_p2,xy_e_freq_m_2.08,xy_e_freq_e_1.25,angle_mean,t_freq_m_2.08,xy_e_freq_e_4.17,xy_e_freq_m_0.00,z_freq_e_0.00,t_freq_e_2.92,angle_stddev,xy_e_freq_e_2.50,xy_e_freq_e_3.33,t_freq_p4,z_freq_m_2.08,xy_e_freq_m_3.75,z_stddev,label
0.1948783826952442,0.043906106108961146,0.36960895325379617,0.020450362984375685,0.8689754997587749,0.43905455885703604,0.9994124713534233,0.9961495926403563,5.122408173375665E-4,5.3627603928334594E-5,0.012486302162491723,0.004650164753442365,0.0040664098570713895,2.2167768684477595E-5,0.6246741497644097,0.2800492411865323,3.860181672452866E-5,0.010037075902140527,7.736582486875265,3.046566201625998,0.01756662023001208,0.8282379261682841,15.116500517492131,0.007497124940019196,2.301751910146543,4.6655929382017876,0.36566335984434395,0.22480911074995552,1.096932559852455,2.4513096037609134,0.005243212693502482,211,4.869039623908663,7.106887448962818,0.7051712558764271,1.2088650100738751,2.521942252962917E-4,1.0917369140690576,136,0.02361473995627934,136,0.25561477689669654,0.022825484433877705,0.838380869906918,0.6717104081438753,0.08393293536350097,1.84571267048394,0.005160902359298198,12.993785786987262,0.0030570898622449038,1.4501645469688162,0.9842370044983151,-0.013961795795081895,0.24558731022017607,-1.287582132518845,1.0181057858858709,0.0,-0.2704554771807099,3.6601746138347884,0.445286088904897,-0.025275286132141864,2.4513096037609134,0.001104251054085203,1.2088650100738751,0.520962302837968,0.4485569439070427,0.2249120816546724,-0.2914079318061934,0.8305440225882352,-0.1337062878447146,-1.4813511281781575,0.1271740928815815,0.4299209409017389,0.4265682566945443,0.007836137409049359,0.016189939856313604,1.4501645469688162,0.003262878713066867,2.2167768684477595E-5,0.0375019554868554,0.04936870502581201,0.004137923936104799,0.29095784358660076,4.586132134092319E-4,1.5025787203805924E-5,1.6434048040051065E-5,0.08761273486363012,0.006905235643452143,3.046566201625998,0.6561462851753112,0.0027572608633601803,0.24895369851193938,0.9842370044983151,0.026393986819987742,0.9440199038233011,1.0917369140690576,0.2800492411865323,0.07654745632390021,1.0934859525939852E-4,0.1742861893106001,0.02537750483306626,0.0509016977951959,0.9440199038233011,0.02563558846188604,0.02150724990963457,0.445286088904897,0.8241474287797008,0.8282379261682841,0.002707046674441804,3.8682912434376333,1.809755645792233,0.004791030630220372,5.242907247092902,0.02284586767966021,-0.6457198354297495,0.22439688062586374,1.2088650100738751,3.6601746138347884,2.4513096037609134,2.301751910146543,0.007196992728662532,0.03891848141306914,0.8241474287797008,0.04846056929589408,10.4858144941858,9.837898910806389E-4,0.022876083115061646,0.01617015949719615,0.010075092699836712,0.007514771408171494,4.869039623908663,1.84571267048394,0.4404546162791163,3.6058994110085685,Fietsen
0.0950817846043932,0.0036719021874214793,0.6557627017667537,0.019682369694089336,0.9985015106246762,0.9284442492612041,1.0,0.9997446171370933,2.638331112334014E-4,1.6844462552447886E-4,0.5645230416009972,5.13926748308618E-4,0.02127889708356932,6.393900007107781E-5,1.1882498620015975,0.147023846636251,6.393945824403327E-5,0.0020345540329081264,7.335865706774907,0.653287322940641,0.00905715998666002,0.5714625192735358,13.960056256501382,0.04969266244912072,0.17316130858629186,1.44643084022612,0.1960378811940721,0.7070050247614749,0.6836494638686947,3.961885656970913,0.38204466414330995,104,5.466399197592779,6.751989368113413,1.3039117352056169,2.7081243731193583,1.2222259019112688E-4,0.8532588959874052,53,8.641871564352091E-4,53,0.8532588959874052,0.028059231931128033,0.8384867639457722,0.2539497028460521,0.0063637357639964205,0.2865865475523692,8.430624994072725E-4,14.086021032965354,0.028729804135060485,0.31734490244613367,0.22575387288353693,-0.004086367687741326,0.016819291648508573,-0.4195712998638692,-0.0951094795406647,0.0,-0.027875396911452036,0.0,0.5108784967740168,6.73372275081862E-4,2.6078234704112337,-0.003700575927540992,1.3540621865596791,-0.7178603678879267,0.0019216389032647363,-0.10518058268330409,-0.5866199525188087,0.7495422363199999,-0.33761351213032503,0.12245868840894611,0.0012431065124170477,0.07005726136347211,0.36392120766020686,0.5640091148526887,0.03611383151850969,0.23871763299431997,2.553828629067353E-4,6.393900007107781E-5,0.026189296052025527,0.003428917531254525,2.500936370752166E-4,0.5714625192735358,9.538848570892255E-5,1.0450516728044558E-4,4.5817295544644976E-10,0.013146478627599009,0.008008057240772035,3.343917776649458,0.7556945571429938,0.01568822727157492,0.3935126420866472,0.6557627017667537,0.0967420471804243,0.1960378811940721,0.22531813556531227,0.1212303022264888,0.14867157493429126,8.729935830576935E-5,0.004544279776533208,0.02812738831532004,0.015882905400444795,0.18403987731731086,0.021299125909931632,0.0034444248462651614,0.16987192326944925,0.08845876682286684,0.11683717758042234,0.026203042945595653,3.667932853387454,1.6543682825265453,0.001100352429886376,2.1018996282994835,0.02499306125054535,-1.0097410494929056,3.343917776649458,1.3540621865596791,3.961885656970913,2.7081243731193583,0.2539497028460521,0.03449128800316698,0.04992039406099769,0.7070050247614749,0.00912446359728984,4.203799256598964,0.0019103948601024638,0.0015637188016286122,0.02757433746777667,0.0144618728469647,0.04796298742248186,0.0,1.1882498620015975,0.5108784967740168,3.7549856533387813,Fietsen
0.08915360711661556,0.026143676884773336,0.8584332026881671,0.014316099749203906,0.9973129782201358,0.9149278964713419,1.0000000000000004,0.9996739938491418,0.005468926605653886,0.0018285433379832325,0.6217427310811656,0.010537167928119364,0.009212416417923384,4.158303122823978E-4,1.245577185167347,0.19097709056428805,7.970436195886635E-4,0.008441759979317572,6.430269002146372,1.131365425678231,0.029747194325520213,0.5313255556688079,11.301894372554532,0.023363359994635513,0.3399125128240403,2.0289260314702253,0.2889972654902953,0.9084309516411823,0.676455348963498,2.555110220440882,0.329781552323922,104,3.6072144288577155,6.06267669923982,0.501002004008016,1.25250501002004,1.0864611101717347E-4,0.924809126115454,61,0.015186201514308925,61,0.924809126115454,0.025619572213842066,0.8245238520543082,0.461278926261549,0.015577169051053743,1.008390420584079,0.005553808575246489,10.252545571236297,0.023483593914909274,0.4230388281919888,0.42172407573966314,0.1783598519069991,0.045951440245217155,-0.4876278681762828,-0.11455949655710505,0.0,0.01682401294625923,0.0,0.42978549864815885,0.0011832153969211115,2.50501002004008,0.0033581447383008284,1.25250501002004,1.4510466836054947,1.3893361594388791,-0.07134710590492194,1.3679527952293276,0.8064017917826087,0.9475714875748995,-0.30176273841946744,0.0023610156290060037,0.08238508174879382,0.2931851653901762,0.6112055631530463,0.05448251613214095,0.40641134692901143,3.260061508584362E-4,4.158303122823978E-4,0.027055828542677518,0.028025572621325424,0.005068241322465478,0.4497407525457993,0.003640383267670654,0.001031499718394569,3.812133073062657E-4,0.028511808745600317,0.019316620190268207,3.515461337999362,0.6955303562699832,0.034798713032756,0.3708604713182246,0.8584332026881671,0.06128602395381153,0.4258962118259284,0.33274814843611744,0.19097709056428805,0.16562129538678239,5.139176689304069E-5,0.03679004817220417,0.03642922773447271,0.020392797203545365,0.4258962118259284,0.01621646511657814,0.006212799733692632,0.42978549864815885,0.49000085637450685,0.5313255556688079,0.022800347486581655,3.215134501073188,1.545456088920127,0.005287627691584341,2.470585590570403,0.030100277769595535,-0.7630107496759102,3.515461337999362,1.25250501002004,3.7074148296593186,2.50501002004008,0.461278926261549,0.042283538190520144,0.04699673083019421,0.9084309516411823,0.015435205031046107,4.9411711811408034,0.003405809506678398,0.009474087546552094,0.02661936033557559,0.023813067746823142,0.03154636711886312,0.0,1.245577185167347,0.4232997140806764,3.203375844632016,Fietsen
0.20209950433742999,0.05733742046490681,0.6300803106094475,0.03156551405108254,0.9988674176225061,0.9920833235864837,0.0,1.0,0.007275399287150734,0.0027722023557944057,0.8170066202270937,0.3964873889801176,0.002696101202438141,3.3385198293560566E-4,0.8928587125662814,0.6289859902726547,7.208771420616195E-4,0.0037354214045420423,8.055800990881664,3.2295048454529667,0.040660804144719946,0.6985671725881382,15.915701495396544,0.007062745104161901,4.643985906897351,6.646251511829343,0.3269616918282731,0.4757472965537108,0.8235744581399215,4.838709677419355,0.013607830270027923,79,7.258064516129032,7.544339129550039,1.2096774193548387,2.4193548387096775,2.0764427476420384E-4,1.0862522720520198,44,0.02562693749838198,43,0.29566212837025063,0.019030275137522958,0.8435625940704622,1.5305350564304896,0.07131530966626959,2.580674630866001,0.01179726396578707,12.547963749068177,0.004916821341167572,2.7713813155243736,3.447599337711939,-0.01882998292307251,0.22295569906184096,-0.12908449813684506,0.0765633152871998,0.0,0.0010422255526496864,3.629032258064516,1.2460786820103082,0.009915350982083432,2.4193548387096775,0.0,1.2096774193548387,1.0742303765313026,1.1566182691917253,0.2394952872802019,-1.8605841217198535,0.8398977024000001,1.3610928639009483,1.1435126972088476,0.0011325823774938877,0.006784094036022318,0.17507670335939005,0.4205192312469761,0.037422432347394806,2.7713813155243736,0.0,3.3385198293560566E-4,0.05050577932493697,0.056558203369609324,0.3892119896929669,0.23808594023254004,0.004503196931356329,0.002051325213732786,3.870251591260139E-4,0.08527994771118455,0.01028137124444382,3.2295048454529667,0.5965871604688381,-0.007918838618619667,0.23163050789197656,3.447599337711939,0.026870072047987484,1.1144194670458896,1.0862522720520198,0.6289859902726547,0.22286721568942977,9.988168027279524E-5,0.18301667063768717,0.029421457008267187,0.059773496722005146,1.1144194670458896,0.015747773295404135,0.017969056766594427,1.2460786820103082,1.2550321133614337,0.6985671725881382,0.002273367738110896,4.027900495440839,1.8638730453874353,0.012282587359333377,7.143037303342842,0.021332499950424924,-0.40125861851272626,0.60838299549961,1.2096774193548387,3.629032258064516,2.4193548387096775,4.643985906897351,0.004317274324078294,0.03999195165743311,1.2550321133614337,0.05752613303834573,14.286074606685675,0.001881144558954827,0.014675764616529809,0.015603421294653537,0.01847158653738341,0.011301738691174842,4.737903225806452,2.580674630866001,0.8326715284347762,3.5458779358708297,Fietsen
0.09234403412228442,0.026770880634369325,0.1961226232678384,0.007585044293834069,0.9248467845584102,0.6244666637486295,0.9999275736246728,0.9980399016476218,4.4268489306723956E-4,2.027319865379676E-4,0.008573013393276227,0.0032989991508666295,0.0023220921028512358,4.385240494024492E-5,0.20145573351160972,0.16863279960839198,8.666454822852917E-5,0.002128131049732706,6.051107826491862,3.6534377202362673,0.054058457307551815,0.6975533840368076,10.118675569264019,0.023218974358244385,0.3330862630738554,1.6123790070015296,0.15276059171248163,0.21847604715319668,0.5074956939456398,3.609625668449198,0.009803663426964742,150,4.478609625668449,5.725599149486685,1.2032085561497325,2.406417112299465,5.290128122706536E-5,0.9520766934427896,86,0.045487398426184746,86,0.17768995141702748,0.023145004066803088,0.808887457493186,0.2507912268666791,0.022911029016725794,1.5893501242394097,0.002584062371625401,9.422423220582541,0.0032642196518643217,0.23868247512255944,0.8276471982874958,0.1222542387858693,0.3688689772306115,-0.5727375204412939,0.3127521894248091,0.0,0.15472458400571246,3.609625668449198,0.4710018815857631,-0.008182409112721662,2.406417112299465,0.0010142145939276797,1.2032085561497325,-0.6552899756855523,-0.6474709706830577,-0.2322913522203894,-0.5031684693277884,0.8309227438529414,-0.5367079083541474,-0.6831498936714369,0.0731931170892117,0.30038012080978077,0.6158936503553533,0.005274014242409599,0.04813271267100147,0.24977568635921663,0.001887671977050888,4.385240494024492E-5,0.014532762136833782,0.024105735287937247,0.00285631425779939,0.13184546617642298,2.3995290652927201E-4,1.1606743830943843E-4,4.281214328828424E-5,0.02508593460235477,0.040158982183514866,3.6534377202362673,0.6858278846878062,0.00557989495788397,0.37727781748971495,0.8276471982874958,0.008899477496107746,0.6225771034163645,0.9520766934427896,0.16863279960839198,0.05041937393805934,2.0755168336109805E-5,0.08925221712083713,0.04661637280446948,0.00965808240544067,0.6225771034163645,0.02006333218691833,0.02224457112902578,0.4710018815857631,1.2536943165009293,0.6975533840368076,0.003162110039968162,3.0255539132459304,1.4984614591565657,0.003017633767028023,1.9754390789845278,0.025324064658022505,-0.8440447040434029,0.4312194033305248,1.2032085561497325,3.609625668449198,2.406417112299465,0.3330862630738554,0.0127715587658348,0.04765673375099542,1.2536943165009293,0.01413095929680188,3.9508781579690577,4.754096918773001E-4,0.019205745960075356,0.02400310580494358,0.012600250508920217,0.051445174195803314,4.81283422459893,1.5893501242394097,0.39014103859931376,3.0706179652891357,Fietsen
0.08523263217467211,0.027857410413555207,0.5017658525443696,0.0042517686270331125,0.9352877236435998,0.5864519635926313,0.9994838191433038,0.9976637570654786,7.433313169688483E-4,2.8810696468245387E-4,0.05965536179727422,0.0032218867755081696,0.0059436411794093515,6.768999578034919E-5,0.3311225666575557,0.202761200624038,1.3650754265560238E-4,0.008271386538585567,4.673469079893252,1.6051042472568724,0.07005065275765696,0.14451362522022343,5.393889427970723,0.047166159289395757,1.0450073780042222,2.218284963577008,0.2365289929197294,0.4100547636833802,0.46805783049450367,3.135423615743829,0.048882932909394994,141,4.202801867911941,4.1405760051217575,1.067378252168112,2.1014009339559707,2.4879998980961552E-5,0.44528110534601156,81,0.0391939160939245,81,0.37573235787477693,0.01651420976598359,0.8127018954467004,0.6387079049182657,0.06861504321121248,1.0604685508229574,0.002121181190036867,4.782310843760164,0.02872388773598884,0.24927983670516984,0.8571999340575592,0.1835346583695207,0.32948033237431545,0.36823913908468187,-0.2380132380942599,0.0,-0.945617327309505,3.135423615743829,0.41274032530046967,0.015111514260477207,2.1014009339559707,-0.0012704724755496005,1.0340226817878586,-0.5611818872252579,-0.5658365477727331,0.2743309960164762,-0.40005693114551794,0.9780062971724137,0.2926576307503963,-0.03139355929333308,0.06237603342187874,0.34883576005096856,0.5267966017953571,0.05643347502176606,0.06247366959939868,0.7107059249023651,0.0018200620778251145,6.768999578034919E-5,0.0062278286710805465,0.018844074209364643,0.0024785554585393214,0.202761200624038,4.5522435228639445E-4,1.5159942202685152E-4,6.881754687525317E-5,0.04747203976045958,0.04613896505714192,1.6051042472568724,0.506913285703657,-0.004661069090404913,0.33180211098090745,0.8571999340575592,0.023709134493784433,0.23692814132289658,0.44528110534601156,0.10908990138225699,0.07601138399859857,2.1369736789791658E-5,0.12369640039563372,0.024661844764505083,0.010525308383829226,0.3311225666575557,0.0037828098162275394,0.015846208768277782,0.6387079049182657,0.6666740820454721,0.4100547636833802,0.021086226473553914,2.336734539946627,1.1679944328891538,0.004151117490949189,2.041318380962153,0.045243248089686876,-0.7324637848511033,0.5873133534607999,1.067378252168112,3.1687791861240826,2.1014009339559707,1.0450073780042222,0.035360837788790976,0.03441465385330426,0.6666740820454721,0.030138058377565797,4.082636761924305,0.002177335774015486,0.025273061274442905,0.020601191507216027,0.050488449646963404,0.02465753042392832,4.202801867911941,1.0604685508229574,0.7107059249023651,2.1875743570310187,Fietsen
0.10111072596100525,0.04349193657780802,0.4484157577481144,0.016473809791065375,0.9966326005821794,0.9114823430464067,0.9999999999999999,0.9999738042292432,0.003029184937300258,1.9406068344214958E-4,0.5880749078969351,0.005491704743446978,0.003076678920292933,2.6241532964471345E-5,0.5517083270746724,0.3066331821906633,1.5923977558273287E-4,0.005934103055086099,7.3906734182202,3.3879167821132503,0.026015465123140125,0.5840544140270661,10.816325135804425,0.011020822499251954,1.4069602806376524,3.5815200263743345,0.41886908306398335,0.23644796565432877,0.6747978212146472,3.675730110775428,0.06258208316595286,106,5.991943605236656,5.2836026722121705,1.2084592145015105,2.416918429003021,1.2468355886188805E-4,0.8176822256071172,60,0.017960656902893953,60,0.3822010554615431,0.017888056488484388,0.8707489558425896,0.7059004459249612,0.051406878472511866,1.3227547931581056,0.005163151651914069,11.865110684789956,0.0025147257438759493,0.4422460909657931,1.015926302435749,0.17184373104647746,0.2863818955667626,0.41153564225537365,-0.25822193898036405,0.0,0.004729592990064839,3.6253776435045317,0.8631127290194633,0.0017732006633183238,2.416918429003021,3.2349341176531575E-4,1.2084592145015105,0.38712983358347886,-0.8715353181096934,0.13828414483792986,0.07131620941608535,0.8431096198095238,-1.9004939862578833,0.4150754356421874,0.0033412036470637754,0.08515025753577256,0.32340743514947184,0.582583203153488,0.025007013187689987,0.4422460909657931,2.619577075662965E-5,2.6241532964471345E-5,0.027930108120033915,0.04440307711165744,0.00246251980614672,0.21724039232491982,0.002835124253858109,3.482090785941668E-5,1.3299824261826153E-4,0.05666404046463995,0.025803554727138744,3.3879167821132503,0.7245463556276176,-0.013243747977608251,0.3445253224103905,1.015926302435749,0.014624988886698198,0.7285878657742167,0.8176822256071172,0.3066331821906633,0.1321278341950686,5.8142899670943904E-5,0.09406416400386103,0.019009922458207738,0.012304621554348904,0.7285878657742167,0.020005604410617665,0.01446880686880687,0.8631127290194633,0.6866799259187759,0.5840544140270661,0.004836815535547056,3.6953367091101024,1.5001989907187174,0.005412170602944222,4.038733258412688,0.045654771924154625,-1.171205611872145,1.4722664399008256,1.2084592145015105,3.675730110775428,2.416918429003021,1.4069602806376524,0.010511000345007158,0.04827781127742506,0.6866799259187759,0.015595516127203756,8.077466516825375,0.0026988768022453264,0.018914454573825578,0.02317413242660854,0.014463514612263775,0.02666121725918621,4.884189325276939,1.3227547931581056,0.41830267437727614,3.4462872643149454,Fietsen
0.058041377548241076,0.016680497621384315,0.2697821619985746,0.005867967924167792,0.9988277395969961,0.9620274815001784,1.0000000000000002,0.9996312164427984,4.7717612953537895E-4,1.0765278415619833E-4,0.7420337299150219,0.010640641028253694,0.0032285804413566066,1.891424632917392E-5,0.2513973199413552,0.15928614418415615,8.29167495027148E-5,0.0044936604979834436,5.765151679821274,3.26480364765998,0.09993939821653043,0.3912062670419132,8.275459961528947,0.01766770409867513,0.4153540597262479,1.9412774402573865,0.2924766782114103,0.19696430660487088,0.5652077621321536,3.493013972055888,0.006583271516522831,90,4.640718562874252,4.99363899578161,1.1477045908183632,2.345309381237525,1.8136890008587188E-5,0.7924856421469915,50,0.045784055066063284,50,0.17381348469651262,0.024327071596834067,0.8211497095580081,0.36122018999725763,0.030888718583353424,0.9077027846838907,0.002715670929538379,8.527387431989611,0.0029932831221623824,0.5101482000493264,1.1306275241480461,0.18838093642305948,0.4137997389347448,-0.03910977737464594,0.7161499587007659,0.0,0.02837778493981813,0.0,0.4595322374377779,-0.00307416275281523,2.2954091816367264,0.0035511243860301468,1.1477045908183632,0.304305366811641,0.5597750936595108,0.2624034054956348,0.23171518828563778,0.8700503394761906,0.11177791556322333,0.6805183399906297,8.034768458023146E-4,0.03680025809681773,0.21999375158515647,0.7313930888867682,0.09755712609638931,0.5101482000493264,3.6878355720168987E-4,1.891424632917392E-5,0.007556903160027719,0.012893879608833016,0.010163464898718316,0.15928614418415615,3.695233453791806E-4,2.473603465348354E-5,6.400250317354088E-5,0.026098071514599686,0.032697965831935884,3.26480364765998,0.5689811770834592,0.018331722451717783,0.415864892732877,1.1306275241480461,0.014755357242519782,0.3152218681148799,0.7924856421469915,0.151951920325606,0.14990702362004368,1.4782175945404434E-5,0.05288443519928936,0.045289518111884024,0.03393532484177856,0.3152218681148799,0.011469283348133368,0.023209417741454026,0.4595322374377779,0.8361456569682512,0.3912062670419132,0.005122776724691861,2.8825758399106336,1.4245354141675841,0.0034789277655709527,1.8091319364195813,0.04705312438301598,-1.0518619536690246,0.23792933843510317,1.1477045908183632,3.493013972055888,2.345309381237525,0.4153540597262479,0.011634498279337381,0.041210433301350706,0.8361456569682512,0.04397524829096528,3.6182638728391643,0.003969970031650648,0.011231705594302737,0.021638632516867318,0.010598507423471239,0.026026259739504447,0.0,0.9077027846838907,0.32425956060287914,2.9215697685984954,Fietsen
0.17939955187157516,0.05601328945656452,0.8220686299820961,0.020439731760128012,0.9999646621502407,0.99482334711927,0.0,0.9999999999999999,0.010484926044291071,8.582617578496775E-4,0.8106998940195731,0.46721226875065336,0.0010760941438602931,2.0337890447355567E-4,0.5602462038288125,0.8748600076820696,2.1778564942212173E-4,0.0023086063138346227,7.7227379190242,3.561782586450777,0.045359887922280066,1.0082081224990957,15.94008065877107,0.006437455238759448,4.821711137907519,6.0409836327945605,0.2663982630630921,0.29629573391555236,1.4493529137858079,3.6217303822937628,0.006524060322212163,74,4.82897384305835,7.044608311856878,1.2072434607645874,2.414486921529175,1.2173706323709498E-4,1.255264964324161,44,0.037527164132896654,44,0.1544732739021623,0.022297036857624394,0.8148170514856882,0.8657582730812388,0.09425919655206869,2.87467111345939,0.01299990201362309,12.549426259083464,0.0026513079996294897,3.719603197224542,3.3416453425195574,-0.03960847380194938,0.25557014144904666,0.02628584235929729,0.030733433220590578,0.0,-0.005433374663889764,3.6217303822937628,1.4915733966192977,-3.142181289017313E-4,2.414486921529175,0.0,1.2072434607645874,0.7906111653813116,0.21042286304396227,0.24305090159600184,-0.991710435348546,0.8166527767272728,1.6358919123838596,-0.13130745467189076,3.533784975918985E-5,0.005141315030970659,0.18412345309969708,0.3434876252689197,0.04338704977771128,3.719603197224542,0.0,2.0337890447355567E-4,0.0473181949199011,0.055600114787060666,0.4567273427063623,0.15956463753112224,0.009626664286441395,6.404761084275556E-4,1.4406744948566091E-5,0.09623789922183278,0.010974546084132054,3.561782586450777,0.5370054534013758,0.014284785153824073,0.25894061143776403,3.3416453425195574,0.01104700139347422,1.5737248069072998,1.255264964324161,0.8748600076820696,0.145993608246522,3.2886550418482565E-5,0.17309899786294847,0.038543544988346785,0.07308817506625127,1.5737248069072998,0.016808695079498403,0.022381167444146532,1.4915733966192977,1.605134126105318,1.0082081224990957,0.0014761581142581927,3.8613689595121006,1.9090118469052373,0.01243346633310082,5.997737565671276,0.03753175105230065,-0.3758583331482477,0.3098278630386472,1.2072434607645874,3.6217303822937628,2.414486921529175,4.821711137907519,0.004618158224917417,0.039680839043573404,1.605134126105318,0.06930859887583843,11.995475131342548,0.0013430014918637567,0.01698841140732736,0.015912671141947384,0.005913866528131877,0.013409713106700756,4.82897384305835,2.87467111345939,0.6703571538298531,3.5460573959278077,Fietsen
0.15414019762072043,0.0898394782385353,0.7144153976493841,0.016798240314804484,0.9954058310963343,0.8298366330331753,0.9999999999999998,0.9996968157646614,0.0012920428580516538,2.874527750608539E-4,0.4411237321376851,0.015429791998096687,0.0024247774600251962,3.472295847713767E-5,0.3075286352548388,0.6773137458601974,1.851099023210777E-4,0.011707901410066996,7.294065783053307,2.8511104006453456,0.03840377742760897,0.8241557446014147,13.00875701249785,0.012815258370598829,3.0835907514979874,5.774283658115241,0.5158888757712107,0.274870147575158,0.9800774759248255,2.3162134944612287,0.006683021725614071,142,3.524672708962739,6.611548346997613,0.45317220543806647,1.1581067472306144,1.6861516044902E-4,0.717675749175311,93,0.03899649858417793,93,0.15008463984983786,0.011923193419638595,0.8364823486840824,0.571708773503682,0.09845353517831971,1.6461966956417244,0.011362936315089289,10.76133961524247,0.0034822036179185073,3.3092338396717462,2.214648740162918,0.0943752780559531,0.23723995165593414,0.3251878725234531,0.03732174360487633,0.0,0.029306300605292837,3.524672708962739,0.806769749830033,-0.001764055686617526,2.366565961732125,0.0030557826586313057,1.1581067472306144,0.4275658421683747,0.8898149720206954,0.22166085411049394,-0.3990813415683599,0.8679993051428572,-0.31556079883773314,0.9394501660479577,0.00429098466832712,0.16556919806315898,0.38871290089549027,0.4256939401395884,0.04035697893023926,3.3092338396717462,3.0318423533843967E-4,3.472295847713767E-5,0.033986063314260594,0.09223399471031589,0.014137749140045033,0.1904922268682989,0.0010045900829907999,1.0234287273977615E-4,1.5038694384394E-4,0.1002173906263276,0.005799365757362632,2.8511104006453456,0.5492982547188183,0.04186097457330815,0.2398658212165976,2.214648740162918,0.014948204426861608,1.6111131530346448,0.717675749175311,0.6773137458601974,0.13979000192186958,6.775206298407709E-5,0.1508192012128144,0.040885300644774566,0.06148937861537954,1.6111131530346448,0.014288026369904389,0.012323063483018955,0.806769749830033,1.0432676041766136,0.8241557446014147,0.002337795994828623,3.647032891526647,1.755619880867255,0.011094081183214295,5.618606534064371,0.03711806464561524,-0.5132173274678387,0.2705254657698485,1.1581067472306144,3.524672708962739,2.366565961732125,3.0835907514979874,0.010567768115535043,0.038702078778132004,1.0432676041766136,0.07119342390608988,11.237213068128746,0.002285860559106441,0.014399774243327071,0.014706601455535274,0.006710531566810494,0.0046943367869095405,4.682779456193353,1.6461966956417244,0.8755401017072438,3.281833882479338,Fietsen
0.09305903781656238,0.013835551163723798,0.5127172863764082,0.019705317885555212,0.9996533821232141,0.9960031086642845,0.0,1.0,0.01241269783647571,0.005204483817261851,0.9017441845609108,0.6009945186963536,0.00523900022124208,7.646112761243715E-5,0.37162621524798556,0.21039571902087081,3.370921732526072E-4,0.0159216746463114,6.045628325900592,3.646020839691374,0.052694933295866796,0.7429363612789134,9.623211055059928,0.0106263089955845,0.42589913090972503,1.7226134516418046,0.6609652521525229,0.2912981693136917,0.6692194042226696,2.404809619238477,0.008733702698796225,58,3.6072144288577155,5.670401681386353,1.2024048096192386,1.8036072144288577,1.1553858728550318E-4,0.9976400665270573,30,0.031834940426538054,30,0.14953232375671507,0.0242262444288575,0.8294959906256599,0.2944810100416351,0.01759728423023605,1.7293852578009086,0.0057367504610723145,9.085298254102106,0.005428406539433808,0.4445002039587035,0.9503896678902913,0.046715603271622226,0.368369513142903,-0.38666569853019916,0.00989682356445868,0.0,0.005603561076309693,3.8076152304609217,0.7111572312071781,0.004764064172471399,2.404809619238477,0.0,1.2024048096192386,0.42402358920248195,0.7828575454417755,-0.06350480143241806,2.3920987218416823,0.8355834961000002,0.8639975772229157,-0.8149643929661887,3.466178767859253E-4,0.0036502734589295804,0.09425892410337375,0.3007496658645573,0.061859607621006604,0.4445002039587035,0.0,7.646112761243715E-5,0.034335090673239914,0.024209878997473466,0.5885818208598778,0.3326693958144847,0.007208214019213858,0.004867391644009245,2.606310456401701E-4,0.014921570706968453,0.028610502592365774,3.646020839691374,0.7091608209671408,-0.007498019314755349,0.37596470456631287,0.9503896678902913,0.014542111466298505,0.6609652521525229,0.9976400665270573,0.31348956163635383,0.06751484605225326,5.486248347715503E-5,0.08495973785089164,0.036167472559096005,0.01908670740148128,0.40471184471513927,0.017822014883959004,0.02398332920008773,0.7111572312071781,1.1202368384973986,0.7429363612789134,0.0018398415071951453,3.0228141629502967,1.4255599959884895,0.004012917470539924,2.080255924013613,0.041203635926312474,-0.8856284202125955,0.4502228060306129,1.2024048096192386,3.6072144288577155,2.404809619238477,0.3666369425271792,0.024326253329065732,0.04466686918525967,1.1202368384973986,0.015681613367491045,4.160511848027229,2.3368657996387652E-4,0.014213091676318446,0.02491985778650019,0.010417433200630497,0.03501696429216259,5.01002004008016,1.7293852578009086,0.3117661533503365,3.017198285116123,Fietsen
0.1346698666213617,0.014026057952462836,3.307860038743181,0.01745755595223562,0.9978275319028185,0.8939726662317021,0.9999999999999999,0.9999134503131172,0.003943187639841824,0.002426977012737534,0.5482102979999605,0.006196464844467036,0.022881690039646203,7.447660600799116E-4,1.6018939290774743,0.14799117176466575,0.0013898333085912865,0.004476117029379225,7.387715486805012,0.44171411622352963,0.013044818065286762,0.7186453872746835,12.558379123818465,0.024228855782624487,0.6956768063146488,4.644228136075148,0.3027918521046303,0.8684048921621512,0.5603423553976439,3.953953953953954,0.3319749261407566,110,5.205205205205205,6.3479157533585475,1.3013013013013013,2.6026026026026026,1.1683893495908934E-4,0.9677760637507571,56,0.0035905957861049986,56,0.9677760637507571,0.021080091651887047,0.8373444709714536,1.9475679407346642,0.017152590099022574,0.2715721678972409,0.0032356532291692836,12.229970550957061,0.030911577363069705,1.148200378133336,0.6446691257929726,-0.03051506621456704,0.014184060075001212,0.00942736836931346,-0.3933276337955336,0.0,0.024191254655234508,0.0,1.0383043526785787,-0.004836930622956658,2.6026026026026026,0.001690231156960101,1.3013013013013013,-2.141222878917379,-1.9927574104114578,0.3330126734363141,-1.3868471703247232,0.7621383666666667,-0.2786128375143101,-0.22434461294473795,0.0020859184102988235,0.10385486567111638,0.34576236823174156,0.5420138331554935,0.10513754133587286,0.6080504848724725,8.654968688265007E-5,7.447660600799116E-4,0.025940673372878392,0.011189082561428832,0.0022532772046252115,0.7186453872746835,0.0015162106271042904,0.001037143704146247,6.450672485113749E-4,0.08212594200887578,0.006147994928342974,3.5752848193805917,0.5027173611128284,-0.03479772089974271,0.3437820251903443,3.307860038743181,0.13817664925264558,0.3027918521046303,0.19378894116719292,0.21226587269116692,0.13974839883469997,6.8011403765429E-5,0.004762240088712916,0.03307000772032662,0.04034906396183057,0.3549759600784622,0.02260601074329795,0.0022449781263141812,0.4761574456965424,0.2512580941446528,0.12115644344338118,0.020299197310599825,3.6938577434025026,1.6898672341043162,0.0015541879453143598,4.267407236658274,0.02424867117647028,-0.9655477096603842,3.5752848193805917,1.3013013013013013,3.953953953953954,2.6026026026026026,1.9475679407346642,0.10349966180524418,0.0423580674787076,0.8684048921621512,0.007899145193294708,8.534814473316557,0.0025741247491824,0.0011815391128162797,0.0191795402768969,0.0727786757113061,0.024918349995470802,0.0,1.6018939290774743,1.0383043526785787,3.498715898123085,Fietsen
0.18927969834600558,0.0776627730038379,0.6802814420784178,0.00556307276079769,0.9944262397537719,0.8333045933514842,1.0,0.9999500080447379,0.003727006560541514,0.0015533992877310968,0.39461492584987,0.010065369656829536,0.0011628890510004054,6.340096212007551E-4,0.248795150519956,0.8735369820753124,0.0010391074065850706,0.0015301559942216636,8.373556480764481,3.457909991989902,0.03671900741498647,1.0034436249097105,16.67412494911929,0.00276365122471829,5.960082101868024,7.336573917635797,0.2076629310606809,0.10701733990942475,0.7009776006098629,3.6253776435045317,0.004027202570092723,168,4.833836858006042,7.74591426543609,1.2084592145015105,2.416918429003021,8.111129155592685E-6,1.1063761810266672,95,0.03464265865417347,95,0.1095823056562663,0.01558278519697358,0.8422429183860842,0.5502151835454309,0.09018671096995105,3.0578737938574636,0.01221863503620105,13.331630712685195,7.196802525642059E-4,4.461644466867124,3.771027510055902,0.029209189572304926,0.22721087557885516,0.6074426600962732,0.5550453507738018,0.0,0.0068185000541793415,3.6253776435045317,1.3909103676206704,0.0013012165697971819,2.416918429003021,7.319712999969618E-4,1.2084592145015105,2.1249017866090076,1.6985208092033657,0.260701174767925,0.2031811239433693,0.8349602792727271,-1.688594493820465,0.09942791742469376,0.005523768290965995,0.16112164640228765,0.43868966750161426,0.3845495561930405,0.03675203755610194,4.461644466867124,4.999195526215717E-5,6.340096212007551E-4,0.005664443265997519,0.07607128626813328,0.006338363096288022,0.16015063145666822,0.0021736072728104168,5.142918811460263E-4,4.0509778538431535E-4,0.09060177622979945,0.007792730080159115,3.457909991989902,0.5994035049518932,0.04433031892110456,0.2298177898207968,3.771027510055902,0.005296104951606053,1.8139415060049398,1.1063761810266672,0.8735369820753124,0.12015395375093314,7.406805139497186E-6,0.18755956181658598,0.03474729710837183,0.06032820989956931,1.8139415060049398,0.014692559690541571,0.015864162245939666,1.3909103676206704,1.6467453510419743,1.0034436249097105,9.045790773259624E-4,4.186778240382243,1.9546620105871642,0.012661010744089903,8.014337260050791,0.011908704434997313,-0.4005974731609938,0.34311881586191045,1.2084592145015105,3.6253776435045317,2.416918429003021,5.960082101868024,0.004462120524796267,0.041541685938842436,1.6467453510419743,0.060109606810209194,16.028674520101596,0.0015290337155698928,0.014560824556734072,0.015603462314003518,0.0029570769407817714,0.007923567397033728,4.833836858006042,3.0578737938574636,0.6456953280277198,3.6528211971499185,Fietsen
0.058041377548241076,0.016680497621384315,0.2697821619985746,0.005867967924167792,0.9988277395969961,0.9620274815001784,1.0000000000000002,0.9996312164427984,4.7717612953537895E-4,1.0765278415619833E-4,0.7420337299150219,0.010640641028253694,0.0032285804413566066,1.891424632917392E-5,0.2513973199413552,0.15928614418415615,8.29167495027148E-5,0.0044936604979834436,5.765151679821274,3.26480364765998,0.09993939821653043,0.3912062670419132,8.275459961528947,0.01766770409867513,0.4153540597262479,1.9412774402573865,0.2924766782114103,0.19696430660487088,0.5652077621321536,3.493013972055888,0.006583271516522831,90,4.640718562874252,4.99363899578161,1.1477045908183632,2.345309381237525,1.8136890008587188E-5,0.7924856421469915,50,0.045784055066063284,50,0.17381348469651262,0.024327071596834067,0.8211497095580081,0.36122018999725763,0.030888718583353424,0.9077027846838907,0.002715670929538379,8.527387431989611,0.0029932831221623824,0.5101482000493264,1.1306275241480461,0.18838093642305948,0.4137997389347448,-0.03910977737464594,0.7161499587007659,0.0,0.02837778493981813,0.0,0.4595322374377779,-0.00307416275281523,2.2954091816367264,0.0035511243860301468,1.1477045908183632,0.304305366811641,0.5597750936595108,0.2624034054956348,0.23171518828563778,0.8700503394761906,0.11177791556322333,0.6805183399906297,8.034768458023146E-4,0.03680025809681773,0.21999375158515647,0.7313930888867682,0.09755712609638931,0.5101482000493264,3.6878355720168987E-4,1.891424632917392E-5,0.007556903160027719,0.012893879608833016,0.010163464898718316,0.15928614418415615,3.695233453791806E-4,2.473603465348354E-5,6.400250317354088E-5,0.026098071514599686,0.032697965831935884,3.26480364765998,0.5689811770834592,0.018331722451717783,0.415864892732877,1.1306275241480461,0.014755357242519782,0.3152218681148799,0.7924856421469915,0.151951920325606,0.14990702362004368,1.4782175945404434E-5,0.05288443519928936,0.045289518111884024,0.03393532484177856,0.3152218681148799,0.011469283348133368,0.023209417741454026,0.4595322374377779,0.8361456569682512,0.3912062670419132,0.005122776724691861,2.8825758399106336,1.4245354141675841,0.0034789277655709527,1.8091319364195813,0.04705312438301598,-1.0518619536690246,0.23792933843510317,1.1477045908183632,3.493013972055888,2.345309381237525,0.4153540597262479,0.011634498279337381,0.041210433301350706,0.8361456569682512,0.04397524829096528,3.6182638728391643,0.003969970031650648,0.011231705594302737,0.021638632516867318,0.010598507423471239,0.026026259739504447,0.0,0.9077027846838907,0.32425956060287914,2.9215697685984954,Fietsen
0.16817521673542618,0.061874054978260304,0.8749341155819795,0.03129215511938748,0.9918869320241872,0.8331660691289112,1.0,0.9976925630973204,0.006299378904213283,0.002522490798042605,0.43982786396819257,0.015802130207624943,0.0015996433509799701,3.533729285066122E-4,0.4344228040881959,0.589732384865051,8.233543541122251E-4,0.005657200638129831,7.466304892077927,3.0909787029758387,0.033891503542371984,0.6749803248875342,14.167149579500093,0.004211705856003863,2.9655919333394376,5.364919301573745,0.4038705033289013,0.2211745821526844,0.8985342660682906,3.5750251762336354,0.02244130764294052,137,4.783484390735146,7.0535544444791665,1.2084592145015105,2.416918429003021,4.223492916240552E-4,0.9450872106888318,87,0.035512525036246606,87,0.262268226978679,0.017919147658560723,0.8322849940194242,0.6907758736935486,0.08965069898423621,1.8041976109404567,0.012184510794168029,11.312063898866434,0.002997952614471058,2.5272407919889046,2.5135935935374114,0.017408684501534308,0.2413571756480483,-0.07627916393314571,-0.6771680819550179,0.0,-0.0619831483322513,3.5750251762336354,0.9374812589663784,1.9117768636022772E-4,2.416918429003021,-0.009680302118044756,1.2084592145015105,-1.4496522567058718,-1.6718124121716553,0.25564937422135753,-1.7430368193076686,0.8432040145454545,-1.4466808013206278,-0.8862004617226834,0.005805631073133194,0.15872086289527598,0.3933382051607186,0.4240257337605676,0.03742810408080347,2.5272407919889046,0.0023074369026796914,3.533729285066122E-4,0.04292981021569131,0.06388854916424182,0.00950275130341166,0.12371719458044474,0.0037768881061706777,0.00169913644393038,4.6998142560561294E-4,0.09095471990877525,0.008242209659882978,3.0909787029758387,0.5828028016296128,-3.539844868794169E-4,0.25909739626647615,2.5135935935374114,0.015632263194259838,1.017007611081329,0.9450872106888318,0.589732384865051,0.11902342356410685,2.575330342248638E-4,0.15969424823804151,0.03723677200614555,0.0634131929695584,1.017007611081329,0.014748351356424912,0.01582954462866168,0.9374812589663784,1.1181072076543337,0.6749803248875342,0.0029069990972823566,3.733152446038965,1.7673687755706629,0.011928953561724484,5.744810063691836,0.020780557365815935,-0.4334157729772459,0.7558318816999513,1.2084592145015105,3.5750251762336354,2.416918429003021,2.9655919333394376,0.010997555099641888,0.03887228964288779,1.1181072076543337,0.06366006771842013,11.489620127383677,0.0015027051683265665,0.014850605875910527,0.015458150577952514,0.0066874914671570355,0.008059949083535939,4.783484390735146,1.8041976109404567,0.4270610763119397,3.3650359676615262,Fietsen
0.1847050904001358,0.039500081499949095,2.526254583528571,0.02790372235116157,0.9907697607445592,0.8546936241804224,1.0000000000000002,0.9968799111388033,0.0035743686143643754,5.965277263834608E-4,0.4351821749720243,0.019252585183945174,0.004456950287874472,9.611134828514371E-5,1.4795504785368505,0.630185035963763,1.4582786678254465E-4,0.018642249462185262,7.871039279946266,1.9552216138425207,0.026134485023126593,0.6816013057484335,16.53035751023751,0.007130226942662583,4.095470940379376,6.526664091156132,0.8386311404595437,0.852142289746616,0.5718619837485382,3.7260825780463245,0.1465505145013086,150,4.984894259818731,7.765089297073546,1.2588116817724069,2.4672708962739174,3.48052086334009E-4,0.7993370628549283,93,0.02979400520945337,93,0.7993370628549283,0.02118295683948519,0.8146443630470656,2.7729640314500235,0.07534301013174283,2.39661632625212,0.013293062173914393,13.110878993428962,0.011336398785986246,2.814567710873683,1.93399613826869,-0.03979590470057097,0.11018128114890592,-1.1340907242000642,0.05106476164843257,0.0,0.08932422353267483,3.6253776435045317,1.3197203075106443,-0.002023333020616776,2.4672708962739174,0.011583988893196888,1.2588116817724069,0.7850924415462764,0.5646558288944278,0.2636945816745111,0.980243894584349,0.8175660218181817,1.1886471019244602,1.3662988131613079,0.006110150394244012,0.13607613656413683,0.419511449208398,0.41592958978807915,0.04989551542416914,2.814567710873683,0.0031200888611969428,9.611134828514371E-5,0.05106667836604128,0.05653137850940437,0.015678216569580797,0.5169321279455094,0.0029778408879809148,4.5069985960091615E-4,4.971651849740092E-5,0.10202475803390648,0.00971081939183579,2.529450874276859,0.5192829217700022,0.04787289776203543,0.2526916745493943,2.526254583528571,0.04638471059548548,0.9375966590967175,0.7528604284713569,0.630185035963763,0.1447532472368317,1.4542531375262677E-4,0.14166713091513422,0.039918847327352874,0.07456323410291925,0.9375966590967175,0.01712720400683201,0.012592556777045738,1.3197203075106443,1.2654734241725485,0.6816013057484335,0.010105092869360587,3.9355196399731347,1.961313055503251,0.011854819888359763,6.220310878909366,0.017210569133554947,-0.3668273424070567,2.529450874276859,1.2588116817724069,3.7260825780463245,2.4672708962739174,4.095470940379376,0.02837550527727543,0.03967730039008278,1.2654734241725485,0.063095211608262,12.440621757818718,0.0026524110180101324,0.013693742787269775,0.016533429791562214,0.02935978591652617,0.015084526377571222,4.984894259818731,2.39661632625212,1.1661341139476975,3.6224027220452264,Fietsen
